name,label,settlement_id,ward_code,lga_code,children_under5_last_round,consent_to_follow_up
BAN-000001,"BAN-000001  (S. Sule, structure 167)",S01139,W015,LGA01,2,yes
BAN-000002,"BAN-000002  (A. Gani, structure 31)",S02142,W033,LGA03,1,yes
BAN-000003,"BAN-000003  (S. Jibo, structure 68)",S02142,W033,LGA03,3,yes
BAN-000004,"BAN-000004  (Z. Pama, structure 42)",S02142,W033,LGA03,0,yes
BAN-000005,"BAN-000005  (H. Jibo, structure 234)",S02142,W033,LGA03,4,yes
BAN-000006,"BAN-000006  (M. Jibo, structure 76)",S00353,W004,LGA02,2,yes
BAN-000007,"BAN-000007  (S. Lami, structure 69)",S00958,W013,LGA02,2,no
BAN-000008,"BAN-000008  (M. Gani, structure 105)",S00958,W013,LGA02,3,yes
BAN-000009,"BAN-000009  (K. Nura, structure 29)",S01721,W026,LGA03,2,yes
BAN-000010,"BAN-000010  (A. Funo, structure 38)",S01721,W026,LGA03,1,yes
BAN-000011,"BAN-000011  (Y. Musa, structure 35)",S01721,W026,LGA03,1,yes
BAN-000012,"BAN-000012  (M. Oje, structure 207)",S01721,W026,LGA03,1,yes
BAN-000013,"BAN-000013  (S. Wada, structure 53)",S01721,W026,LGA03,3,yes
BAN-000014,"BAN-000014  (F. Ede, structure 126)",S01960,W030,LGA04,1,no
BAN-000015,"BAN-000015  (H. Bala, structure 108)",S00403,W005,LGA02,2,yes
BAN-000016,"BAN-000016  (F. Sule, structure 62)",S00337,W004,LGA02,1,yes
BAN-000017,"BAN-000017  (B. Ede, structure 150)",S00337,W004,LGA02,1,yes
BAN-000018,"BAN-000018  (F. Ede, structure 60)",S02310,W036,LGA04,2,yes
BAN-000019,"BAN-000019  (S. Sule, structure 33)",S00663,W008,LGA01,4,yes
BAN-000020,"BAN-000020  (Y. Bala, structure 8)",S00488,W006,LGA01,1,yes
BAN-000021,"BAN-000021  (U. Jibo, structure 80)",S00340,W004,LGA02,1,no
BAN-000022,"BAN-000022  (B. Ede, structure 20)",S00541,W007,LGA01,2,no
BAN-000023,"BAN-000023  (K. Umar, structure 252)",S00541,W007,LGA01,2,no
BAN-000024,"BAN-000024  (M. Yaro, structure 42)",S01110,W015,LGA01,0,no
BAN-000025,"BAN-000025  (S. Umar, structure 182)",S01110,W015,LGA01,2,yes
BAN-000026,"BAN-000026  (F. Zubi, structure 65)",S01110,W015,LGA01,2,yes
BAN-000027,"BAN-000027  (M. Lami, structure 146)",S00505,W006,LGA01,3,yes
BAN-000028,"BAN-000028  (Z. Zubi, structure 92)",S00505,W006,LGA01,4,yes
BAN-000029,"BAN-000029  (I. Dogo, structure 93)",S00505,W006,LGA01,4,yes
BAN-000030,"BAN-000030  (B. Wada, structure 154)",S00505,W006,LGA01,3,yes
BAN-000031,"BAN-000031  (I. Dogo, structure 32)",S00505,W006,LGA01,3,yes
BAN-000032,"BAN-000032  (S. Sule, structure 88)",S00505,W006,LGA01,3,yes
BAN-000033,"BAN-000033  (U. Umar, structure 23)",S01861,W029,LGA04,2,yes
BAN-000034,"BAN-000034  (F. Umar, structure 180)",S01861,W029,LGA04,1,no
BAN-000035,"BAN-000035  (H. Nura, structure 152)",S01861,W029,LGA04,4,no
BAN-000036,"BAN-000036  (U. Isa, structure 60)",S01861,W029,LGA04,4,yes
BAN-000037,"BAN-000037  (Z. Gani, structure 81)",S00987,W013,LGA02,2,yes
BAN-000038,"BAN-000038  (Y. Jibo, structure 156)",S00987,W013,LGA02,0,yes
BAN-000039,"BAN-000039  (U. Bala, structure 81)",S01013,W014,LGA01,2,yes
BAN-000040,"BAN-000040  (B. Kabo, structure 15)",S01630,W023,LGA03,2,yes
BAN-000041,"BAN-000041  (K. Ede, structure 239)",S00034,W001,LGA01,0,yes
BAN-000042,"BAN-000042  (F. Cham, structure 190)",S00034,W001,LGA01,3,yes
BAN-000043,"BAN-000043  (M. Rabi, structure 53)",S00034,W001,LGA01,3,no
BAN-000044,"BAN-000044  (K. Haru, structure 59)",S00034,W001,LGA01,3,yes
BAN-000045,"BAN-000045  (R. Lami, structure 1)",S01826,W028,LGA04,2,yes
BAN-000046,"BAN-000046  (I. Rabi, structure 42)",S01826,W028,LGA04,2,no
BAN-000047,"BAN-000047  (Z. Umar, structure 41)",S02130,W033,LGA03,3,yes
BAN-000048,"BAN-000048  (K. Musa, structure 67)",S02237,W035,LGA04,0,no
BAN-000049,"BAN-000049  (H. Jibo, structure 159)",S02237,W035,LGA04,1,yes
BAN-000050,"BAN-000050  (H. Kabo, structure 8)",S02237,W035,LGA04,0,yes
BAN-000051,"BAN-000051  (I. Umar, structure 256)",S02237,W035,LGA04,3,yes
BAN-000052,"BAN-000052  (A. Musa, structure 56)",S02237,W035,LGA04,4,yes
BAN-000053,"BAN-000053  (H. Abu, structure 179)",S01948,W030,LGA04,4,yes
BAN-000054,"BAN-000054  (M. Umar, structure 209)",S01948,W030,LGA04,4,yes
BAN-000055,"BAN-000055  (R. Gani, structure 10)",S01948,W030,LGA04,0,yes
BAN-000056,"BAN-000056  (A. Ede, structure 13)",S02163,W033,LGA03,3,no
BAN-000057,"BAN-000057  (U. Sule, structure 232)",S00415,W006,LGA01,3,yes
BAN-000058,"BAN-000058  (M. Ede, structure 153)",S00415,W006,LGA01,1,yes
BAN-000059,"BAN-000059  (U. Gani, structure 77)",S00901,W011,LGA02,2,no
BAN-000060,"BAN-000060  (A. Nura, structure 167)",S00901,W011,LGA02,2,yes
BAN-000061,"BAN-000061  (Z. Ede, structure 77)",S01476,W020,LGA01,0,yes
BAN-000062,"BAN-000062  (Y. Pama, structure 176)",S01894,W029,LGA04,4,yes
BAN-000063,"BAN-000063  (U. Umar, structure 17)",S01894,W029,LGA04,2,yes
BAN-000064,"BAN-000064  (A. Pama, structure 53)",S01894,W029,LGA04,3,yes
BAN-000065,"BAN-000065  (F. Pama, structure 179)",S01377,W019,LGA04,0,yes
BAN-000066,"BAN-000066  (Y. Kabo, structure 42)",S01377,W019,LGA04,4,yes
BAN-000067,"BAN-000067  (U. Wada, structure 134)",S01377,W019,LGA04,3,yes
BAN-000068,"BAN-000068  (F. Cham, structure 247)",S01680,W025,LGA04,0,yes
BAN-000069,"BAN-000069  (R. Zubi, structure 175)",S01680,W025,LGA04,0,yes
BAN-000070,"BAN-000070  (Z. Cham, structure 236)",S01492,W020,LGA01,1,yes
BAN-000071,"BAN-000071  (F. Umar, structure 153)",S01492,W020,LGA01,3,yes
BAN-000072,"BAN-000072  (I. Jibo, structure 18)",S02320,W037,LGA03,2,yes
BAN-000073,"BAN-000073  (R. Sule, structure 22)",S02320,W037,LGA03,2,yes
BAN-000074,"BAN-000074  (B. Gani, structure 233)",S02320,W037,LGA03,0,yes
BAN-000075,"BAN-000075  (B. Wada, structure 140)",S02320,W037,LGA03,1,yes
BAN-000076,"BAN-000076  (B. Isa, structure 52)",S01639,W024,LGA04,4,yes
BAN-000077,"BAN-000077  (Y. Dogo, structure 255)",S01639,W024,LGA04,4,yes
BAN-000078,"BAN-000078  (R. Yaro, structure 101)",S01699,W025,LGA04,3,yes
BAN-000079,"BAN-000079  (Y. Abu, structure 90)",S00749,W008,LGA01,3,yes
BAN-000080,"BAN-000080  (I. Dogo, structure 181)",S00814,W009,LGA02,1,yes
BAN-000081,"BAN-000081  (B. Haru, structure 62)",S00814,W009,LGA02,4,yes
BAN-000082,"BAN-000082  (S. Pama, structure 119)",S00814,W009,LGA02,0,yes
BAN-000083,"BAN-000083  (B. Oje, structure 29)",S02385,W038,LGA03,0,no
BAN-000084,"BAN-000084  (R. Haru, structure 143)",S02199,W034,LGA03,1,yes
BAN-000085,"BAN-000085  (B. Haru, structure 125)",S02303,W036,LGA04,4,yes
BAN-000086,"BAN-000086  (I. Ede, structure 232)",S01738,W026,LGA03,1,yes
BAN-000087,"BAN-000087  (S. Nura, structure 255)",S00661,W008,LGA01,0,yes
BAN-000088,"BAN-000088  (R. Umar, structure 82)",S01242,W016,LGA02,0,yes
BAN-000089,"BAN-000089  (S. Kabo, structure 53)",S01363,W018,LGA02,3,yes
BAN-000090,"BAN-000090  (K. Cham, structure 212)",S01363,W018,LGA02,0,yes
BAN-000091,"BAN-000091  (H. Abu, structure 58)",S01363,W018,LGA02,2,yes
BAN-000092,"BAN-000092  (Y. Tanko, structure 177)",S01363,W018,LGA02,0,yes
BAN-000093,"BAN-000093  (K. Gani, structure 163)",S01035,W014,LGA01,2,yes
BAN-000094,"BAN-000094  (I. Kabo, structure 42)",S01035,W014,LGA01,3,yes
BAN-000095,"BAN-000095  (H. Lami, structure 232)",S01035,W014,LGA01,3,yes
BAN-000096,"BAN-000096  (A. Wada, structure 82)",S01035,W014,LGA01,4,yes
BAN-000097,"BAN-000097  (K. Kabo, structure 164)",S01035,W014,LGA01,3,yes
BAN-000098,"BAN-000098  (R. Rabi, structure 217)",S00687,W008,LGA01,3,yes
BAN-000099,"BAN-000099  (U. Kabo, structure 169)",S00789,W009,LGA02,2,yes
BAN-000100,"BAN-000100  (Y. Haru, structure 76)",S00789,W009,LGA02,1,yes
BAN-000101,"BAN-000101  (I. Rabi, structure 159)",S00789,W009,LGA02,2,yes
BAN-000102,"BAN-000102  (U. Gani, structure 252)",S00789,W009,LGA02,4,yes
BAN-000103,"BAN-000103  (F. Tanko, structure 157)",S01475,W020,LGA01,4,yes
BAN-000104,"BAN-000104  (B. Funo, structure 256)",S00250,W003,LGA01,2,yes
BAN-000105,"BAN-000105  (K. Zubi, structure 83)",S00250,W003,LGA01,0,yes
BAN-000106,"BAN-000106  (S. Musa, structure 59)",S00250,W003,LGA01,3,yes
BAN-000107,"BAN-000107  (Z. Ede, structure 138)",S01881,W029,LGA04,0,yes
BAN-000108,"BAN-000108  (M. Tanko, structure 238)",S01376,W019,LGA04,1,yes
BAN-000109,"BAN-000109  (K. Musa, structure 180)",S01783,W027,LGA03,3,yes
BAN-000110,"BAN-000110  (R. Cham, structure 186)",S01783,W027,LGA03,0,yes
BAN-000111,"BAN-000111  (R. Zubi, structure 242)",S01783,W027,LGA03,2,yes
BAN-000112,"BAN-000112  (M. Oje, structure 84)",S01783,W027,LGA03,4,yes
BAN-000113,"BAN-000113  (F. Tanko, structure 186)",S00709,W008,LGA01,2,yes
BAN-000114,"BAN-000114  (R. Funo, structure 247)",S02227,W035,LGA04,3,yes
BAN-000115,"BAN-000115  (R. Isa, structure 57)",S02227,W035,LGA04,3,yes
BAN-000116,"BAN-000116  (Y. Bala, structure 159)",S00296,W003,LGA01,3,yes
BAN-000117,"BAN-000117  (M. Rabi, structure 226)",S00296,W003,LGA01,0,yes
BAN-000118,"BAN-000118  (M. Haru, structure 187)",S00296,W003,LGA01,4,yes
BAN-000119,"BAN-000119  (S. Dogo, structure 74)",S00296,W003,LGA01,0,yes
BAN-000120,"BAN-000120  (K. Sule, structure 218)",S00296,W003,LGA01,4,yes
BAN-000121,"BAN-000121  (R. Nura, structure 36)",S01514,W021,LGA02,3,yes
BAN-000122,"BAN-000122  (F. Lami, structure 178)",S01514,W021,LGA02,4,yes
BAN-000123,"BAN-000123  (Y. Haru, structure 33)",S01602,W023,LGA03,2,yes
BAN-000124,"BAN-000124  (K. Pama, structure 94)",S02272,W035,LGA04,3,no
BAN-000125,"BAN-000125  (B. Kabo, structure 128)",S02272,W035,LGA04,2,no
BAN-000126,"BAN-000126  (K. Kabo, structure 97)",S02272,W035,LGA04,0,yes
BAN-000127,"BAN-000127  (Y. Gani, structure 110)",S02272,W035,LGA04,0,yes
BAN-000128,"BAN-000128  (B. Funo, structure 176)",S02272,W035,LGA04,3,yes
BAN-000129,"BAN-000129  (H. Umar, structure 153)",S02272,W035,LGA04,0,yes
BAN-000130,"BAN-000130  (M. Ede, structure 12)",S00409,W006,LGA01,1,yes
BAN-000131,"BAN-000131  (F. Cham, structure 58)",S00409,W006,LGA01,1,yes
BAN-000132,"BAN-000132  (S. Sule, structure 30)",S00452,W006,LGA01,3,yes
BAN-000133,"BAN-000133  (B. Nura, structure 43)",S00452,W006,LGA01,4,yes
BAN-000134,"BAN-000134  (U. Nura, structure 186)",S00452,W006,LGA01,1,no
BAN-000135,"BAN-000135  (S. Kabo, structure 205)",S00452,W006,LGA01,3,yes
BAN-000136,"BAN-000136  (S. Zubi, structure 66)",S00179,W002,LGA01,1,yes
BAN-000137,"BAN-000137  (R. Jibo, structure 142)",S00179,W002,LGA01,2,yes
BAN-000138,"BAN-000138  (K. Umar, structure 37)",S00179,W002,LGA01,3,yes
BAN-000139,"BAN-000139  (M. Rabi, structure 151)",S01599,W023,LGA03,2,yes
BAN-000140,"BAN-000140  (H. Haru, structure 69)",S01599,W023,LGA03,4,yes
BAN-000141,"BAN-000141  (U. Wada, structure 107)",S01548,W021,LGA02,3,yes
BAN-000142,"BAN-000142  (B. Isa, structure 256)",S01548,W021,LGA02,0,yes
BAN-000143,"BAN-000143  (H. Nura, structure 93)",S01731,W026,LGA03,2,yes
BAN-000144,"BAN-000144  (M. Abu, structure 254)",S01483,W020,LGA01,2,yes
BAN-000145,"BAN-000145  (Z. Haru, structure 217)",S01483,W020,LGA01,3,yes
BAN-000146,"BAN-000146  (Y. Oje, structure 118)",S01483,W020,LGA01,4,yes
BAN-000147,"BAN-000147  (H. Cham, structure 9)",S01483,W020,LGA01,3,yes
BAN-000148,"BAN-000148  (Z. Wada, structure 258)",S02062,W032,LGA04,1,yes
BAN-000149,"BAN-000149  (F. Haru, structure 166)",S02062,W032,LGA04,4,yes
BAN-000150,"BAN-000150  (I. Musa, structure 150)",S02062,W032,LGA04,1,yes
BAN-000151,"BAN-000151  (K. Jibo, structure 154)",S02139,W033,LGA03,2,yes
BAN-000152,"BAN-000152  (U. Bala, structure 202)",S02139,W033,LGA03,0,no
BAN-000153,"BAN-000153  (I. Zubi, structure 103)",S00735,W008,LGA01,4,yes
BAN-000154,"BAN-000154  (A. Haru, structure 70)",S01456,W020,LGA01,1,yes
BAN-000155,"BAN-000155  (H. Dogo, structure 70)",S01456,W020,LGA01,3,yes
BAN-000156,"BAN-000156  (U. Rabi, structure 109)",S01713,W026,LGA03,4,yes
BAN-000157,"BAN-000157  (Z. Haru, structure 178)",S01713,W026,LGA03,2,yes
BAN-000158,"BAN-000158  (K. Abu, structure 126)",S01717,W026,LGA03,2,yes
BAN-000159,"BAN-000159  (I. Isa, structure 147)",S01717,W026,LGA03,3,yes
BAN-000160,"BAN-000160  (H. Ede, structure 16)",S01145,W015,LGA01,0,yes
BAN-000161,"BAN-000161  (B. Kabo, structure 32)",S01145,W015,LGA01,4,yes
BAN-000162,"BAN-000162  (A. Cham, structure 26)",S01145,W015,LGA01,0,yes
BAN-000163,"BAN-000163  (Z. Bala, structure 123)",S01145,W015,LGA01,2,yes
BAN-000164,"BAN-000164  (Y. Yaro, structure 216)",S01145,W015,LGA01,3,no
BAN-000165,"BAN-000165  (B. Rabi, structure 161)",S00690,W008,LGA01,2,yes
BAN-000166,"BAN-000166  (U. Pama, structure 109)",S01715,W026,LGA03,1,yes
BAN-000167,"BAN-000167  (K. Sule, structure 128)",S01715,W026,LGA03,1,yes
BAN-000168,"BAN-000168  (A. Jibo, structure 243)",S01715,W026,LGA03,2,yes
BAN-000169,"BAN-000169  (H. Yaro, structure 96)",S01939,W030,LGA04,0,yes
BAN-000170,"BAN-000170  (S. Wada, structure 81)",S01939,W030,LGA04,1,yes
BAN-000171,"BAN-000171  (B. Bala, structure 93)",S01550,W021,LGA02,3,yes
BAN-000172,"BAN-000172  (M. Funo, structure 112)",S01550,W021,LGA02,2,yes
BAN-000173,"BAN-000173  (S. Sule, structure 111)",S01550,W021,LGA02,4,yes
BAN-000174,"BAN-000174  (U. Yaro, structure 19)",S01550,W021,LGA02,0,yes
BAN-000175,"BAN-000175  (M. Musa, structure 205)",S01901,W029,LGA04,2,yes
BAN-000176,"BAN-000176  (M. Isa, structure 60)",S01901,W029,LGA04,2,yes
BAN-000177,"BAN-000177  (B. Jibo, structure 171)",S01901,W029,LGA04,4,yes
BAN-000178,"BAN-000178  (I. Cham, structure 200)",S01996,W031,LGA03,0,no
BAN-000179,"BAN-000179  (M. Jibo, structure 15)",S01440,W020,LGA01,2,yes
BAN-000180,"BAN-000180  (M. Tanko, structure 63)",S01440,W020,LGA01,3,yes
BAN-000181,"BAN-000181  (F. Oje, structure 256)",S01440,W020,LGA01,4,yes
BAN-000182,"BAN-000182  (S. Kabo, structure 183)",S01440,W020,LGA01,1,yes
BAN-000183,"BAN-000183  (H. Nura, structure 47)",S01440,W020,LGA01,0,no
BAN-000184,"BAN-000184  (H. Zubi, structure 16)",S00702,W008,LGA01,2,yes
BAN-000185,"BAN-000185  (A. Funo, structure 144)",S00702,W008,LGA01,0,yes
BAN-000186,"BAN-000186  (A. Tanko, structure 96)",S02078,W032,LGA04,0,yes
BAN-000187,"BAN-000187  (Z. Isa, structure 202)",S02078,W032,LGA04,1,yes
BAN-000188,"BAN-000188  (S. Jibo, structure 26)",S02078,W032,LGA04,2,yes
BAN-000189,"BAN-000189  (K. Haru, structure 171)",S00583,W007,LGA01,2,yes
BAN-000190,"BAN-000190  (Z. Tanko, structure 197)",S00583,W007,LGA01,0,yes
BAN-000191,"BAN-000191  (H. Isa, structure 226)",S00583,W007,LGA01,0,yes
BAN-000192,"BAN-000192  (F. Pama, structure 157)",S00583,W007,LGA01,3,yes
BAN-000193,"BAN-000193  (B. Haru, structure 240)",S01070,W014,LGA01,4,yes
BAN-000194,"BAN-000194  (R. Umar, structure 94)",S01070,W014,LGA01,2,no
BAN-000195,"BAN-000195  (K. Abu, structure 107)",S01070,W014,LGA01,4,yes
BAN-000196,"BAN-000196  (S. Jibo, structure 237)",S01070,W014,LGA01,1,yes
BAN-000197,"BAN-000197  (K. Isa, structure 30)",S01070,W014,LGA01,3,yes
BAN-000198,"BAN-000198  (R. Abu, structure 215)",S01844,W029,LGA04,4,yes
BAN-000199,"BAN-000199  (B. Bala, structure 64)",S01844,W029,LGA04,1,yes
BAN-000200,"BAN-000200  (Z. Oje, structure 66)",S01844,W029,LGA04,2,yes
BAN-000201,"BAN-000201  (M. Nura, structure 108)",S00893,W011,LGA02,1,yes
BAN-000202,"BAN-000202  (B. Funo, structure 127)",S00893,W011,LGA02,0,yes
BAN-000203,"BAN-000203  (Z. Yaro, structure 241)",S01051,W014,LGA01,4,yes
BAN-000204,"BAN-000204  (A. Dogo, structure 65)",S01051,W014,LGA01,3,yes
BAN-000205,"BAN-000205  (M. Yaro, structure 253)",S01051,W014,LGA01,0,yes
BAN-000206,"BAN-000206  (U. Musa, structure 194)",S01037,W014,LGA01,1,yes
BAN-000207,"BAN-000207  (H. Nura, structure 249)",S01037,W014,LGA01,1,yes
BAN-000208,"BAN-000208  (S. Zubi, structure 193)",S01974,W030,LGA04,0,yes
BAN-000209,"BAN-000209  (R. Ede, structure 218)",S01974,W030,LGA04,1,yes
BAN-000210,"BAN-000210  (U. Oje, structure 99)",S01974,W030,LGA04,2,no
BAN-000211,"BAN-000211  (I. Tanko, structure 83)",S00202,W002,LGA01,0,yes
BAN-000212,"BAN-000212  (Z. Umar, structure 130)",S00524,W006,LGA01,2,yes
BAN-000213,"BAN-000213  (S. Gani, structure 106)",S00524,W006,LGA01,1,yes
BAN-000214,"BAN-000214  (I. Dogo, structure 136)",S00712,W008,LGA01,4,yes
BAN-000215,"BAN-000215  (I. Yaro, structure 110)",S00712,W008,LGA01,2,yes
BAN-000216,"BAN-000216  (M. Zubi, structure 32)",S00712,W008,LGA01,1,yes
BAN-000217,"BAN-000217  (M. Dogo, structure 78)",S00712,W008,LGA01,2,yes
BAN-000218,"BAN-000218  (I. Sule, structure 223)",S02376,W038,LGA03,0,yes
BAN-000219,"BAN-000219  (U. Oje, structure 55)",S01956,W030,LGA04,1,yes
BAN-000220,"BAN-000220  (H. Dogo, structure 250)",S01956,W030,LGA04,2,yes
BAN-000221,"BAN-000221  (Y. Lami, structure 60)",S01278,W017,LGA03,4,yes
BAN-000222,"BAN-000222  (U. Oje, structure 138)",S01278,W017,LGA03,3,yes
BAN-000223,"BAN-000223  (R. Abu, structure 130)",S01278,W017,LGA03,3,yes
BAN-000224,"BAN-000224  (Z. Abu, structure 179)",S01278,W017,LGA03,4,yes
BAN-000225,"BAN-000225  (A. Musa, structure 56)",S02141,W033,LGA03,1,yes
BAN-000226,"BAN-000226  (F. Ede, structure 167)",S02141,W033,LGA03,4,yes
BAN-000227,"BAN-000227  (I. Funo, structure 161)",S01814,W028,LGA04,3,yes
BAN-000228,"BAN-000228  (I. Cham, structure 185)",S01814,W028,LGA04,4,yes
BAN-000229,"BAN-000229  (B. Musa, structure 56)",S01147,W015,LGA01,2,yes
BAN-000230,"BAN-000230  (S. Umar, structure 224)",S01147,W015,LGA01,4,yes
BAN-000231,"BAN-000231  (H. Gani, structure 102)",S01147,W015,LGA01,4,yes
BAN-000232,"BAN-000232  (F. Lami, structure 2)",S01147,W015,LGA01,1,yes
BAN-000233,"BAN-000233  (M. Tanko, structure 199)",S02368,W038,LGA03,2,yes
BAN-000234,"BAN-000234  (M. Musa, structure 155)",S02368,W038,LGA03,0,yes
BAN-000235,"BAN-000235  (I. Bala, structure 248)",S00656,W007,LGA01,4,yes
BAN-000236,"BAN-000236  (H. Kabo, structure 163)",S00656,W007,LGA01,2,yes
BAN-000237,"BAN-000237  (M. Gani, structure 99)",S00656,W007,LGA01,3,yes
BAN-000238,"BAN-000238  (Y. Dogo, structure 84)",S00656,W007,LGA01,1,yes
BAN-000239,"BAN-000239  (Y. Musa, structure 157)",S00111,W001,LGA01,0,yes
BAN-000240,"BAN-000240  (B. Rabi, structure 234)",S01771,W027,LGA03,1,yes
BAN-000241,"BAN-000241  (I. Oje, structure 80)",S02171,W034,LGA03,4,yes
BAN-000242,"BAN-000242  (R. Funo, structure 101)",S02171,W034,LGA03,2,yes
BAN-000243,"BAN-000243  (F. Ede, structure 16)",S01790,W027,LGA03,4,yes
BAN-000244,"BAN-000244  (S. Funo, structure 89)",S01790,W027,LGA03,0,yes
BAN-000245,"BAN-000245  (A. Funo, structure 194)",S01790,W027,LGA03,0,no
BAN-000246,"BAN-000246  (S. Zubi, structure 73)",S01790,W027,LGA03,4,yes
BAN-000247,"BAN-000247  (I. Funo, structure 216)",S01790,W027,LGA03,3,yes
BAN-000248,"BAN-000248  (K. Gani, structure 123)",S01790,W027,LGA03,1,yes
BAN-000249,"BAN-000249  (S. Pama, structure 27)",S01790,W027,LGA03,1,yes
BAN-000250,"BAN-000250  (K. Lami, structure 97)",S01790,W027,LGA03,1,yes
BAN-000251,"BAN-000251  (I. Oje, structure 259)",S01065,W014,LGA01,4,yes
BAN-000252,"BAN-000252  (S. Oje, structure 257)",S01855,W029,LGA04,1,yes
BAN-000253,"BAN-000253  (A. Musa, structure 215)",S00774,W008,LGA01,3,yes
BAN-000254,"BAN-000254  (I. Lami, structure 256)",S00774,W008,LGA01,2,yes
BAN-000255,"BAN-000255  (A. Haru, structure 23)",S00072,W001,LGA01,3,yes
BAN-000256,"BAN-000256  (F. Haru, structure 64)",S00072,W001,LGA01,1,yes
BAN-000257,"BAN-000257  (M. Zubi, structure 121)",S00072,W001,LGA01,3,yes
BAN-000258,"BAN-000258  (U. Jibo, structure 10)",S02430,W039,LGA04,2,yes
BAN-000259,"BAN-000259  (K. Gani, structure 130)",S02430,W039,LGA04,4,yes
BAN-000260,"BAN-000260  (S. Yaro, structure 53)",S02430,W039,LGA04,0,yes
BAN-000261,"BAN-000261  (Y. Lami, structure 19)",S00923,W011,LGA02,3,yes
BAN-000262,"BAN-000262  (H. Ede, structure 140)",S00490,W006,LGA01,0,yes
BAN-000263,"BAN-000263  (S. Pama, structure 168)",S00490,W006,LGA01,3,yes
BAN-000264,"BAN-000264  (I. Yaro, structure 107)",S00141,W002,LGA01,4,yes
BAN-000265,"BAN-000265  (R. Isa, structure 76)",S00141,W002,LGA01,0,yes
BAN-000266,"BAN-000266  (S. Nura, structure 12)",S00766,W008,LGA01,2,yes
BAN-000267,"BAN-000267  (I. Funo, structure 259)",S00766,W008,LGA01,2,yes
BAN-000268,"BAN-000268  (Z. Sule, structure 197)",S02412,W038,LGA03,0,yes
BAN-000269,"BAN-000269  (S. Kabo, structure 184)",S02412,W038,LGA03,3,yes
BAN-000270,"BAN-000270  (Z. Nura, structure 247)",S02068,W032,LGA04,2,yes
BAN-000271,"BAN-000271  (S. Umar, structure 216)",S02068,W032,LGA04,1,yes
BAN-000272,"BAN-000272  (S. Tanko, structure 171)",S02068,W032,LGA04,0,yes
BAN-000273,"BAN-000273  (Y. Zubi, structure 213)",S00453,W006,LGA01,4,yes
BAN-000274,"BAN-000274  (I. Haru, structure 140)",S00453,W006,LGA01,3,yes
BAN-000275,"BAN-000275  (U. Funo, structure 133)",S00453,W006,LGA01,4,yes
BAN-000276,"BAN-000276  (I. Ede, structure 190)",S02113,W033,LGA03,0,yes
BAN-000277,"BAN-000277  (Z. Haru, structure 203)",S02113,W033,LGA03,0,yes
BAN-000278,"BAN-000278  (B. Rabi, structure 114)",S02113,W033,LGA03,4,no
BAN-000279,"BAN-000279  (A. Umar, structure 240)",S01586,W022,LGA03,3,yes
BAN-000280,"BAN-000280  (R. Musa, structure 91)",S01586,W022,LGA03,1,yes
BAN-000281,"BAN-000281  (H. Lami, structure 167)",S00158,W002,LGA01,1,yes
BAN-000282,"BAN-000282  (K. Funo, structure 115)",S00158,W002,LGA01,2,yes
BAN-000283,"BAN-000283  (B. Nura, structure 130)",S00073,W001,LGA01,1,no
BAN-000284,"BAN-000284  (Y. Abu, structure 223)",S00073,W001,LGA01,3,yes
BAN-000285,"BAN-000285  (A. Gani, structure 31)",S01666,W024,LGA04,0,yes
BAN-000286,"BAN-000286  (I. Oje, structure 196)",S00347,W004,LGA02,2,yes
BAN-000287,"BAN-000287  (I. Rabi, structure 205)",S00319,W003,LGA01,4,yes
BAN-000288,"BAN-000288  (A. Oje, structure 206)",S00319,W003,LGA01,0,no
BAN-000289,"BAN-000289  (A. Funo, structure 107)",S00319,W003,LGA01,0,yes
BAN-000290,"BAN-000290  (H. Wada, structure 158)",S00319,W003,LGA01,2,yes
BAN-000291,"BAN-000291  (F. Nura, structure 55)",S00319,W003,LGA01,0,yes
BAN-000292,"BAN-000292  (U. Musa, structure 116)",S00834,W010,LGA02,3,yes
BAN-000293,"BAN-000293  (B. Yaro, structure 10)",S00834,W010,LGA02,3,yes
BAN-000294,"BAN-000294  (U. Oje, structure 12)",S02501,W040,LGA04,3,yes
BAN-000295,"BAN-000295  (Z. Yaro, structure 174)",S02501,W040,LGA04,0,yes
BAN-000296,"BAN-000296  (M. Ede, structure 17)",S02501,W040,LGA04,4,yes
BAN-000297,"BAN-000297  (K. Ede, structure 64)",S01354,W018,LGA02,0,yes
BAN-000298,"BAN-000298  (S. Dogo, structure 36)",S01354,W018,LGA02,2,yes
BAN-000299,"BAN-000299  (Y. Kabo, structure 61)",S01354,W018,LGA02,3,yes
BAN-000300,"BAN-000300  (U. Bala, structure 80)",S01354,W018,LGA02,1,yes
BAN-000301,"BAN-000301  (A. Bala, structure 214)",S01843,W028,LGA04,0,yes
BAN-000302,"BAN-000302  (K. Abu, structure 185)",S01843,W028,LGA04,1,yes
BAN-000303,"BAN-000303  (I. Rabi, structure 55)",S01843,W028,LGA04,4,yes
BAN-000304,"BAN-000304  (F. Tanko, structure 87)",S00343,W004,LGA02,0,yes
BAN-000305,"BAN-000305  (F. Dogo, structure 86)",S02504,W040,LGA04,4,no
BAN-000306,"BAN-000306  (K. Isa, structure 130)",S01498,W020,LGA01,0,yes
BAN-000307,"BAN-000307  (U. Umar, structure 53)",S01027,W014,LGA01,1,yes
BAN-000308,"BAN-000308  (F. Dogo, structure 137)",S01027,W014,LGA01,0,yes
BAN-000309,"BAN-000309  (Y. Wada, structure 158)",S00817,W009,LGA02,3,yes
BAN-000310,"BAN-000310  (M. Kabo, structure 91)",S00817,W009,LGA02,0,yes
BAN-000311,"BAN-000311  (H. Tanko, structure 123)",S00817,W009,LGA02,4,yes
BAN-000312,"BAN-000312  (S. Abu, structure 143)",S00441,W006,LGA01,4,yes
BAN-000313,"BAN-000313  (Z. Umar, structure 38)",S00447,W006,LGA01,3,yes
BAN-000314,"BAN-000314  (S. Oje, structure 47)",S00941,W012,LGA02,4,no
BAN-000315,"BAN-000315  (I. Bala, structure 255)",S00941,W012,LGA02,0,yes
BAN-000316,"BAN-000316  (Z. Funo, structure 41)",S00941,W012,LGA02,0,yes
BAN-000317,"BAN-000317  (U. Dogo, structure 239)",S00941,W012,LGA02,0,yes
BAN-000318,"BAN-000318  (I. Yaro, structure 141)",S00941,W012,LGA02,4,yes
BAN-000319,"BAN-000319  (Z. Sule, structure 67)",S01792,W028,LGA04,0,yes
BAN-000320,"BAN-000320  (U. Oje, structure 16)",S01792,W028,LGA04,4,yes
BAN-000321,"BAN-000321  (K. Musa, structure 80)",S01140,W015,LGA01,1,yes
BAN-000322,"BAN-000322  (K. Umar, structure 178)",S01140,W015,LGA01,4,yes
BAN-000323,"BAN-000323  (A. Musa, structure 258)",S01140,W015,LGA01,3,yes
BAN-000324,"BAN-000324  (B. Umar, structure 162)",S01140,W015,LGA01,3,yes
BAN-000325,"BAN-000325  (M. Pama, structure 50)",S01612,W023,LGA03,2,yes
BAN-000326,"BAN-000326  (U. Dogo, structure 105)",S01612,W023,LGA03,1,yes
BAN-000327,"BAN-000327  (Z. Cham, structure 87)",S00821,W009,LGA02,3,yes
BAN-000328,"BAN-000328  (M. Wada, structure 218)",S02505,W040,LGA04,3,yes
BAN-000329,"BAN-000329  (A. Yaro, structure 165)",S01287,W017,LGA03,4,yes
BAN-000330,"BAN-000330  (Z. Wada, structure 93)",S01287,W017,LGA03,4,no
BAN-000331,"BAN-000331  (B. Gani, structure 57)",S01287,W017,LGA03,4,yes
BAN-000332,"BAN-000332  (M. Haru, structure 77)",S01287,W017,LGA03,2,yes
BAN-000333,"BAN-000333  (Y. Yaro, structure 52)",S02209,W034,LGA03,0,yes
BAN-000334,"BAN-000334  (K. Tanko, structure 76)",S00907,W011,LGA02,4,yes
BAN-000335,"BAN-000335  (F. Kabo, structure 47)",S00907,W011,LGA02,2,yes
BAN-000336,"BAN-000336  (K. Oje, structure 237)",S00732,W008,LGA01,1,yes
BAN-000337,"BAN-000337  (K. Rabi, structure 37)",S00732,W008,LGA01,3,yes
BAN-000338,"BAN-000338  (F. Isa, structure 79)",S00732,W008,LGA01,2,yes
BAN-000339,"BAN-000339  (K. Umar, structure 118)",S00669,W008,LGA01,2,yes
BAN-000340,"BAN-000340  (A. Zubi, structure 53)",S00669,W008,LGA01,4,yes
BAN-000341,"BAN-000341  (S. Dogo, structure 240)",S00669,W008,LGA01,1,yes
BAN-000342,"BAN-000342  (Z. Rabi, structure 140)",S02151,W033,LGA03,3,yes
BAN-000343,"BAN-000343  (R. Jibo, structure 38)",S02346,W037,LGA03,0,yes
BAN-000344,"BAN-000344  (M. Zubi, structure 141)",S02346,W037,LGA03,2,yes
BAN-000345,"BAN-000345  (H. Abu, structure 41)",S01570,W022,LGA03,0,yes
BAN-000346,"BAN-000346  (K. Isa, structure 244)",S01570,W022,LGA03,2,yes
BAN-000347,"BAN-000347  (S. Isa, structure 95)",S01570,W022,LGA03,2,yes
BAN-000348,"BAN-000348  (A. Lami, structure 45)",S01570,W022,LGA03,4,yes
BAN-000349,"BAN-000349  (B. Cham, structure 239)",S00384,W005,LGA02,1,yes
BAN-000350,"BAN-000350  (M. Haru, structure 255)",S00384,W005,LGA02,4,yes
BAN-000351,"BAN-000351  (K. Zubi, structure 209)",S00384,W005,LGA02,3,yes
BAN-000352,"BAN-000352  (R. Funo, structure 5)",S00806,W009,LGA02,0,no
BAN-000353,"BAN-000353  (A. Dogo, structure 250)",S02065,W032,LGA04,2,yes
BAN-000354,"BAN-000354  (S. Funo, structure 117)",S01404,W019,LGA04,3,yes
BAN-000355,"BAN-000355  (H. Rabi, structure 42)",S01404,W019,LGA04,3,yes
BAN-000356,"BAN-000356  (I. Zubi, structure 136)",S01127,W015,LGA01,4,yes
BAN-000357,"BAN-000357  (H. Nura, structure 136)",S01127,W015,LGA01,1,yes
BAN-000358,"BAN-000358  (Y. Ede, structure 126)",S01487,W020,LGA01,1,yes
BAN-000359,"BAN-000359  (U. Ede, structure 115)",S01737,W026,LGA03,4,yes
BAN-000360,"BAN-000360  (H. Wada, structure 219)",S01737,W026,LGA03,0,no
BAN-000361,"BAN-000361  (A. Dogo, structure 65)",S01737,W026,LGA03,3,yes
BAN-000362,"BAN-000362  (F. Umar, structure 66)",S00857,W010,LGA02,2,yes
BAN-000363,"BAN-000363  (K. Pama, structure 185)",S00857,W010,LGA02,4,yes
BAN-000364,"BAN-000364  (S. Lami, structure 216)",S00425,W006,LGA01,1,no
BAN-000365,"BAN-000365  (F. Pama, structure 41)",S00425,W006,LGA01,1,yes
BAN-000366,"BAN-000366  (Y. Isa, structure 124)",S00425,W006,LGA01,3,yes
BAN-000367,"BAN-000367  (F. Kabo, structure 43)",S02366,W038,LGA03,0,yes
BAN-000368,"BAN-000368  (K. Dogo, structure 228)",S02366,W038,LGA03,2,yes
BAN-000369,"BAN-000369  (Y. Abu, structure 185)",S02366,W038,LGA03,3,no
BAN-000370,"BAN-000370  (R. Ede, structure 122)",S02366,W038,LGA03,2,yes
BAN-000371,"BAN-000371  (K. Gani, structure 56)",S02366,W038,LGA03,3,yes
BAN-000372,"BAN-000372  (H. Musa, structure 17)",S01916,W029,LGA04,4,yes
BAN-000373,"BAN-000373  (F. Umar, structure 220)",S02187,W034,LGA03,3,yes
BAN-000374,"BAN-000374  (K. Zubi, structure 95)",S02187,W034,LGA03,3,yes
BAN-000375,"BAN-000375  (Y. Abu, structure 222)",S02187,W034,LGA03,4,yes
BAN-000376,"BAN-000376  (Z. Musa, structure 31)",S02187,W034,LGA03,2,yes
BAN-000377,"BAN-000377  (M. Gani, structure 251)",S02187,W034,LGA03,1,yes
BAN-000378,"BAN-000378  (A. Umar, structure 53)",S02187,W034,LGA03,1,yes
BAN-000379,"BAN-000379  (B. Jibo, structure 71)",S02187,W034,LGA03,1,yes
BAN-000380,"BAN-000380  (B. Gani, structure 41)",S01307,W017,LGA03,3,yes
BAN-000381,"BAN-000381  (M. Dogo, structure 172)",S01307,W017,LGA03,4,yes
BAN-000382,"BAN-000382  (S. Sule, structure 28)",S01307,W017,LGA03,2,yes
BAN-000383,"BAN-000383  (K. Jibo, structure 6)",S00232,W003,LGA01,1,no
BAN-000384,"BAN-000384  (Y. Bala, structure 254)",S00232,W003,LGA01,3,yes
BAN-000385,"BAN-000385  (K. Isa, structure 230)",S02332,W037,LGA03,2,yes
BAN-000386,"BAN-000386  (I. Umar, structure 179)",S02332,W037,LGA03,3,yes
BAN-000387,"BAN-000387  (H. Oje, structure 224)",S02332,W037,LGA03,0,yes
BAN-000388,"BAN-000388  (K. Yaro, structure 104)",S02024,W031,LGA03,0,yes
BAN-000389,"BAN-000389  (Y. Sule, structure 82)",S02024,W031,LGA03,4,yes
BAN-000390,"BAN-000390  (Y. Kabo, structure 172)",S02024,W031,LGA03,0,yes
BAN-000391,"BAN-000391  (F. Pama, structure 41)",S02024,W031,LGA03,4,yes
BAN-000392,"BAN-000392  (R. Musa, structure 167)",S02024,W031,LGA03,4,no
BAN-000393,"BAN-000393  (U. Gani, structure 178)",S00558,W007,LGA01,2,yes
BAN-000394,"BAN-000394  (K. Lami, structure 146)",S01060,W014,LGA01,1,yes
BAN-000395,"BAN-000395  (H. Wada, structure 8)",S01060,W014,LGA01,0,yes
BAN-000396,"BAN-000396  (M. Gani, structure 125)",S00084,W001,LGA01,2,yes
BAN-000397,"BAN-000397  (Y. Tanko, structure 59)",S00084,W001,LGA01,0,yes
BAN-000398,"BAN-000398  (I. Cham, structure 104)",S00568,W007,LGA01,3,yes
BAN-000399,"BAN-000399  (R. Jibo, structure 61)",S00568,W007,LGA01,1,yes
BAN-000400,"BAN-000400  (S. Umar, structure 18)",S00568,W007,LGA01,3,yes
BAN-000401,"BAN-000401  (I. Abu, structure 156)",S01560,W022,LGA03,0,yes
BAN-000402,"BAN-000402  (K. Bala, structure 173)",S01560,W022,LGA03,4,yes
BAN-000403,"BAN-000403  (R. Haru, structure 128)",S02307,W036,LGA04,0,yes
BAN-000404,"BAN-000404  (F. Ede, structure 85)",S02307,W036,LGA04,3,yes
BAN-000405,"BAN-000405  (R. Yaro, structure 184)",S01248,W016,LGA02,2,yes
BAN-000406,"BAN-000406  (M. Lami, structure 169)",S01248,W016,LGA02,0,yes
BAN-000407,"BAN-000407  (B. Funo, structure 115)",S01248,W016,LGA02,4,yes
BAN-000408,"BAN-000408  (M. Pama, structure 3)",S01461,W020,LGA01,1,yes
BAN-000409,"BAN-000409  (B. Abu, structure 125)",S01200,W015,LGA01,0,yes
BAN-000410,"BAN-000410  (A. Haru, structure 137)",S00448,W006,LGA01,0,yes
BAN-000411,"BAN-000411  (F. Funo, structure 239)",S00448,W006,LGA01,2,yes
BAN-000412,"BAN-000412  (H. Umar, structure 18)",S00448,W006,LGA01,4,yes
BAN-000413,"BAN-000413  (S. Jibo, structure 170)",S00807,W009,LGA02,1,yes
BAN-000414,"BAN-000414  (S. Umar, structure 188)",S00807,W009,LGA02,4,yes
BAN-000415,"BAN-000415  (Y. Cham, structure 99)",S00807,W009,LGA02,1,yes
BAN-000416,"BAN-000416  (A. Sule, structure 89)",S00335,W004,LGA02,2,yes
BAN-000417,"BAN-000417  (U. Cham, structure 202)",S00335,W004,LGA02,4,yes
BAN-000418,"BAN-000418  (M. Wada, structure 87)",S02319,W037,LGA03,0,yes
BAN-000419,"BAN-000419  (F. Pama, structure 176)",S02319,W037,LGA03,4,yes
BAN-000420,"BAN-000420  (F. Abu, structure 146)",S02319,W037,LGA03,2,no
BAN-000421,"BAN-000421  (U. Wada, structure 134)",S02319,W037,LGA03,3,yes
BAN-000422,"BAN-000422  (Z. Funo, structure 188)",S00030,W001,LGA01,4,yes
BAN-000423,"BAN-000423  (M. Jibo, structure 202)",S00697,W008,LGA01,0,yes
BAN-000424,"BAN-000424  (F. Oje, structure 65)",S00697,W008,LGA01,3,yes
BAN-000425,"BAN-000425  (H. Kabo, structure 52)",S00697,W008,LGA01,4,yes
BAN-000426,"BAN-000426  (I. Isa, structure 238)",S00697,W008,LGA01,1,yes
BAN-000427,"BAN-000427  (B. Abu, structure 45)",S00697,W008,LGA01,3,yes
BAN-000428,"BAN-000428  (A. Tanko, structure 91)",S02265,W035,LGA04,2,yes
BAN-000429,"BAN-000429  (U. Ede, structure 206)",S01849,W029,LGA04,0,yes
BAN-000430,"BAN-000430  (Z. Wada, structure 37)",S01849,W029,LGA04,3,yes
BAN-000431,"BAN-000431  (K. Gani, structure 67)",S00060,W001,LGA01,0,yes
BAN-000432,"BAN-000432  (I. Zubi, structure 178)",S00060,W001,LGA01,4,yes
BAN-000433,"BAN-000433  (U. Nura, structure 243)",S00060,W001,LGA01,1,yes
BAN-000434,"BAN-000434  (R. Cham, structure 233)",S01493,W020,LGA01,1,yes
BAN-000435,"BAN-000435  (I. Kabo, structure 181)",S02233,W035,LGA04,4,yes
BAN-000436,"BAN-000436  (M. Musa, structure 205)",S00271,W003,LGA01,2,yes
BAN-000437,"BAN-000437  (Y. Lami, structure 128)",S00271,W003,LGA01,2,yes
BAN-000438,"BAN-000438  (I. Funo, structure 134)",S02268,W035,LGA04,2,yes
BAN-000439,"BAN-000439  (I. Musa, structure 253)",S01808,W028,LGA04,2,yes
BAN-000440,"BAN-000440  (Y. Rabi, structure 131)",S01808,W028,LGA04,3,yes
BAN-000441,"BAN-000441  (Y. Lami, structure 118)",S01706,W025,LGA04,4,no
BAN-000442,"BAN-000442  (M. Lami, structure 129)",S01706,W025,LGA04,3,yes
BAN-000443,"BAN-000443  (I. Pama, structure 40)",S01706,W025,LGA04,3,yes
BAN-000444,"BAN-000444  (R. Musa, structure 120)",S01396,W019,LGA04,4,yes
BAN-000445,"BAN-000445  (K. Lami, structure 81)",S01229,W015,LGA01,2,yes
BAN-000446,"BAN-000446  (I. Lami, structure 178)",S01565,W022,LGA03,0,no
BAN-000447,"BAN-000447  (K. Dogo, structure 198)",S00392,W005,LGA02,2,yes
BAN-000448,"BAN-000448  (H. Oje, structure 133)",S00582,W007,LGA01,4,yes
BAN-000449,"BAN-000449  (I. Umar, structure 66)",S00377,W005,LGA02,4,yes
BAN-000450,"BAN-000450  (R. Pama, structure 90)",S00377,W005,LGA02,0,no
BAN-000451,"BAN-000451  (R. Oje, structure 257)",S00377,W005,LGA02,2,yes
BAN-000452,"BAN-000452  (F. Gani, structure 194)",S00048,W001,LGA01,0,yes
BAN-000453,"BAN-000453  (B. Lami, structure 111)",S00957,W013,LGA02,2,yes
BAN-000454,"BAN-000454  (H. Haru, structure 79)",S00957,W013,LGA02,0,no
BAN-000455,"BAN-000455  (S. Zubi, structure 143)",S00957,W013,LGA02,3,yes
BAN-000456,"BAN-000456  (R. Kabo, structure 213)",S00724,W008,LGA01,1,yes
BAN-000457,"BAN-000457  (Z. Yaro, structure 70)",S00724,W008,LGA01,1,yes
BAN-000458,"BAN-000458  (R. Abu, structure 239)",S00724,W008,LGA01,0,yes
BAN-000459,"BAN-000459  (F. Lami, structure 69)",S00724,W008,LGA01,2,yes
BAN-000460,"BAN-000460  (F. Ede, structure 244)",S02323,W037,LGA03,3,yes
BAN-000461,"BAN-000461  (B. Kabo, structure 55)",S00209,W002,LGA01,3,yes
BAN-000462,"BAN-000462  (F. Musa, structure 98)",S00209,W002,LGA01,1,yes
BAN-000463,"BAN-000463  (I. Bala, structure 33)",S00209,W002,LGA01,0,yes
BAN-000464,"BAN-000464  (K. Yaro, structure 257)",S02463,W039,LGA04,4,yes
BAN-000465,"BAN-000465  (H. Pama, structure 30)",S02052,W032,LGA04,4,yes
BAN-000466,"BAN-000466  (U. Nura, structure 255)",S02052,W032,LGA04,3,yes
BAN-000467,"BAN-000467  (S. Umar, structure 28)",S02052,W032,LGA04,0,yes
BAN-000468,"BAN-000468  (H. Isa, structure 216)",S02107,W033,LGA03,3,yes
BAN-000469,"BAN-000469  (Y. Abu, structure 130)",S01876,W029,LGA04,2,yes
BAN-000470,"BAN-000470  (B. Gani, structure 170)",S01876,W029,LGA04,4,yes
BAN-000471,"BAN-000471  (U. Bala, structure 65)",S00769,W008,LGA01,2,yes
BAN-000472,"BAN-000472  (F. Pama, structure 131)",S00769,W008,LGA01,2,yes
BAN-000473,"BAN-000473  (I. Abu, structure 117)",S00260,W003,LGA01,0,no
BAN-000474,"BAN-000474  (S. Dogo, structure 22)",S00260,W003,LGA01,4,yes
BAN-000475,"BAN-000475  (I. Isa, structure 218)",S00260,W003,LGA01,1,yes
BAN-000476,"BAN-000476  (U. Cham, structure 241)",S01482,W020,LGA01,0,no
BAN-000477,"BAN-000477  (S. Dogo, structure 155)",S01482,W020,LGA01,2,yes
BAN-000478,"BAN-000478  (R. Rabi, structure 215)",S01482,W020,LGA01,2,yes
BAN-000479,"BAN-000479  (M. Jibo, structure 112)",S01482,W020,LGA01,3,no
BAN-000480,"BAN-000480  (A. Pama, structure 225)",S02479,W040,LGA04,1,yes
BAN-000481,"BAN-000481  (H. Nura, structure 11)",S02479,W040,LGA04,2,yes
BAN-000482,"BAN-000482  (R. Sule, structure 2)",S00865,W010,LGA02,0,yes
BAN-000483,"BAN-000483  (Y. Pama, structure 120)",S00865,W010,LGA02,1,yes
BAN-000484,"BAN-000484  (I. Bala, structure 90)",S00865,W010,LGA02,4,yes
BAN-000485,"BAN-000485  (B. Isa, structure 120)",S02381,W038,LGA03,2,yes
BAN-000486,"BAN-000486  (A. Gani, structure 21)",S02381,W038,LGA03,2,yes
BAN-000487,"BAN-000487  (Z. Lami, structure 144)",S02381,W038,LGA03,1,yes
BAN-000488,"BAN-000488  (R. Dogo, structure 60)",S02291,W036,LGA04,0,yes
BAN-000489,"BAN-000489  (R. Sule, structure 32)",S00454,W006,LGA01,3,yes
BAN-000490,"BAN-000490  (Y. Ede, structure 122)",S00454,W006,LGA01,4,yes
BAN-000491,"BAN-000491  (M. Lami, structure 4)",S00454,W006,LGA01,0,yes
BAN-000492,"BAN-000492  (U. Gani, structure 92)",S00454,W006,LGA01,1,yes
BAN-000493,"BAN-000493  (Z. Lami, structure 34)",S00317,W003,LGA01,2,yes
BAN-000494,"BAN-000494  (F. Kabo, structure 256)",S00317,W003,LGA01,0,yes
BAN-000495,"BAN-000495  (Z. Ede, structure 96)",S00317,W003,LGA01,0,yes
BAN-000496,"BAN-000496  (K. Rabi, structure 90)",S00317,W003,LGA01,2,yes
BAN-000497,"BAN-000497  (B. Yaro, structure 100)",S00236,W003,LGA01,3,yes
BAN-000498,"BAN-000498  (K. Dogo, structure 147)",S00236,W003,LGA01,2,yes
BAN-000499,"BAN-000499  (A. Ede, structure 225)",S00236,W003,LGA01,1,yes
BAN-000500,"BAN-000500  (M. Musa, structure 44)",S00984,W013,LGA02,1,yes
BAN-000501,"BAN-000501  (A. Oje, structure 92)",S01407,W019,LGA04,4,yes
BAN-000502,"BAN-000502  (M. Tanko, structure 137)",S01847,W029,LGA04,3,no
BAN-000503,"BAN-000503  (Y. Umar, structure 169)",S01847,W029,LGA04,0,no
BAN-000504,"BAN-000504  (Y. Bala, structure 70)",S01847,W029,LGA04,4,yes
BAN-000505,"BAN-000505  (Z. Abu, structure 142)",S01847,W029,LGA04,2,yes
BAN-000506,"BAN-000506  (R. Haru, structure 206)",S01847,W029,LGA04,2,yes
BAN-000507,"BAN-000507  (I. Pama, structure 158)",S00637,W007,LGA01,2,yes
BAN-000508,"BAN-000508  (F. Pama, structure 2)",S01403,W019,LGA04,2,no
BAN-000509,"BAN-000509  (U. Kabo, structure 134)",S01403,W019,LGA04,0,yes
BAN-000510,"BAN-000510  (Y. Rabi, structure 252)",S00615,W007,LGA01,2,yes
BAN-000511,"BAN-000511  (Z. Dogo, structure 156)",S00469,W006,LGA01,2,yes
BAN-000512,"BAN-000512  (M. Bala, structure 184)",S00469,W006,LGA01,2,yes
BAN-000513,"BAN-000513  (H. Musa, structure 144)",S00469,W006,LGA01,4,yes
BAN-000514,"BAN-000514  (A. Tanko, structure 146)",S02191,W034,LGA03,0,yes
BAN-000515,"BAN-000515  (Z. Sule, structure 67)",S02191,W034,LGA03,4,yes
BAN-000516,"BAN-000516  (B. Nura, structure 140)",S01600,W023,LGA03,3,yes
BAN-000517,"BAN-000517  (R. Tanko, structure 55)",S01600,W023,LGA03,2,yes
BAN-000518,"BAN-000518  (K. Dogo, structure 193)",S01600,W023,LGA03,4,yes
BAN-000519,"BAN-000519  (F. Yaro, structure 174)",S01892,W029,LGA04,1,yes
BAN-000520,"BAN-000520  (A. Sule, structure 188)",S02510,W040,LGA04,1,yes
BAN-000521,"BAN-000521  (I. Umar, structure 137)",S02510,W040,LGA04,1,yes
BAN-000522,"BAN-000522  (B. Musa, structure 96)",S02510,W040,LGA04,0,yes
BAN-000523,"BAN-000523  (S. Funo, structure 109)",S01860,W029,LGA04,3,yes
BAN-000524,"BAN-000524  (Y. Pama, structure 132)",S01860,W029,LGA04,4,yes
BAN-000525,"BAN-000525  (F. Haru, structure 142)",S01519,W021,LGA02,3,yes
BAN-000526,"BAN-000526  (F. Funo, structure 131)",S01519,W021,LGA02,2,yes
BAN-000527,"BAN-000527  (H. Rabi, structure 34)",S01519,W021,LGA02,2,yes
BAN-000528,"BAN-000528  (A. Tanko, structure 191)",S01519,W021,LGA02,0,yes
BAN-000529,"BAN-000529  (Y. Wada, structure 174)",S01614,W023,LGA03,3,yes
BAN-000530,"BAN-000530  (S. Yaro, structure 209)",S01614,W023,LGA03,1,yes
BAN-000531,"BAN-000531  (Y. Nura, structure 239)",S01614,W023,LGA03,4,no
BAN-000532,"BAN-000532  (I. Bala, structure 72)",S01455,W020,LGA01,4,yes
BAN-000533,"BAN-000533  (K. Zubi, structure 139)",S01455,W020,LGA01,0,yes
BAN-000534,"BAN-000534  (S. Funo, structure 76)",S01441,W020,LGA01,4,yes
BAN-000535,"BAN-000535  (Y. Ede, structure 117)",S01441,W020,LGA01,0,yes
BAN-000536,"BAN-000536  (M. Pama, structure 97)",S01441,W020,LGA01,0,yes
BAN-000537,"BAN-000537  (H. Kabo, structure 179)",S02037,W031,LGA03,2,yes
BAN-000538,"BAN-000538  (Z. Jibo, structure 221)",S02037,W031,LGA03,4,yes
BAN-000539,"BAN-000539  (K. Kabo, structure 223)",S02037,W031,LGA03,2,yes
BAN-000540,"BAN-000540  (S. Lami, structure 192)",S00331,W004,LGA02,0,yes
BAN-000541,"BAN-000541  (U. Sule, structure 72)",S00331,W004,LGA02,1,yes
BAN-000542,"BAN-000542  (Y. Bala, structure 234)",S00331,W004,LGA02,0,yes
BAN-000543,"BAN-000543  (R. Jibo, structure 195)",S00331,W004,LGA02,3,no
BAN-000544,"BAN-000544  (K. Oje, structure 93)",S00376,W005,LGA02,3,yes
BAN-000545,"BAN-000545  (K. Gani, structure 164)",S00376,W005,LGA02,4,yes
BAN-000546,"BAN-000546  (Z. Lami, structure 149)",S00376,W005,LGA02,0,yes
BAN-000547,"BAN-000547  (M. Rabi, structure 144)",S00053,W001,LGA01,2,yes
BAN-000548,"BAN-000548  (F. Lami, structure 143)",S00053,W001,LGA01,1,no
BAN-000549,"BAN-000549  (I. Bala, structure 213)",S00053,W001,LGA01,4,no
BAN-000550,"BAN-000550  (I. Sule, structure 197)",S00053,W001,LGA01,3,yes
BAN-000551,"BAN-000551  (Y. Nura, structure 117)",S00053,W001,LGA01,1,yes
BAN-000552,"BAN-000552  (B. Gani, structure 184)",S00342,W004,LGA02,2,yes
BAN-000553,"BAN-000553  (H. Jibo, structure 212)",S00342,W004,LGA02,1,yes
BAN-000554,"BAN-000554  (Z. Rabi, structure 155)",S01723,W026,LGA03,1,yes
BAN-000555,"BAN-000555  (H. Haru, structure 169)",S01723,W026,LGA03,2,yes
BAN-000556,"BAN-000556  (F. Zubi, structure 155)",S01723,W026,LGA03,3,yes
BAN-000557,"BAN-000557  (I. Cham, structure 99)",S01723,W026,LGA03,1,yes
BAN-000558,"BAN-000558  (K. Dogo, structure 190)",S01723,W026,LGA03,1,yes
BAN-000559,"BAN-000559  (U. Pama, structure 221)",S01723,W026,LGA03,3,yes
BAN-000560,"BAN-000560  (F. Sule, structure 108)",S01723,W026,LGA03,0,yes
BAN-000561,"BAN-000561  (A. Rabi, structure 177)",S02469,W039,LGA04,3,no
BAN-000562,"BAN-000562  (I. Pama, structure 33)",S02469,W039,LGA04,0,yes
BAN-000563,"BAN-000563  (B. Rabi, structure 17)",S00122,W002,LGA01,1,yes
BAN-000564,"BAN-000564  (K. Isa, structure 135)",S00978,W013,LGA02,1,yes
BAN-000565,"BAN-000565  (K. Haru, structure 172)",S01205,W015,LGA01,0,yes
BAN-000566,"BAN-000566  (I. Lami, structure 39)",S01205,W015,LGA01,3,yes
BAN-000567,"BAN-000567  (Y. Kabo, structure 211)",S01205,W015,LGA01,2,yes
BAN-000568,"BAN-000568  (S. Funo, structure 128)",S01205,W015,LGA01,2,yes
BAN-000569,"BAN-000569  (F. Ede, structure 30)",S01205,W015,LGA01,0,yes
BAN-000570,"BAN-000570  (R. Yaro, structure 48)",S00123,W002,LGA01,3,yes
BAN-000571,"BAN-000571  (A. Wada, structure 99)",S00123,W002,LGA01,2,yes
BAN-000572,"BAN-000572  (A. Kabo, structure 70)",S00123,W002,LGA01,0,yes
BAN-000573,"BAN-000573  (R. Pama, structure 224)",S02472,W040,LGA04,3,yes
BAN-000574,"BAN-000574  (Z. Ede, structure 168)",S02357,W037,LGA03,4,yes
BAN-000575,"BAN-000575  (U. Lami, structure 94)",S02357,W037,LGA03,0,yes
BAN-000576,"BAN-000576  (F. Yaro, structure 183)",S02357,W037,LGA03,2,yes
BAN-000577,"BAN-000577  (H. Gani, structure 251)",S02357,W037,LGA03,4,yes
BAN-000578,"BAN-000578  (I. Zubi, structure 68)",S02462,W039,LGA04,0,yes
BAN-000579,"BAN-000579  (R. Zubi, structure 225)",S02462,W039,LGA04,1,yes
BAN-000580,"BAN-000580  (M. Kabo, structure 178)",S02462,W039,LGA04,1,yes
BAN-000581,"BAN-000581  (K. Tanko, structure 137)",S01302,W017,LGA03,0,yes
BAN-000582,"BAN-000582  (I. Sule, structure 120)",S01302,W017,LGA03,0,yes
BAN-000583,"BAN-000583  (M. Tanko, structure 13)",S01302,W017,LGA03,4,yes
BAN-000584,"BAN-000584  (U. Haru, structure 78)",S01302,W017,LGA03,0,yes
BAN-000585,"BAN-000585  (B. Pama, structure 17)",S00110,W001,LGA01,3,yes
BAN-000586,"BAN-000586  (Y. Funo, structure 103)",S01521,W021,LGA02,0,yes
BAN-000587,"BAN-000587  (I. Pama, structure 19)",S01521,W021,LGA02,4,yes
BAN-000588,"BAN-000588  (A. Cham, structure 215)",S01521,W021,LGA02,3,yes
BAN-000589,"BAN-000589  (F. Bala, structure 134)",S00797,W009,LGA02,1,yes
BAN-000590,"BAN-000590  (F. Wada, structure 55)",S02038,W031,LGA03,3,yes
BAN-000591,"BAN-000591  (F. Funo, structure 186)",S00051,W001,LGA01,3,yes
BAN-000592,"BAN-000592  (A. Haru, structure 245)",S00051,W001,LGA01,1,yes
BAN-000593,"BAN-000593  (H. Umar, structure 125)",S00051,W001,LGA01,1,yes
BAN-000594,"BAN-000594  (Z. Cham, structure 126)",S00051,W001,LGA01,2,yes
BAN-000595,"BAN-000595  (S. Abu, structure 168)",S00327,W003,LGA01,4,yes
BAN-000596,"BAN-000596  (I. Yaro, structure 215)",S00327,W003,LGA01,0,yes
BAN-000597,"BAN-000597  (M. Wada, structure 257)",S00327,W003,LGA01,0,yes
BAN-000598,"BAN-000598  (F. Isa, structure 254)",S00327,W003,LGA01,0,yes
BAN-000599,"BAN-000599  (Z. Oje, structure 5)",S02316,W037,LGA03,4,yes
BAN-000600,"BAN-000600  (R. Yaro, structure 74)",S02316,W037,LGA03,4,yes
BAN-000601,"BAN-000601  (M. Oje, structure 102)",S02405,W038,LGA03,4,yes
BAN-000602,"BAN-000602  (F. Jibo, structure 127)",S02405,W038,LGA03,2,yes
BAN-000603,"BAN-000603  (S. Pama, structure 111)",S01451,W020,LGA01,4,yes
BAN-000604,"BAN-000604  (R. Cham, structure 53)",S01451,W020,LGA01,2,yes
BAN-000605,"BAN-000605  (I. Isa, structure 59)",S01451,W020,LGA01,2,yes
BAN-000606,"BAN-000606  (Z. Cham, structure 256)",S00879,W011,LGA02,3,yes
BAN-000607,"BAN-000607  (M. Nura, structure 207)",S00879,W011,LGA02,1,yes
BAN-000608,"BAN-000608  (I. Umar, structure 53)",S00745,W008,LGA01,4,yes
BAN-000609,"BAN-000609  (R. Haru, structure 258)",S01412,W019,LGA04,4,yes
BAN-000610,"BAN-000610  (K. Oje, structure 244)",S01412,W019,LGA04,2,no
BAN-000611,"BAN-000611  (A. Lami, structure 231)",S01412,W019,LGA04,0,yes
BAN-000612,"BAN-000612  (M. Funo, structure 193)",S02242,W035,LGA04,3,yes
BAN-000613,"BAN-000613  (H. Ede, structure 250)",S02242,W035,LGA04,2,yes
BAN-000614,"BAN-000614  (A. Musa, structure 102)",S02242,W035,LGA04,4,yes
BAN-000615,"BAN-000615  (Z. Lami, structure 180)",S01984,W030,LGA04,2,no
BAN-000616,"BAN-000616  (K. Ede, structure 155)",S01984,W030,LGA04,4,yes
BAN-000617,"BAN-000617  (H. Jibo, structure 212)",S02396,W038,LGA03,2,yes
BAN-000618,"BAN-000618  (F. Zubi, structure 37)",S02396,W038,LGA03,0,yes
BAN-000619,"BAN-000619  (B. Dogo, structure 50)",S00004,W001,LGA01,1,yes
BAN-000620,"BAN-000620  (F. Yaro, structure 107)",S00910,W011,LGA02,3,yes
BAN-000621,"BAN-000621  (A. Haru, structure 183)",S01770,W027,LGA03,2,yes
BAN-000622,"BAN-000622  (H. Tanko, structure 28)",S01770,W027,LGA03,4,yes
BAN-000623,"BAN-000623  (Z. Cham, structure 197)",S01770,W027,LGA03,3,yes
BAN-000624,"BAN-000624  (U. Nura, structure 42)",S01770,W027,LGA03,3,yes
BAN-000625,"BAN-000625  (K. Nura, structure 158)",S01770,W027,LGA03,3,yes
BAN-000626,"BAN-000626  (A. Oje, structure 254)",S01770,W027,LGA03,0,yes
BAN-000627,"BAN-000627  (I. Ede, structure 151)",S00510,W006,LGA01,0,yes
BAN-000628,"BAN-000628  (B. Tanko, structure 162)",S00510,W006,LGA01,4,yes
BAN-000629,"BAN-000629  (H. Musa, structure 172)",S01875,W029,LGA04,1,yes
BAN-000630,"BAN-000630  (A. Jibo, structure 193)",S01875,W029,LGA04,1,yes
BAN-000631,"BAN-000631  (S. Musa, structure 258)",S01875,W029,LGA04,3,yes
BAN-000632,"BAN-000632  (Z. Haru, structure 50)",S01875,W029,LGA04,3,yes
BAN-000633,"BAN-000633  (Z. Tanko, structure 33)",S01875,W029,LGA04,3,yes
BAN-000634,"BAN-000634  (F. Zubi, structure 67)",S01875,W029,LGA04,0,yes
BAN-000635,"BAN-000635  (R. Funo, structure 174)",S01190,W015,LGA01,3,yes
BAN-000636,"BAN-000636  (M. Pama, structure 242)",S01190,W015,LGA01,3,yes
BAN-000637,"BAN-000637  (Z. Rabi, structure 129)",S01190,W015,LGA01,0,yes
BAN-000638,"BAN-000638  (Y. Kabo, structure 215)",S02205,W034,LGA03,1,yes
BAN-000639,"BAN-000639  (K. Bala, structure 191)",S02205,W034,LGA03,1,yes
BAN-000640,"BAN-000640  (M. Dogo, structure 253)",S02205,W034,LGA03,3,yes
BAN-000641,"BAN-000641  (U. Dogo, structure 29)",S02205,W034,LGA03,4,no
BAN-000642,"BAN-000642  (S. Cham, structure 253)",S02205,W034,LGA03,3,yes
BAN-000643,"BAN-000643  (U. Cham, structure 87)",S00631,W007,LGA01,2,yes
BAN-000644,"BAN-000644  (Y. Umar, structure 158)",S01836,W028,LGA04,2,yes
BAN-000645,"BAN-000645  (F. Funo, structure 204)",S01836,W028,LGA04,0,yes
BAN-000646,"BAN-000646  (Z. Lami, structure 202)",S01836,W028,LGA04,1,yes
BAN-000647,"BAN-000647  (A. Tanko, structure 238)",S01836,W028,LGA04,0,no
BAN-000648,"BAN-000648  (F. Rabi, structure 10)",S00911,W011,LGA02,0,yes
BAN-000649,"BAN-000649  (K. Haru, structure 181)",S00144,W002,LGA01,2,no
BAN-000650,"BAN-000650  (A. Cham, structure 103)",S00144,W002,LGA01,3,yes
BAN-000651,"BAN-000651  (Z. Yaro, structure 100)",S00144,W002,LGA01,4,yes
BAN-000652,"BAN-000652  (A. Dogo, structure 60)",S00144,W002,LGA01,0,no
BAN-000653,"BAN-000653  (A. Yaro, structure 133)",S00144,W002,LGA01,2,yes
BAN-000654,"BAN-000654  (R. Musa, structure 38)",S00751,W008,LGA01,4,yes
BAN-000655,"BAN-000655  (M. Bala, structure 177)",S00751,W008,LGA01,3,yes
BAN-000656,"BAN-000656  (A. Oje, structure 148)",S00751,W008,LGA01,1,yes
BAN-000657,"BAN-000657  (U. Wada, structure 45)",S00751,W008,LGA01,2,yes
BAN-000658,"BAN-000658  (I. Isa, structure 113)",S00357,W004,LGA02,2,yes
BAN-000659,"BAN-000659  (F. Zubi, structure 140)",S00357,W004,LGA02,1,yes
BAN-000660,"BAN-000660  (I. Gani, structure 146)",S00357,W004,LGA02,2,yes
BAN-000661,"BAN-000661  (K. Oje, structure 96)",S00526,W006,LGA01,4,yes
BAN-000662,"BAN-000662  (K. Haru, structure 133)",S01450,W020,LGA01,2,yes
BAN-000663,"BAN-000663  (F. Musa, structure 254)",S01450,W020,LGA01,3,yes
BAN-000664,"BAN-000664  (B. Ede, structure 209)",S02312,W036,LGA04,2,yes
BAN-000665,"BAN-000665  (H. Haru, structure 65)",S02312,W036,LGA04,1,yes
BAN-000666,"BAN-000666  (U. Musa, structure 179)",S02511,W040,LGA04,2,yes
BAN-000667,"BAN-000667  (I. Funo, structure 145)",S01931,W030,LGA04,3,yes
BAN-000668,"BAN-000668  (H. Wada, structure 122)",S01931,W030,LGA04,3,yes
BAN-000669,"BAN-000669  (R. Bala, structure 127)",S01931,W030,LGA04,4,yes
BAN-000670,"BAN-000670  (I. Haru, structure 148)",S01931,W030,LGA04,0,yes
BAN-000671,"BAN-000671  (Y. Nura, structure 239)",S00410,W006,LGA01,3,yes
BAN-000672,"BAN-000672  (B. Kabo, structure 173)",S00410,W006,LGA01,4,yes
BAN-000673,"BAN-000673  (Z. Cham, structure 15)",S01189,W015,LGA01,1,no
BAN-000674,"BAN-000674  (S. Musa, structure 51)",S00929,W012,LGA02,3,yes
BAN-000675,"BAN-000675  (H. Zubi, structure 16)",S00929,W012,LGA02,4,yes
BAN-000676,"BAN-000676  (B. Rabi, structure 204)",S00929,W012,LGA02,4,yes
BAN-000677,"BAN-000677  (U. Lami, structure 175)",S01664,W024,LGA04,2,yes
BAN-000678,"BAN-000678  (K. Tanko, structure 162)",S01664,W024,LGA04,2,yes
BAN-000679,"BAN-000679  (U. Haru, structure 3)",S00956,W013,LGA02,0,yes
BAN-000680,"BAN-000680  (H. Oje, structure 213)",S00956,W013,LGA02,1,yes
BAN-000681,"BAN-000681  (K. Zubi, structure 57)",S01692,W025,LGA04,1,yes
BAN-000682,"BAN-000682  (Z. Sule, structure 173)",S01692,W025,LGA04,1,yes
BAN-000683,"BAN-000683  (B. Pama, structure 180)",S01269,W016,LGA02,0,yes
BAN-000684,"BAN-000684  (M. Sule, structure 192)",S01269,W016,LGA02,4,no
BAN-000685,"BAN-000685  (I. Nura, structure 137)",S01511,W020,LGA01,0,yes
BAN-000686,"BAN-000686  (Z. Nura, structure 146)",S01511,W020,LGA01,1,yes
BAN-000687,"BAN-000687  (A. Nura, structure 238)",S01511,W020,LGA01,0,yes
BAN-000688,"BAN-000688  (I. Nura, structure 205)",S01511,W020,LGA01,4,yes
BAN-000689,"BAN-000689  (F. Ede, structure 204)",S01511,W020,LGA01,2,yes
BAN-000690,"BAN-000690  (Z. Jibo, structure 161)",S01740,W026,LGA03,1,yes
BAN-000691,"BAN-000691  (K. Rabi, structure 21)",S01740,W026,LGA03,0,yes
BAN-000692,"BAN-000692  (U. Lami, structure 206)",S01740,W026,LGA03,0,yes
BAN-000693,"BAN-000693  (K. Haru, structure 141)",S01529,W021,LGA02,1,yes
BAN-000694,"BAN-000694  (R. Yaro, structure 161)",S01529,W021,LGA02,2,no
BAN-000695,"BAN-000695  (S. Kabo, structure 81)",S01529,W021,LGA02,3,yes
BAN-000696,"BAN-000696  (H. Rabi, structure 88)",S01529,W021,LGA02,4,yes
BAN-000697,"BAN-000697  (Z. Wada, structure 120)",S02456,W039,LGA04,4,yes
BAN-000698,"BAN-000698  (S. Yaro, structure 53)",S02456,W039,LGA04,2,no
BAN-000699,"BAN-000699  (U. Oje, structure 192)",S02456,W039,LGA04,1,yes
BAN-000700,"BAN-000700  (A. Oje, structure 26)",S02507,W040,LGA04,3,yes
BAN-000701,"BAN-000701  (B. Gani, structure 211)",S02507,W040,LGA04,0,yes
BAN-000702,"BAN-000702  (Z. Bala, structure 88)",S02507,W040,LGA04,4,yes
BAN-000703,"BAN-000703  (A. Funo, structure 120)",S02507,W040,LGA04,3,yes
BAN-000704,"BAN-000704  (H. Rabi, structure 26)",S02507,W040,LGA04,1,yes
BAN-000705,"BAN-000705  (Y. Haru, structure 95)",S01161,W015,LGA01,0,yes
BAN-000706,"BAN-000706  (U. Abu, structure 116)",S01161,W015,LGA01,4,yes
BAN-000707,"BAN-000707  (K. Sule, structure 171)",S01161,W015,LGA01,0,yes
BAN-000708,"BAN-000708  (S. Lami, structure 146)",S01161,W015,LGA01,1,yes
BAN-000709,"BAN-000709  (K. Abu, structure 200)",S01484,W020,LGA01,0,yes
BAN-000710,"BAN-000710  (I. Rabi, structure 242)",S01360,W018,LGA02,0,yes
BAN-000711,"BAN-000711  (A. Yaro, structure 115)",S01360,W018,LGA02,2,yes
BAN-000712,"BAN-000712  (I. Wada, structure 84)",S00809,W009,LGA02,2,yes
BAN-000713,"BAN-000713  (U. Nura, structure 173)",S02089,W032,LGA04,1,yes
BAN-000714,"BAN-000714  (Z. Rabi, structure 30)",S00985,W013,LGA02,4,yes
BAN-000715,"BAN-000715  (A. Sule, structure 148)",S00985,W013,LGA02,0,yes
BAN-000716,"BAN-000716  (I. Kabo, structure 130)",S01306,W017,LGA03,3,yes
BAN-000717,"BAN-000717  (M. Lami, structure 125)",S01306,W017,LGA03,1,yes
BAN-000718,"BAN-000718  (R. Abu, structure 92)",S00438,W006,LGA01,2,yes
BAN-000719,"BAN-000719  (A. Zubi, structure 92)",S00438,W006,LGA01,1,no
BAN-000720,"BAN-000720  (A. Ede, structure 228)",S00438,W006,LGA01,3,yes
BAN-000721,"BAN-000721  (F. Kabo, structure 84)",S00438,W006,LGA01,1,yes
BAN-000722,"BAN-000722  (S. Dogo, structure 61)",S00569,W007,LGA01,4,yes
BAN-000723,"BAN-000723  (B. Bala, structure 255)",S00569,W007,LGA01,3,yes
BAN-000724,"BAN-000724  (M. Funo, structure 123)",S00813,W009,LGA02,0,yes
BAN-000725,"BAN-000725  (M. Isa, structure 45)",S00813,W009,LGA02,2,yes
BAN-000726,"BAN-000726  (U. Gani, structure 166)",S00813,W009,LGA02,3,yes
BAN-000727,"BAN-000727  (Z. Nura, structure 133)",S00646,W007,LGA01,3,yes
BAN-000728,"BAN-000728  (F. Jibo, structure 103)",S00646,W007,LGA01,1,yes
BAN-000729,"BAN-000729  (M. Dogo, structure 121)",S01449,W020,LGA01,4,yes
BAN-000730,"BAN-000730  (R. Yaro, structure 125)",S02392,W038,LGA03,4,yes
BAN-000731,"BAN-000731  (B. Kabo, structure 210)",S02392,W038,LGA03,0,yes
BAN-000732,"BAN-000732  (R. Tanko, structure 23)",S02392,W038,LGA03,1,no
BAN-000733,"BAN-000733  (B. Tanko, structure 235)",S02392,W038,LGA03,0,yes
BAN-000734,"BAN-000734  (R. Kabo, structure 40)",S02392,W038,LGA03,3,no
BAN-000735,"BAN-000735  (A. Oje, structure 183)",S01636,W024,LGA04,3,yes
BAN-000736,"BAN-000736  (F. Wada, structure 173)",S01636,W024,LGA04,0,yes
BAN-000737,"BAN-000737  (K. Cham, structure 192)",S01636,W024,LGA04,2,yes
BAN-000738,"BAN-000738  (B. Bala, structure 44)",S01636,W024,LGA04,3,yes
BAN-000739,"BAN-000739  (B. Rabi, structure 217)",S02440,W039,LGA04,2,yes
BAN-000740,"BAN-000740  (F. Haru, structure 60)",S02440,W039,LGA04,4,yes
BAN-000741,"BAN-000741  (S. Zubi, structure 7)",S02440,W039,LGA04,4,yes
BAN-000742,"BAN-000742  (M. Rabi, structure 71)",S00312,W003,LGA01,1,yes
BAN-000743,"BAN-000743  (K. Dogo, structure 173)",S00312,W003,LGA01,4,yes
BAN-000744,"BAN-000744  (Z. Funo, structure 44)",S01983,W030,LGA04,4,yes
BAN-000745,"BAN-000745  (M. Sule, structure 214)",S01983,W030,LGA04,4,yes
BAN-000746,"BAN-000746  (Z. Gani, structure 184)",S01983,W030,LGA04,1,yes
BAN-000747,"BAN-000747  (M. Umar, structure 202)",S01983,W030,LGA04,3,yes
BAN-000748,"BAN-000748  (S. Tanko, structure 2)",S00212,W002,LGA01,3,yes
BAN-000749,"BAN-000749  (Z. Yaro, structure 126)",S00758,W008,LGA01,2,yes
BAN-000750,"BAN-000750  (M. Lami, structure 50)",S00758,W008,LGA01,1,yes
BAN-000751,"BAN-000751  (Z. Umar, structure 74)",S00758,W008,LGA01,4,yes
BAN-000752,"BAN-000752  (S. Abu, structure 93)",S01556,W022,LGA03,4,yes
BAN-000753,"BAN-000753  (B. Dogo, structure 88)",S01556,W022,LGA03,1,yes
BAN-000754,"BAN-000754  (H. Wada, structure 52)",S01049,W014,LGA01,4,yes
BAN-000755,"BAN-000755  (S. Jibo, structure 164)",S01049,W014,LGA01,4,yes
BAN-000756,"BAN-000756  (U. Bala, structure 66)",S00913,W011,LGA02,1,yes
BAN-000757,"BAN-000757  (H. Yaro, structure 88)",S00913,W011,LGA02,3,no
BAN-000758,"BAN-000758  (Y. Cham, structure 117)",S02031,W031,LGA03,2,yes
BAN-000759,"BAN-000759  (U. Nura, structure 1)",S02031,W031,LGA03,4,yes
BAN-000760,"BAN-000760  (M. Cham, structure 59)",S02031,W031,LGA03,2,yes
BAN-000761,"BAN-000761  (B. Yaro, structure 80)",S00351,W004,LGA02,4,yes
BAN-000762,"BAN-000762  (Y. Musa, structure 12)",S00509,W006,LGA01,0,yes
BAN-000763,"BAN-000763  (U. Ede, structure 233)",S01262,W016,LGA02,2,yes
BAN-000764,"BAN-000764  (U. Sule, structure 8)",S00863,W010,LGA02,0,yes
BAN-000765,"BAN-000765  (M. Wada, structure 151)",S00863,W010,LGA02,2,yes
BAN-000766,"BAN-000766  (R. Haru, structure 29)",S00863,W010,LGA02,2,yes
BAN-000767,"BAN-000767  (M. Oje, structure 82)",S01778,W027,LGA03,1,yes
BAN-000768,"BAN-000768  (A. Gani, structure 186)",S01778,W027,LGA03,3,yes
BAN-000769,"BAN-000769  (U. Musa, structure 24)",S01778,W027,LGA03,1,yes
BAN-000770,"BAN-000770  (B. Haru, structure 110)",S01778,W027,LGA03,4,yes
BAN-000771,"BAN-000771  (F. Nura, structure 103)",S01294,W017,LGA03,0,yes
BAN-000772,"BAN-000772  (U. Jibo, structure 176)",S01294,W017,LGA03,0,yes
BAN-000773,"BAN-000773  (M. Gani, structure 191)",S01294,W017,LGA03,1,yes
BAN-000774,"BAN-000774  (R. Pama, structure 68)",S01494,W020,LGA01,2,yes
BAN-000775,"BAN-000775  (I. Funo, structure 142)",S01494,W020,LGA01,3,yes
BAN-000776,"BAN-000776  (Y. Kabo, structure 134)",S01494,W020,LGA01,3,no
BAN-000777,"BAN-000777  (I. Tanko, structure 114)",S01494,W020,LGA01,0,yes
BAN-000778,"BAN-000778  (R. Dogo, structure 95)",S01494,W020,LGA01,2,yes
BAN-000779,"BAN-000779  (R. Wada, structure 231)",S00230,W003,LGA01,3,yes
BAN-000780,"BAN-000780  (H. Rabi, structure 28)",S00230,W003,LGA01,3,yes
BAN-000781,"BAN-000781  (U. Isa, structure 18)",S00692,W008,LGA01,1,yes
BAN-000782,"BAN-000782  (F. Zubi, structure 87)",S00692,W008,LGA01,1,yes
BAN-000783,"BAN-000783  (S. Funo, structure 22)",S00692,W008,LGA01,1,yes
BAN-000784,"BAN-000784  (Z. Ede, structure 191)",S00692,W008,LGA01,0,yes
BAN-000785,"BAN-000785  (U. Oje, structure 175)",S02496,W040,LGA04,3,yes
BAN-000786,"BAN-000786  (Y. Bala, structure 171)",S02496,W040,LGA04,2,yes
BAN-000787,"BAN-000787  (U. Lami, structure 233)",S02496,W040,LGA04,4,yes
BAN-000788,"BAN-000788  (H. Umar, structure 224)",S02496,W040,LGA04,2,yes
BAN-000789,"BAN-000789  (S. Zubi, structure 182)",S02496,W040,LGA04,1,yes
BAN-000790,"BAN-000790  (U. Pama, structure 36)",S01963,W030,LGA04,2,yes
BAN-000791,"BAN-000791  (U. Musa, structure 37)",S01963,W030,LGA04,2,yes
BAN-000792,"BAN-000792  (S. Abu, structure 40)",S01963,W030,LGA04,0,yes
BAN-000793,"BAN-000793  (Y. Gani, structure 81)",S01963,W030,LGA04,4,yes
BAN-000794,"BAN-000794  (A. Tanko, structure 6)",S00412,W006,LGA01,4,yes
BAN-000795,"BAN-000795  (M. Jibo, structure 55)",S00412,W006,LGA01,0,yes
BAN-000796,"BAN-000796  (U. Pama, structure 142)",S00412,W006,LGA01,1,yes
BAN-000797,"BAN-000797  (F. Musa, structure 125)",S00412,W006,LGA01,1,yes
BAN-000798,"BAN-000798  (B. Umar, structure 233)",S00412,W006,LGA01,1,yes
BAN-000799,"BAN-000799  (K. Rabi, structure 46)",S00412,W006,LGA01,0,yes
BAN-000800,"BAN-000800  (B. Dogo, structure 218)",S00412,W006,LGA01,4,yes
BAN-000801,"BAN-000801  (U. Umar, structure 98)",S00322,W003,LGA01,4,yes
BAN-000802,"BAN-000802  (R. Pama, structure 251)",S00322,W003,LGA01,1,yes
BAN-000803,"BAN-000803  (F. Jibo, structure 213)",S00322,W003,LGA01,1,yes
BAN-000804,"BAN-000804  (B. Haru, structure 85)",S00322,W003,LGA01,3,yes
BAN-000805,"BAN-000805  (R. Kabo, structure 253)",S01212,W015,LGA01,2,yes
BAN-000806,"BAN-000806  (A. Rabi, structure 227)",S02297,W036,LGA04,4,yes
BAN-000807,"BAN-000807  (R. Nura, structure 231)",S01415,W019,LGA04,2,yes
BAN-000808,"BAN-000808  (B. Funo, structure 100)",S01415,W019,LGA04,1,yes
BAN-000809,"BAN-000809  (I. Nura, structure 91)",S01415,W019,LGA04,2,yes
BAN-000810,"BAN-000810  (S. Cham, structure 178)",S00320,W003,LGA01,4,yes
BAN-000811,"BAN-000811  (B. Jibo, structure 131)",S00320,W003,LGA01,4,yes
BAN-000812,"BAN-000812  (F. Oje, structure 148)",S00320,W003,LGA01,2,yes
BAN-000813,"BAN-000813  (I. Wada, structure 186)",S00518,W006,LGA01,2,yes
BAN-000814,"BAN-000814  (F. Gani, structure 250)",S01682,W025,LGA04,1,yes
BAN-000815,"BAN-000815  (A. Wada, structure 38)",S01682,W025,LGA04,4,no
BAN-000816,"BAN-000816  (R. Funo, structure 67)",S01489,W020,LGA01,2,yes
BAN-000817,"BAN-000817  (Z. Funo, structure 75)",S01489,W020,LGA01,0,no
BAN-000818,"BAN-000818  (F. Musa, structure 80)",S01490,W020,LGA01,4,yes
BAN-000819,"BAN-000819  (H. Nura, structure 9)",S01490,W020,LGA01,3,yes
BAN-000820,"BAN-000820  (K. Umar, structure 166)",S01490,W020,LGA01,3,yes
BAN-000821,"BAN-000821  (I. Lami, structure 241)",S01490,W020,LGA01,0,yes
BAN-000822,"BAN-000822  (M. Umar, structure 15)",S01490,W020,LGA01,0,yes
BAN-000823,"BAN-000823  (Y. Dogo, structure 219)",S00966,W013,LGA02,1,yes
BAN-000824,"BAN-000824  (F. Lami, structure 19)",S00966,W013,LGA02,4,yes
BAN-000825,"BAN-000825  (Z. Musa, structure 143)",S00966,W013,LGA02,1,yes
BAN-000826,"BAN-000826  (I. Wada, structure 200)",S00966,W013,LGA02,2,yes
BAN-000827,"BAN-000827  (M. Rabi, structure 27)",S00443,W006,LGA01,0,yes
BAN-000828,"BAN-000828  (Z. Nura, structure 108)",S00443,W006,LGA01,2,yes
BAN-000829,"BAN-000829  (B. Jibo, structure 99)",S01977,W030,LGA04,4,yes
BAN-000830,"BAN-000830  (U. Gani, structure 249)",S01332,W018,LGA02,3,yes
BAN-000831,"BAN-000831  (B. Haru, structure 196)",S01332,W018,LGA02,0,yes
BAN-000832,"BAN-000832  (B. Zubi, structure 165)",S01332,W018,LGA02,4,yes
BAN-000833,"BAN-000833  (B. Wada, structure 190)",S01195,W015,LGA01,3,yes
BAN-000834,"BAN-000834  (H. Nura, structure 179)",S01195,W015,LGA01,2,yes
BAN-000835,"BAN-000835  (R. Gani, structure 78)",S01195,W015,LGA01,3,yes
BAN-000836,"BAN-000836  (A. Haru, structure 105)",S00362,W004,LGA02,4,yes
BAN-000837,"BAN-000837  (S. Tanko, structure 29)",S01002,W014,LGA01,1,yes
BAN-000838,"BAN-000838  (M. Umar, structure 170)",S01002,W014,LGA01,3,no
BAN-000839,"BAN-000839  (U. Wada, structure 29)",S02314,W037,LGA03,2,yes
BAN-000840,"BAN-000840  (B. Ede, structure 3)",S00494,W006,LGA01,1,yes
BAN-000841,"BAN-000841  (A. Dogo, structure 224)",S00494,W006,LGA01,4,yes
BAN-000842,"BAN-000842  (F. Rabi, structure 24)",S02127,W033,LGA03,2,yes
BAN-000843,"BAN-000843  (H. Wada, structure 153)",S02127,W033,LGA03,3,yes
BAN-000844,"BAN-000844  (U. Jibo, structure 99)",S02127,W033,LGA03,4,yes
BAN-000845,"BAN-000845  (Z. Haru, structure 168)",S02127,W033,LGA03,1,yes
BAN-000846,"BAN-000846  (S. Lami, structure 36)",S00704,W008,LGA01,1,yes
BAN-000847,"BAN-000847  (S. Lami, structure 144)",S00704,W008,LGA01,2,yes
BAN-000848,"BAN-000848  (I. Kabo, structure 236)",S01453,W020,LGA01,3,yes
BAN-000849,"BAN-000849  (I. Funo, structure 190)",S01453,W020,LGA01,0,yes
BAN-000850,"BAN-000850  (F. Oje, structure 196)",S01453,W020,LGA01,4,no
BAN-000851,"BAN-000851  (H. Pama, structure 7)",S01453,W020,LGA01,3,yes
BAN-000852,"BAN-000852  (R. Kabo, structure 255)",S01203,W015,LGA01,2,yes
BAN-000853,"BAN-000853  (M. Lami, structure 163)",S02343,W037,LGA03,4,yes
BAN-000854,"BAN-000854  (Z. Funo, structure 190)",S01638,W024,LGA04,0,yes
BAN-000855,"BAN-000855  (B. Wada, structure 224)",S01638,W024,LGA04,1,yes
BAN-000856,"BAN-000856  (S. Tanko, structure 7)",S00539,W007,LGA01,4,yes
BAN-000857,"BAN-000857  (S. Musa, structure 198)",S00015,W001,LGA01,0,yes
BAN-000858,"BAN-000858  (U. Abu, structure 32)",S00015,W001,LGA01,4,yes
BAN-000859,"BAN-000859  (A. Wada, structure 163)",S00015,W001,LGA01,3,no
BAN-000860,"BAN-000860  (A. Musa, structure 154)",S00015,W001,LGA01,4,yes
BAN-000861,"BAN-000861  (M. Jibo, structure 158)",S00015,W001,LGA01,2,yes
BAN-000862,"BAN-000862  (U. Yaro, structure 78)",S00015,W001,LGA01,3,yes
BAN-000863,"BAN-000863  (A. Yaro, structure 137)",S00682,W008,LGA01,1,yes
BAN-000864,"BAN-000864  (F. Funo, structure 5)",S00682,W008,LGA01,1,yes
BAN-000865,"BAN-000865  (S. Abu, structure 3)",S00682,W008,LGA01,0,yes
BAN-000866,"BAN-000866  (U. Dogo, structure 172)",S00875,W011,LGA02,3,yes
BAN-000867,"BAN-000867  (K. Tanko, structure 205)",S00875,W011,LGA02,1,yes
BAN-000868,"BAN-000868  (A. Umar, structure 141)",S00875,W011,LGA02,3,no
BAN-000869,"BAN-000869  (S. Umar, structure 242)",S01991,W031,LGA03,4,yes
BAN-000870,"BAN-000870  (R. Gani, structure 1)",S00428,W006,LGA01,1,yes
BAN-000871,"BAN-000871  (A. Rabi, structure 120)",S01305,W017,LGA03,2,yes
BAN-000872,"BAN-000872  (M. Dogo, structure 74)",S02415,W038,LGA03,3,no
BAN-000873,"BAN-000873  (Z. Umar, structure 178)",S00380,W005,LGA02,0,no
BAN-000874,"BAN-000874  (K. Nura, structure 139)",S00380,W005,LGA02,2,no
BAN-000875,"BAN-000875  (U. Haru, structure 162)",S00380,W005,LGA02,0,yes
BAN-000876,"BAN-000876  (Z. Lami, structure 232)",S00380,W005,LGA02,4,yes
BAN-000877,"BAN-000877  (R. Dogo, structure 253)",S00468,W006,LGA01,2,yes
BAN-000878,"BAN-000878  (S. Rabi, structure 72)",S00468,W006,LGA01,1,yes
BAN-000879,"BAN-000879  (K. Bala, structure 81)",S00468,W006,LGA01,0,yes
BAN-000880,"BAN-000880  (Y. Yaro, structure 54)",S02201,W034,LGA03,0,yes
BAN-000881,"BAN-000881  (I. Oje, structure 7)",S02201,W034,LGA03,0,yes
BAN-000882,"BAN-000882  (I. Pama, structure 203)",S02201,W034,LGA03,4,yes
BAN-000883,"BAN-000883  (R. Kabo, structure 101)",S01819,W028,LGA04,0,yes
BAN-000884,"BAN-000884  (Y. Rabi, structure 74)",S01819,W028,LGA04,0,yes
BAN-000885,"BAN-000885  (F. Umar, structure 210)",S01819,W028,LGA04,4,no
BAN-000886,"BAN-000886  (K. Wada, structure 131)",S01819,W028,LGA04,0,yes
BAN-000887,"BAN-000887  (Z. Cham, structure 195)",S01862,W029,LGA04,4,yes
BAN-000888,"BAN-000888  (M. Funo, structure 186)",S00225,W003,LGA01,0,yes
BAN-000889,"BAN-000889  (Y. Kabo, structure 112)",S00225,W003,LGA01,3,yes
BAN-000890,"BAN-000890  (K. Haru, structure 22)",S00225,W003,LGA01,4,yes
BAN-000891,"BAN-000891  (K. Cham, structure 242)",S01079,W014,LGA01,3,yes
BAN-000892,"BAN-000892  (K. Isa, structure 3)",S01079,W014,LGA01,3,yes
BAN-000893,"BAN-000893  (B. Sule, structure 88)",S01079,W014,LGA01,3,yes
BAN-000894,"BAN-000894  (F. Rabi, structure 25)",S01157,W015,LGA01,4,yes
BAN-000895,"BAN-000895  (A. Funo, structure 232)",S01157,W015,LGA01,0,yes
BAN-000896,"BAN-000896  (B. Funo, structure 184)",S01157,W015,LGA01,1,yes
BAN-000897,"BAN-000897  (M. Oje, structure 61)",S01157,W015,LGA01,2,yes
BAN-000898,"BAN-000898  (Z. Umar, structure 89)",S00666,W008,LGA01,1,yes
BAN-000899,"BAN-000899  (M. Gani, structure 134)",S02417,W038,LGA03,4,yes
BAN-000900,"BAN-000900  (R. Musa, structure 253)",S00414,W006,LGA01,4,yes
BAN-000901,"BAN-000901  (H. Dogo, structure 72)",S00414,W006,LGA01,0,yes
BAN-000902,"BAN-000902  (B. Rabi, structure 258)",S01569,W022,LGA03,4,no
BAN-000903,"BAN-000903  (K. Funo, structure 228)",S01569,W022,LGA03,3,yes
BAN-000904,"BAN-000904  (S. Haru, structure 223)",S01569,W022,LGA03,0,yes
BAN-000905,"BAN-000905  (R. Wada, structure 229)",S01569,W022,LGA03,0,yes
BAN-000906,"BAN-000906  (U. Sule, structure 50)",S01559,W022,LGA03,3,yes
BAN-000907,"BAN-000907  (H. Jibo, structure 72)",S01559,W022,LGA03,2,yes
BAN-000908,"BAN-000908  (Z. Oje, structure 76)",S01559,W022,LGA03,0,yes
BAN-000909,"BAN-000909  (I. Ede, structure 52)",S00116,W001,LGA01,0,yes
BAN-000910,"BAN-000910  (K. Abu, structure 111)",S00116,W001,LGA01,2,yes
BAN-000911,"BAN-000911  (R. Funo, structure 127)",S00116,W001,LGA01,2,yes
BAN-000912,"BAN-000912  (Z. Zubi, structure 233)",S00706,W008,LGA01,4,yes
BAN-000913,"BAN-000913  (H. Musa, structure 97)",S00706,W008,LGA01,2,yes
BAN-000914,"BAN-000914  (H. Nura, structure 71)",S00706,W008,LGA01,3,yes
BAN-000915,"BAN-000915  (R. Rabi, structure 32)",S01156,W015,LGA01,0,yes
BAN-000916,"BAN-000916  (H. Zubi, structure 37)",S01156,W015,LGA01,1,no
BAN-000917,"BAN-000917  (I. Isa, structure 14)",S01739,W026,LGA03,4,yes
BAN-000918,"BAN-000918  (A. Bala, structure 146)",S00259,W003,LGA01,1,yes
BAN-000919,"BAN-000919  (B. Rabi, structure 101)",S00259,W003,LGA01,0,yes
BAN-000920,"BAN-000920  (K. Musa, structure 63)",S02471,W039,LGA04,4,no
BAN-000921,"BAN-000921  (Y. Nura, structure 18)",S01142,W015,LGA01,0,yes
BAN-000922,"BAN-000922  (I. Nura, structure 98)",S01142,W015,LGA01,4,yes
BAN-000923,"BAN-000923  (I. Abu, structure 24)",S01142,W015,LGA01,1,yes
BAN-000924,"BAN-000924  (K. Abu, structure 35)",S01132,W015,LGA01,3,yes
BAN-000925,"BAN-000925  (S. Yaro, structure 210)",S01132,W015,LGA01,2,yes
BAN-000926,"BAN-000926  (H. Isa, structure 240)",S01132,W015,LGA01,0,yes
BAN-000927,"BAN-000927  (Y. Sule, structure 20)",S00219,W002,LGA01,0,no
BAN-000928,"BAN-000928  (F. Haru, structure 215)",S00219,W002,LGA01,2,no
BAN-000929,"BAN-000929  (K. Rabi, structure 115)",S02483,W040,LGA04,1,no
BAN-000930,"BAN-000930  (S. Ede, structure 5)",S02483,W040,LGA04,4,yes
BAN-000931,"BAN-000931  (Y. Wada, structure 103)",S02483,W040,LGA04,0,yes
BAN-000932,"BAN-000932  (I. Gani, structure 66)",S01768,W027,LGA03,2,yes
BAN-000933,"BAN-000933  (S. Tanko, structure 72)",S01768,W027,LGA03,0,no
BAN-000934,"BAN-000934  (Y. Dogo, structure 29)",S01768,W027,LGA03,0,yes
BAN-000935,"BAN-000935  (I. Gani, structure 48)",S00945,W012,LGA02,4,yes
BAN-000936,"BAN-000936  (U. Jibo, structure 257)",S00945,W012,LGA02,1,no
BAN-000937,"BAN-000937  (Y. Tanko, structure 204)",S00945,W012,LGA02,0,yes
BAN-000938,"BAN-000938  (U. Kabo, structure 226)",S00945,W012,LGA02,3,yes
BAN-000939,"BAN-000939  (Z. Sule, structure 9)",S02383,W038,LGA03,1,yes
BAN-000940,"BAN-000940  (B. Sule, structure 162)",S02383,W038,LGA03,0,yes
BAN-000941,"BAN-000941  (I. Nura, structure 160)",S02383,W038,LGA03,0,yes
BAN-000942,"BAN-000942  (K. Yaro, structure 79)",S00434,W006,LGA01,1,yes
BAN-000943,"BAN-000943  (Z. Gani, structure 81)",S00434,W006,LGA01,0,yes
BAN-000944,"BAN-000944  (A. Gani, structure 88)",S00434,W006,LGA01,1,yes
BAN-000945,"BAN-000945  (Y. Abu, structure 217)",S01144,W015,LGA01,2,yes
BAN-000946,"BAN-000946  (I. Bala, structure 228)",S01144,W015,LGA01,0,yes
BAN-000947,"BAN-000947  (H. Pama, structure 198)",S01144,W015,LGA01,0,yes
BAN-000948,"BAN-000948  (F. Abu, structure 8)",S01936,W030,LGA04,0,yes
BAN-000949,"BAN-000949  (Z. Nura, structure 57)",S01936,W030,LGA04,1,yes
BAN-000950,"BAN-000950  (I. Sule, structure 78)",S01936,W030,LGA04,2,no
BAN-000951,"BAN-000951  (U. Gani, structure 70)",S01936,W030,LGA04,4,yes
BAN-000952,"BAN-000952  (H. Wada, structure 21)",S01936,W030,LGA04,2,yes
BAN-000953,"BAN-000953  (K. Bala, structure 109)",S01936,W030,LGA04,3,yes
BAN-000954,"BAN-000954  (K. Oje, structure 87)",S01936,W030,LGA04,3,yes
BAN-000955,"BAN-000955  (H. Lami, structure 23)",S00559,W007,LGA01,4,yes
BAN-000956,"BAN-000956  (Y. Oje, structure 157)",S00559,W007,LGA01,1,yes
BAN-000957,"BAN-000957  (F. Bala, structure 18)",S00559,W007,LGA01,1,yes
BAN-000958,"BAN-000958  (M. Kabo, structure 256)",S01725,W026,LGA03,2,yes
BAN-000959,"BAN-000959  (R. Umar, structure 13)",S01725,W026,LGA03,0,yes
BAN-000960,"BAN-000960  (F. Zubi, structure 53)",S01725,W026,LGA03,4,yes
BAN-000961,"BAN-000961  (H. Haru, structure 214)",S01725,W026,LGA03,3,yes
BAN-000962,"BAN-000962  (Z. Tanko, structure 40)",S00124,W002,LGA01,3,yes
BAN-000963,"BAN-000963  (K. Yaro, structure 124)",S00185,W002,LGA01,3,yes
BAN-000964,"BAN-000964  (U. Abu, structure 79)",S00185,W002,LGA01,4,yes
BAN-000965,"BAN-000965  (I. Ede, structure 167)",S00185,W002,LGA01,2,yes
BAN-000966,"BAN-000966  (Y. Sule, structure 255)",S00185,W002,LGA01,3,yes
BAN-000967,"BAN-000967  (S. Tanko, structure 198)",S00185,W002,LGA01,1,yes
BAN-000968,"BAN-000968  (U. Sule, structure 15)",S01238,W016,LGA02,1,yes
BAN-000969,"BAN-000969  (I. Pama, structure 109)",S01238,W016,LGA02,4,yes
BAN-000970,"BAN-000970  (Y. Zubi, structure 77)",S00961,W013,LGA02,0,yes
BAN-000971,"BAN-000971  (Y. Oje, structure 24)",S00379,W005,LGA02,2,yes
BAN-000972,"BAN-000972  (U. Nura, structure 219)",S00382,W005,LGA02,3,yes
BAN-000973,"BAN-000973  (B. Rabi, structure 137)",S02050,W032,LGA04,0,yes
BAN-000974,"BAN-000974  (K. Haru, structure 208)",S02050,W032,LGA04,4,yes
BAN-000975,"BAN-000975  (U. Lami, structure 98)",S00657,W007,LGA01,2,yes
BAN-000976,"BAN-000976  (M. Kabo, structure 233)",S00657,W007,LGA01,3,yes
BAN-000977,"BAN-000977  (K. Rabi, structure 195)",S00201,W002,LGA01,3,yes
BAN-000978,"BAN-000978  (K. Tanko, structure 160)",S02243,W035,LGA04,4,yes
BAN-000979,"BAN-000979  (A. Rabi, structure 133)",S02103,W033,LGA03,0,yes
BAN-000980,"BAN-000980  (R. Jibo, structure 61)",S02103,W033,LGA03,0,yes
BAN-000981,"BAN-000981  (U. Musa, structure 111)",S00947,W012,LGA02,4,yes
BAN-000982,"BAN-000982  (A. Haru, structure 259)",S01908,W029,LGA04,2,yes
BAN-000983,"BAN-000983  (R. Dogo, structure 63)",S01908,W029,LGA04,1,yes
BAN-000984,"BAN-000984  (R. Musa, structure 213)",S01908,W029,LGA04,1,yes
BAN-000985,"BAN-000985  (M. Musa, structure 241)",S00680,W008,LGA01,2,no
BAN-000986,"BAN-000986  (Z. Cham, structure 14)",S00680,W008,LGA01,3,yes
BAN-000987,"BAN-000987  (F. Oje, structure 241)",S00680,W008,LGA01,4,yes
BAN-000988,"BAN-000988  (M. Ede, structure 20)",S00680,W008,LGA01,3,yes
BAN-000989,"BAN-000989  (U. Jibo, structure 243)",S00418,W006,LGA01,3,yes
BAN-000990,"BAN-000990  (Z. Rabi, structure 122)",S00418,W006,LGA01,3,no
BAN-000991,"BAN-000991  (A. Dogo, structure 111)",S02509,W040,LGA04,4,yes
BAN-000992,"BAN-000992  (I. Wada, structure 205)",S02509,W040,LGA04,4,no
BAN-000993,"BAN-000993  (F. Rabi, structure 27)",S02509,W040,LGA04,4,no
BAN-000994,"BAN-000994  (H. Rabi, structure 129)",S02509,W040,LGA04,4,yes
BAN-000995,"BAN-000995  (U. Sule, structure 203)",S02509,W040,LGA04,1,yes
BAN-000996,"BAN-000996  (A. Musa, structure 6)",S02236,W035,LGA04,0,yes
BAN-000997,"BAN-000997  (Z. Sule, structure 50)",S02236,W035,LGA04,1,yes
BAN-000998,"BAN-000998  (Z. Tanko, structure 236)",S02236,W035,LGA04,3,no
BAN-000999,"BAN-000999  (Y. Funo, structure 188)",S01263,W016,LGA02,0,yes
BAN-001000,"BAN-001000  (U. Kabo, structure 162)",S01263,W016,LGA02,3,yes
BAN-001001,"BAN-001001  (U. Musa, structure 50)",S01263,W016,LGA02,3,yes
BAN-001002,"BAN-001002  (S. Sule, structure 115)",S01845,W029,LGA04,2,yes
BAN-001003,"BAN-001003  (K. Cham, structure 31)",S01845,W029,LGA04,0,yes
BAN-001004,"BAN-001004  (R. Zubi, structure 154)",S01845,W029,LGA04,3,yes
BAN-001005,"BAN-001005  (I. Oje, structure 73)",S01845,W029,LGA04,0,yes
BAN-001006,"BAN-001006  (Z. Sule, structure 137)",S00222,W003,LGA01,4,yes
BAN-001007,"BAN-001007  (F. Kabo, structure 51)",S00399,W005,LGA02,0,yes
BAN-001008,"BAN-001008  (F. Dogo, structure 150)",S00399,W005,LGA02,3,yes
BAN-001009,"BAN-001009  (Y. Isa, structure 124)",S02476,W040,LGA04,2,yes
BAN-001010,"BAN-001010  (B. Oje, structure 251)",S02476,W040,LGA04,0,yes
BAN-001011,"BAN-001011  (R. Lami, structure 6)",S02476,W040,LGA04,2,yes
BAN-001012,"BAN-001012  (I. Tanko, structure 229)",S01268,W016,LGA02,3,yes
BAN-001013,"BAN-001013  (Y. Ede, structure 91)",S01268,W016,LGA02,1,yes
BAN-001014,"BAN-001014  (S. Kabo, structure 192)",S02156,W033,LGA03,1,yes
BAN-001015,"BAN-001015  (B. Rabi, structure 160)",S01753,W026,LGA03,0,yes
BAN-001016,"BAN-001016  (M. Gani, structure 31)",S01753,W026,LGA03,0,yes
BAN-001017,"BAN-001017  (Y. Isa, structure 56)",S01753,W026,LGA03,0,yes
BAN-001018,"BAN-001018  (B. Lami, structure 55)",S02292,W036,LGA04,1,yes
BAN-001019,"BAN-001019  (H. Lami, structure 32)",S02292,W036,LGA04,3,yes
BAN-001020,"BAN-001020  (Z. Lami, structure 240)",S02336,W037,LGA03,3,yes
BAN-001021,"BAN-001021  (Z. Nura, structure 83)",S02336,W037,LGA03,3,yes
BAN-001022,"BAN-001022  (U. Oje, structure 190)",S02336,W037,LGA03,1,no
BAN-001023,"BAN-001023  (M. Cham, structure 228)",S02336,W037,LGA03,4,yes
BAN-001024,"BAN-001024  (K. Yaro, structure 12)",S01592,W023,LGA03,2,yes
BAN-001025,"BAN-001025  (R. Yaro, structure 239)",S00476,W006,LGA01,0,yes
BAN-001026,"BAN-001026  (B. Funo, structure 216)",S00476,W006,LGA01,0,yes
BAN-001027,"BAN-001027  (U. Wada, structure 161)",S00531,W006,LGA01,2,yes
BAN-001028,"BAN-001028  (F. Musa, structure 258)",S00531,W006,LGA01,3,yes
BAN-001029,"BAN-001029  (I. Sule, structure 4)",S01829,W028,LGA04,2,no
BAN-001030,"BAN-001030  (M. Isa, structure 116)",S01829,W028,LGA04,3,yes
BAN-001031,"BAN-001031  (I. Haru, structure 198)",S01829,W028,LGA04,0,yes
BAN-001032,"BAN-001032  (H. Bala, structure 63)",S01829,W028,LGA04,4,yes
BAN-001033,"BAN-001033  (Y. Haru, structure 141)",S01829,W028,LGA04,2,no
BAN-001034,"BAN-001034  (H. Zubi, structure 83)",S01829,W028,LGA04,3,no
BAN-001035,"BAN-001035  (H. Cham, structure 208)",S00522,W006,LGA01,1,yes
BAN-001036,"BAN-001036  (Z. Rabi, structure 119)",S01346,W018,LGA02,1,yes
BAN-001037,"BAN-001037  (M. Bala, structure 140)",S01346,W018,LGA02,4,yes
BAN-001038,"BAN-001038  (R. Lami, structure 202)",S00596,W007,LGA01,0,yes
BAN-001039,"BAN-001039  (Z. Ede, structure 7)",S00292,W003,LGA01,2,yes
BAN-001040,"BAN-001040  (A. Abu, structure 139)",S00292,W003,LGA01,0,yes
BAN-001041,"BAN-001041  (K. Funo, structure 71)",S00292,W003,LGA01,0,yes
BAN-001042,"BAN-001042  (F. Cham, structure 220)",S00292,W003,LGA01,0,yes
BAN-001043,"BAN-001043  (U. Bala, structure 231)",S00292,W003,LGA01,4,yes
BAN-001044,"BAN-001044  (R. Umar, structure 113)",S02362,W037,LGA03,3,yes
BAN-001045,"BAN-001045  (U. Sule, structure 85)",S02362,W037,LGA03,2,yes
BAN-001046,"BAN-001046  (K. Musa, structure 204)",S02362,W037,LGA03,4,yes
BAN-001047,"BAN-001047  (S. Abu, structure 49)",S02362,W037,LGA03,4,yes
BAN-001048,"BAN-001048  (F. Lami, structure 73)",S00289,W003,LGA01,3,yes
BAN-001049,"BAN-001049  (H. Kabo, structure 115)",S00289,W003,LGA01,1,yes
BAN-001050,"BAN-001050  (U. Cham, structure 125)",S00289,W003,LGA01,4,no
BAN-001051,"BAN-001051  (K. Rabi, structure 127)",S02349,W037,LGA03,0,yes
BAN-001052,"BAN-001052  (S. Wada, structure 99)",S02349,W037,LGA03,1,yes
BAN-001053,"BAN-001053  (Z. Cham, structure 8)",S02349,W037,LGA03,4,yes
BAN-001054,"BAN-001054  (H. Lami, structure 65)",S01504,W020,LGA01,0,yes
BAN-001055,"BAN-001055  (B. Pama, structure 111)",S01504,W020,LGA01,4,yes
BAN-001056,"BAN-001056  (S. Bala, structure 4)",S00360,W004,LGA02,0,yes
BAN-001057,"BAN-001057  (B. Cham, structure 233)",S00613,W007,LGA01,3,yes
BAN-001058,"BAN-001058  (A. Haru, structure 223)",S00543,W007,LGA01,2,yes
BAN-001059,"BAN-001059  (Y. Haru, structure 246)",S00543,W007,LGA01,4,yes
BAN-001060,"BAN-001060  (K. Sule, structure 172)",S00543,W007,LGA01,1,yes
BAN-001061,"BAN-001061  (R. Abu, structure 108)",S00915,W011,LGA02,1,yes
BAN-001062,"BAN-001062  (F. Wada, structure 132)",S00345,W004,LGA02,1,yes
BAN-001063,"BAN-001063  (B. Lami, structure 187)",S00345,W004,LGA02,1,yes
BAN-001064,"BAN-001064  (R. Bala, structure 71)",S02135,W033,LGA03,4,yes
BAN-001065,"BAN-001065  (F. Yaro, structure 136)",S02135,W033,LGA03,4,yes
BAN-001066,"BAN-001066  (Y. Nura, structure 245)",S02135,W033,LGA03,1,yes
BAN-001067,"BAN-001067  (Z. Haru, structure 147)",S02109,W033,LGA03,4,yes
BAN-001068,"BAN-001068  (F. Abu, structure 60)",S00456,W006,LGA01,1,yes
BAN-001069,"BAN-001069  (I. Tanko, structure 51)",S00456,W006,LGA01,1,yes
BAN-001070,"BAN-001070  (Y. Abu, structure 206)",S00456,W006,LGA01,0,yes
BAN-001071,"BAN-001071  (M. Funo, structure 66)",S00456,W006,LGA01,3,yes
BAN-001072,"BAN-001072  (Z. Cham, structure 150)",S00456,W006,LGA01,0,yes
BAN-001073,"BAN-001073  (S. Funo, structure 214)",S01170,W015,LGA01,1,yes
BAN-001074,"BAN-001074  (A. Nura, structure 248)",S01170,W015,LGA01,0,yes
BAN-001075,"BAN-001075  (B. Cham, structure 79)",S01170,W015,LGA01,0,yes
BAN-001076,"BAN-001076  (R. Sule, structure 230)",S01170,W015,LGA01,0,yes
BAN-001077,"BAN-001077  (B. Ede, structure 71)",S01170,W015,LGA01,2,yes
BAN-001078,"BAN-001078  (H. Jibo, structure 39)",S01430,W020,LGA01,3,yes
BAN-001079,"BAN-001079  (U. Jibo, structure 50)",S01430,W020,LGA01,3,yes
BAN-001080,"BAN-001080  (H. Ede, structure 202)",S01430,W020,LGA01,1,yes
BAN-001081,"BAN-001081  (M. Kabo, structure 57)",S01430,W020,LGA01,4,yes
BAN-001082,"BAN-001082  (B. Tanko, structure 251)",S02045,W031,LGA03,2,no
BAN-001083,"BAN-001083  (F. Lami, structure 116)",S02045,W031,LGA03,0,yes
BAN-001084,"BAN-001084  (U. Haru, structure 154)",S01841,W028,LGA04,2,yes
BAN-001085,"BAN-001085  (Y. Jibo, structure 201)",S01841,W028,LGA04,0,yes
BAN-001086,"BAN-001086  (Z. Rabi, structure 21)",S01841,W028,LGA04,2,yes
BAN-001087,"BAN-001087  (Z. Dogo, structure 200)",S01841,W028,LGA04,3,yes
BAN-001088,"BAN-001088  (U. Pama, structure 114)",S01841,W028,LGA04,2,yes
BAN-001089,"BAN-001089  (I. Jibo, structure 39)",S01841,W028,LGA04,3,yes
BAN-001090,"BAN-001090  (S. Isa, structure 218)",S01841,W028,LGA04,1,yes
BAN-001091,"BAN-001091  (A. Nura, structure 116)",S00753,W008,LGA01,4,no
BAN-001092,"BAN-001092  (Z. Bala, structure 92)",S01462,W020,LGA01,3,yes
BAN-001093,"BAN-001093  (K. Zubi, structure 155)",S01462,W020,LGA01,2,yes
BAN-001094,"BAN-001094  (U. Tanko, structure 107)",S01462,W020,LGA01,0,yes
BAN-001095,"BAN-001095  (U. Dogo, structure 164)",S00462,W006,LGA01,0,yes
BAN-001096,"BAN-001096  (B. Haru, structure 11)",S00462,W006,LGA01,1,yes
BAN-001097,"BAN-001097  (A. Bala, structure 155)",S00462,W006,LGA01,4,yes
BAN-001098,"BAN-001098  (M. Yaro, structure 162)",S01159,W015,LGA01,1,yes
BAN-001099,"BAN-001099  (K. Funo, structure 251)",S01045,W014,LGA01,3,yes
BAN-001100,"BAN-001100  (Y. Tanko, structure 225)",S01045,W014,LGA01,4,yes
BAN-001101,"BAN-001101  (F. Nura, structure 192)",S01045,W014,LGA01,2,yes
BAN-001102,"BAN-001102  (F. Lami, structure 85)",S02079,W032,LGA04,1,yes
BAN-001103,"BAN-001103  (Y. Lami, structure 232)",S02079,W032,LGA04,3,yes
BAN-001104,"BAN-001104  (H. Haru, structure 74)",S02079,W032,LGA04,3,yes
BAN-001105,"BAN-001105  (I. Gani, structure 99)",S02079,W032,LGA04,1,yes
BAN-001106,"BAN-001106  (I. Abu, structure 228)",S01910,W029,LGA04,0,no
BAN-001107,"BAN-001107  (S. Musa, structure 93)",S01910,W029,LGA04,3,yes
BAN-001108,"BAN-001108  (S. Lami, structure 128)",S01910,W029,LGA04,3,no
BAN-001109,"BAN-001109  (K. Dogo, structure 22)",S02342,W037,LGA03,1,yes
BAN-001110,"BAN-001110  (A. Umar, structure 60)",S02342,W037,LGA03,3,yes
BAN-001111,"BAN-001111  (A. Tanko, structure 98)",S02342,W037,LGA03,4,yes
BAN-001112,"BAN-001112  (H. Musa, structure 55)",S01310,W017,LGA03,4,yes
BAN-001113,"BAN-001113  (B. Umar, structure 9)",S01310,W017,LGA03,3,no
BAN-001114,"BAN-001114  (Z. Oje, structure 168)",S01310,W017,LGA03,2,yes
BAN-001115,"BAN-001115  (Z. Ede, structure 23)",S00461,W006,LGA01,0,yes
BAN-001116,"BAN-001116  (B. Zubi, structure 8)",S00461,W006,LGA01,3,yes
BAN-001117,"BAN-001117  (R. Yaro, structure 100)",S00461,W006,LGA01,2,yes
BAN-001118,"BAN-001118  (Z. Yaro, structure 142)",S00777,W008,LGA01,0,yes
BAN-001119,"BAN-001119  (H. Umar, structure 244)",S00777,W008,LGA01,1,yes
BAN-001120,"BAN-001120  (R. Cham, structure 107)",S00777,W008,LGA01,4,yes
BAN-001121,"BAN-001121  (I. Cham, structure 72)",S00777,W008,LGA01,3,yes
BAN-001122,"BAN-001122  (Y. Zubi, structure 18)",S01219,W015,LGA01,1,yes
BAN-001123,"BAN-001123  (F. Dogo, structure 242)",S01219,W015,LGA01,3,yes
BAN-001124,"BAN-001124  (S. Kabo, structure 37)",S01219,W015,LGA01,3,yes
BAN-001125,"BAN-001125  (Y. Dogo, structure 135)",S00604,W007,LGA01,4,yes
BAN-001126,"BAN-001126  (R. Ede, structure 99)",S00604,W007,LGA01,0,yes
BAN-001127,"BAN-001127  (H. Yaro, structure 74)",S00604,W007,LGA01,3,yes
BAN-001128,"BAN-001128  (I. Cham, structure 206)",S02422,W038,LGA03,4,yes
BAN-001129,"BAN-001129  (S. Funo, structure 116)",S01940,W030,LGA04,1,yes
BAN-001130,"BAN-001130  (F. Zubi, structure 191)",S02105,W033,LGA03,2,yes
BAN-001131,"BAN-001131  (F. Nura, structure 202)",S02105,W033,LGA03,0,yes
BAN-001132,"BAN-001132  (U. Wada, structure 187)",S02105,W033,LGA03,4,yes
BAN-001133,"BAN-001133  (A. Lami, structure 137)",S02105,W033,LGA03,4,yes
BAN-001134,"BAN-001134  (K. Cham, structure 137)",S00567,W007,LGA01,3,yes
BAN-001135,"BAN-001135  (I. Oje, structure 101)",S00567,W007,LGA01,1,yes
BAN-001136,"BAN-001136  (K. Lami, structure 119)",S01323,W018,LGA02,0,yes
BAN-001137,"BAN-001137  (S. Dogo, structure 205)",S01323,W018,LGA02,0,yes
BAN-001138,"BAN-001138  (K. Pama, structure 157)",S01323,W018,LGA02,1,no
BAN-001139,"BAN-001139  (F. Funo, structure 170)",S00994,W013,LGA02,1,yes
BAN-001140,"BAN-001140  (R. Isa, structure 226)",S00994,W013,LGA02,3,yes
BAN-001141,"BAN-001141  (H. Cham, structure 142)",S00830,W010,LGA02,0,yes
BAN-001142,"BAN-001142  (K. Nura, structure 80)",S00830,W010,LGA02,1,yes
BAN-001143,"BAN-001143  (A. Pama, structure 183)",S00830,W010,LGA02,4,yes
BAN-001144,"BAN-001144  (H. Jibo, structure 143)",S00830,W010,LGA02,1,yes
BAN-001145,"BAN-001145  (A. Jibo, structure 69)",S00960,W013,LGA02,0,yes
BAN-001146,"BAN-001146  (I. Kabo, structure 104)",S01839,W028,LGA04,4,yes
BAN-001147,"BAN-001147  (S. Yaro, structure 58)",S01839,W028,LGA04,0,yes
BAN-001148,"BAN-001148  (R. Rabi, structure 146)",S00823,W009,LGA02,0,yes
BAN-001149,"BAN-001149  (R. Nura, structure 2)",S01375,W019,LGA04,3,yes
BAN-001150,"BAN-001150  (B. Oje, structure 151)",S01375,W019,LGA04,0,yes
BAN-001151,"BAN-001151  (U. Nura, structure 237)",S01375,W019,LGA04,0,yes
BAN-001152,"BAN-001152  (M. Lami, structure 197)",S01375,W019,LGA04,4,yes
BAN-001153,"BAN-001153  (I. Abu, structure 43)",S00096,W001,LGA01,0,yes
BAN-001154,"BAN-001154  (U. Gani, structure 160)",S01215,W015,LGA01,3,yes
BAN-001155,"BAN-001155  (A. Oje, structure 88)",S01215,W015,LGA01,3,yes
BAN-001156,"BAN-001156  (R. Haru, structure 156)",S01215,W015,LGA01,2,yes
BAN-001157,"BAN-001157  (I. Abu, structure 223)",S01215,W015,LGA01,1,yes
BAN-001158,"BAN-001158  (R. Kabo, structure 71)",S01215,W015,LGA01,2,yes
BAN-001159,"BAN-001159  (Z. Zubi, structure 112)",S02018,W031,LGA03,4,yes
BAN-001160,"BAN-001160  (K. Yaro, structure 54)",S02018,W031,LGA03,0,yes
BAN-001161,"BAN-001161  (U. Haru, structure 101)",S02018,W031,LGA03,3,yes
BAN-001162,"BAN-001162  (R. Pama, structure 235)",S02018,W031,LGA03,0,yes
BAN-001163,"BAN-001163  (Y. Musa, structure 243)",S01469,W020,LGA01,1,yes
BAN-001164,"BAN-001164  (R. Wada, structure 17)",S01469,W020,LGA01,0,yes
BAN-001165,"BAN-001165  (U. Sule, structure 166)",S01364,W018,LGA02,0,yes
BAN-001166,"BAN-001166  (U. Cham, structure 61)",S01364,W018,LGA02,2,yes
BAN-001167,"BAN-001167  (I. Tanko, structure 181)",S01364,W018,LGA02,0,yes
BAN-001168,"BAN-001168  (Y. Ede, structure 81)",S01089,W014,LGA01,1,yes
BAN-001169,"BAN-001169  (F. Umar, structure 138)",S01488,W020,LGA01,4,yes
BAN-001170,"BAN-001170  (Y. Sule, structure 207)",S01488,W020,LGA01,3,yes
BAN-001171,"BAN-001171  (Y. Umar, structure 254)",S01488,W020,LGA01,1,yes
BAN-001172,"BAN-001172  (F. Sule, structure 164)",S01488,W020,LGA01,1,yes
BAN-001173,"BAN-001173  (M. Gani, structure 1)",S00359,W004,LGA02,2,yes
BAN-001174,"BAN-001174  (S. Rabi, structure 76)",S00359,W004,LGA02,1,yes
BAN-001175,"BAN-001175  (B. Haru, structure 219)",S00359,W004,LGA02,4,yes
BAN-001176,"BAN-001176  (K. Wada, structure 53)",S00606,W007,LGA01,0,yes
BAN-001177,"BAN-001177  (F. Jibo, structure 232)",S00606,W007,LGA01,4,yes
BAN-001178,"BAN-001178  (I. Funo, structure 67)",S00606,W007,LGA01,3,yes
BAN-001179,"BAN-001179  (B. Umar, structure 169)",S00606,W007,LGA01,3,yes
BAN-001180,"BAN-001180  (I. Tanko, structure 31)",S00092,W001,LGA01,3,yes
BAN-001181,"BAN-001181  (M. Lami, structure 247)",S00307,W003,LGA01,0,yes
BAN-001182,"BAN-001182  (A. Lami, structure 106)",S00307,W003,LGA01,4,yes
BAN-001183,"BAN-001183  (Y. Bala, structure 65)",S00307,W003,LGA01,4,yes
BAN-001184,"BAN-001184  (I. Jibo, structure 258)",S00307,W003,LGA01,1,yes
BAN-001185,"BAN-001185  (F. Bala, structure 140)",S01691,W025,LGA04,0,yes
BAN-001186,"BAN-001186  (H. Wada, structure 77)",S01820,W028,LGA04,2,yes
BAN-001187,"BAN-001187  (R. Nura, structure 39)",S01820,W028,LGA04,1,yes
BAN-001188,"BAN-001188  (H. Nura, structure 164)",S01820,W028,LGA04,0,yes
BAN-001189,"BAN-001189  (K. Tanko, structure 82)",S01820,W028,LGA04,1,yes
BAN-001190,"BAN-001190  (S. Dogo, structure 105)",S01820,W028,LGA04,1,yes
BAN-001191,"BAN-001191  (S. Cham, structure 137)",S02017,W031,LGA03,1,yes
BAN-001192,"BAN-001192  (Z. Tanko, structure 227)",S00946,W012,LGA02,1,no
BAN-001193,"BAN-001193  (A. Jibo, structure 55)",S00946,W012,LGA02,4,yes
BAN-001194,"BAN-001194  (U. Cham, structure 16)",S00946,W012,LGA02,4,yes
BAN-001195,"BAN-001195  (Z. Abu, structure 172)",S00946,W012,LGA02,1,yes
BAN-001196,"BAN-001196  (Z. Pama, structure 58)",S01234,W016,LGA02,0,no
BAN-001197,"BAN-001197  (F. Cham, structure 77)",S01234,W016,LGA02,3,yes
BAN-001198,"BAN-001198  (H. Dogo, structure 71)",S01234,W016,LGA02,0,yes
BAN-001199,"BAN-001199  (A. Gani, structure 197)",S01234,W016,LGA02,1,yes
BAN-001200,"BAN-001200  (K. Lami, structure 211)",S01080,W014,LGA01,0,yes
BAN-001201,"BAN-001201  (R. Oje, structure 180)",S01766,W027,LGA03,0,yes
BAN-001202,"BAN-001202  (Z. Musa, structure 89)",S01766,W027,LGA03,4,yes
BAN-001203,"BAN-001203  (B. Gani, structure 153)",S01897,W029,LGA04,3,yes
BAN-001204,"BAN-001204  (U. Kabo, structure 172)",S01296,W017,LGA03,3,yes
BAN-001205,"BAN-001205  (F. Wada, structure 173)",S01867,W029,LGA04,0,yes
BAN-001206,"BAN-001206  (S. Cham, structure 102)",S01867,W029,LGA04,4,yes
BAN-001207,"BAN-001207  (H. Umar, structure 211)",S01867,W029,LGA04,2,yes
BAN-001208,"BAN-001208  (B. Dogo, structure 6)",S00525,W006,LGA01,3,yes
BAN-001209,"BAN-001209  (S. Dogo, structure 18)",S00525,W006,LGA01,1,yes
BAN-001210,"BAN-001210  (U. Tanko, structure 58)",S00525,W006,LGA01,1,yes
BAN-001211,"BAN-001211  (H. Nura, structure 74)",S00525,W006,LGA01,2,yes
BAN-001212,"BAN-001212  (I. Oje, structure 84)",S00013,W001,LGA01,0,yes
BAN-001213,"BAN-001213  (I. Ede, structure 190)",S00013,W001,LGA01,3,yes
BAN-001214,"BAN-001214  (R. Tanko, structure 64)",S00464,W006,LGA01,4,yes
BAN-001215,"BAN-001215  (A. Ede, structure 29)",S00464,W006,LGA01,2,yes
BAN-001216,"BAN-001216  (R. Umar, structure 115)",S00464,W006,LGA01,3,yes
BAN-001217,"BAN-001217  (I. Gani, structure 23)",S00464,W006,LGA01,4,yes
BAN-001218,"BAN-001218  (I. Isa, structure 150)",S00464,W006,LGA01,1,yes
BAN-001219,"BAN-001219  (U. Pama, structure 136)",S00464,W006,LGA01,3,yes
BAN-001220,"BAN-001220  (R. Oje, structure 162)",S01760,W027,LGA03,0,no
BAN-001221,"BAN-001221  (H. Bala, structure 2)",S01760,W027,LGA03,3,yes
BAN-001222,"BAN-001222  (R. Rabi, structure 185)",S01760,W027,LGA03,4,no
BAN-001223,"BAN-001223  (Z. Kabo, structure 246)",S00321,W003,LGA01,4,yes
BAN-001224,"BAN-001224  (H. Haru, structure 192)",S00321,W003,LGA01,0,yes
BAN-001225,"BAN-001225  (Z. Bala, structure 233)",S00321,W003,LGA01,2,yes
BAN-001226,"BAN-001226  (Z. Sule, structure 92)",S01388,W019,LGA04,3,yes
BAN-001227,"BAN-001227  (R. Ede, structure 66)",S01388,W019,LGA04,1,yes
BAN-001228,"BAN-001228  (F. Oje, structure 257)",S01388,W019,LGA04,2,yes
BAN-001229,"BAN-001229  (K. Nura, structure 122)",S00131,W002,LGA01,4,yes
BAN-001230,"BAN-001230  (Z. Zubi, structure 23)",S00131,W002,LGA01,0,yes
BAN-001231,"BAN-001231  (A. Yaro, structure 251)",S00079,W001,LGA01,1,yes
BAN-001232,"BAN-001232  (Y. Oje, structure 10)",S01341,W018,LGA02,2,yes
BAN-001233,"BAN-001233  (A. Gani, structure 69)",S01341,W018,LGA02,0,yes
BAN-001234,"BAN-001234  (M. Zubi, structure 41)",S02347,W037,LGA03,3,yes
BAN-001235,"BAN-001235  (U. Sule, structure 10)",S02347,W037,LGA03,2,no
BAN-001236,"BAN-001236  (K. Sule, structure 172)",S01052,W014,LGA01,0,yes
BAN-001237,"BAN-001237  (A. Nura, structure 104)",S01052,W014,LGA01,0,yes
BAN-001238,"BAN-001238  (M. Funo, structure 43)",S00699,W008,LGA01,1,yes
BAN-001239,"BAN-001239  (R. Tanko, structure 219)",S00699,W008,LGA01,0,yes
BAN-001240,"BAN-001240  (H. Abu, structure 206)",S01774,W027,LGA03,0,no
BAN-001241,"BAN-001241  (U. Sule, structure 48)",S01774,W027,LGA03,3,yes
BAN-001242,"BAN-001242  (Z. Dogo, structure 211)",S01774,W027,LGA03,4,yes
BAN-001243,"BAN-001243  (F. Abu, structure 164)",S01774,W027,LGA03,4,yes
BAN-001244,"BAN-001244  (F. Funo, structure 42)",S01587,W022,LGA03,4,no
BAN-001245,"BAN-001245  (F. Umar, structure 187)",S00431,W006,LGA01,2,yes
BAN-001246,"BAN-001246  (F. Haru, structure 236)",S00431,W006,LGA01,4,yes
BAN-001247,"BAN-001247  (S. Nura, structure 58)",S01987,W030,LGA04,4,yes
BAN-001248,"BAN-001248  (U. Musa, structure 101)",S01987,W030,LGA04,0,yes
BAN-001249,"BAN-001249  (K. Lami, structure 214)",S00152,W002,LGA01,0,no
BAN-001250,"BAN-001250  (M. Kabo, structure 48)",S00152,W002,LGA01,3,yes
BAN-001251,"BAN-001251  (Z. Bala, structure 65)",S02011,W031,LGA03,3,yes
BAN-001252,"BAN-001252  (A. Gani, structure 38)",S00481,W006,LGA01,4,yes
BAN-001253,"BAN-001253  (B. Nura, structure 203)",S01775,W027,LGA03,3,yes
BAN-001254,"BAN-001254  (K. Kabo, structure 225)",S01775,W027,LGA03,1,yes
BAN-001255,"BAN-001255  (K. Lami, structure 189)",S01775,W027,LGA03,4,yes
BAN-001256,"BAN-001256  (M. Yaro, structure 126)",S01775,W027,LGA03,0,yes
BAN-001257,"BAN-001257  (S. Pama, structure 2)",S00175,W002,LGA01,4,yes
BAN-001258,"BAN-001258  (I. Dogo, structure 64)",S00175,W002,LGA01,0,yes
BAN-001259,"BAN-001259  (F. Haru, structure 15)",S00175,W002,LGA01,1,yes
BAN-001260,"BAN-001260  (F. Umar, structure 149)",S01911,W029,LGA04,0,yes
BAN-001261,"BAN-001261  (S. Zubi, structure 105)",S01911,W029,LGA04,2,yes
BAN-001262,"BAN-001262  (K. Umar, structure 211)",S01911,W029,LGA04,4,no
BAN-001263,"BAN-001263  (A. Umar, structure 165)",S01980,W030,LGA04,0,yes
BAN-001264,"BAN-001264  (S. Funo, structure 247)",S01656,W024,LGA04,4,yes
BAN-001265,"BAN-001265  (U. Rabi, structure 251)",S01656,W024,LGA04,2,yes
BAN-001266,"BAN-001266  (Z. Dogo, structure 97)",S01966,W030,LGA04,3,yes
BAN-001267,"BAN-001267  (B. Cham, structure 107)",S01966,W030,LGA04,2,yes
BAN-001268,"BAN-001268  (A. Abu, structure 84)",S01966,W030,LGA04,2,yes
BAN-001269,"BAN-001269  (H. Ede, structure 101)",S01966,W030,LGA04,0,yes
BAN-001270,"BAN-001270  (H. Isa, structure 149)",S01966,W030,LGA04,4,yes
BAN-001271,"BAN-001271  (Z. Wada, structure 204)",S01966,W030,LGA04,4,yes
BAN-001272,"BAN-001272  (Y. Dogo, structure 214)",S01702,W025,LGA04,4,yes
BAN-001273,"BAN-001273  (H. Lami, structure 176)",S00272,W003,LGA01,2,yes
BAN-001274,"BAN-001274  (F. Haru, structure 180)",S00272,W003,LGA01,4,yes
BAN-001275,"BAN-001275  (F. Lami, structure 199)",S00272,W003,LGA01,3,yes
BAN-001276,"BAN-001276  (U. Kabo, structure 248)",S00272,W003,LGA01,3,yes
BAN-001277,"BAN-001277  (I. Abu, structure 149)",S02116,W033,LGA03,2,yes
BAN-001278,"BAN-001278  (F. Gani, structure 32)",S02116,W033,LGA03,4,yes
BAN-001279,"BAN-001279  (I. Musa, structure 226)",S00940,W012,LGA02,3,yes
BAN-001280,"BAN-001280  (A. Kabo, structure 16)",S00765,W008,LGA01,3,yes
BAN-001281,"BAN-001281  (S. Nura, structure 195)",S00765,W008,LGA01,3,yes
BAN-001282,"BAN-001282  (K. Yaro, structure 159)",S00765,W008,LGA01,3,yes
BAN-001283,"BAN-001283  (B. Dogo, structure 200)",S00765,W008,LGA01,4,yes
BAN-001284,"BAN-001284  (F. Dogo, structure 28)",S00765,W008,LGA01,4,yes
BAN-001285,"BAN-001285  (F. Haru, structure 241)",S02304,W036,LGA04,1,yes
BAN-001286,"BAN-001286  (K. Kabo, structure 145)",S02304,W036,LGA04,2,yes
BAN-001287,"BAN-001287  (S. Cham, structure 10)",S00859,W010,LGA02,0,yes
BAN-001288,"BAN-001288  (Y. Bala, structure 225)",S00859,W010,LGA02,3,yes
BAN-001289,"BAN-001289  (R. Kabo, structure 149)",S01372,W019,LGA04,3,yes
BAN-001290,"BAN-001290  (H. Nura, structure 130)",S01372,W019,LGA04,2,yes
BAN-001291,"BAN-001291  (R. Gani, structure 124)",S01372,W019,LGA04,4,yes
BAN-001292,"BAN-001292  (H. Tanko, structure 67)",S01372,W019,LGA04,2,yes
BAN-001293,"BAN-001293  (A. Funo, structure 217)",S01372,W019,LGA04,1,yes
BAN-001294,"BAN-001294  (U. Tanko, structure 120)",S01588,W022,LGA03,1,yes
BAN-001295,"BAN-001295  (Z. Lami, structure 223)",S02327,W037,LGA03,4,yes
BAN-001296,"BAN-001296  (Y. Yaro, structure 134)",S02327,W037,LGA03,4,yes
BAN-001297,"BAN-001297  (B. Haru, structure 178)",S02216,W034,LGA03,2,yes
BAN-001298,"BAN-001298  (I. Nura, structure 32)",S02216,W034,LGA03,0,yes
BAN-001299,"BAN-001299  (A. Lami, structure 203)",S00638,W007,LGA01,0,yes
BAN-001300,"BAN-001300  (H. Umar, structure 24)",S00638,W007,LGA01,1,yes
BAN-001301,"BAN-001301  (Z. Bala, structure 226)",S00638,W007,LGA01,3,yes
BAN-001302,"BAN-001302  (A. Kabo, structure 237)",S00314,W003,LGA01,2,yes
BAN-001303,"BAN-001303  (K. Umar, structure 124)",S00314,W003,LGA01,4,yes
BAN-001304,"BAN-001304  (Y. Kabo, structure 192)",S00095,W001,LGA01,2,yes
BAN-001305,"BAN-001305  (H. Bala, structure 7)",S00095,W001,LGA01,0,no
BAN-001306,"BAN-001306  (M. Umar, structure 190)",S00282,W003,LGA01,1,yes
BAN-001307,"BAN-001307  (K. Abu, structure 229)",S01795,W028,LGA04,1,yes
BAN-001308,"BAN-001308  (B. Funo, structure 161)",S02437,W039,LGA04,4,yes
BAN-001309,"BAN-001309  (H. Wada, structure 220)",S02437,W039,LGA04,0,yes
BAN-001310,"BAN-001310  (Z. Dogo, structure 184)",S02437,W039,LGA04,4,yes
BAN-001311,"BAN-001311  (Y. Nura, structure 23)",S00619,W007,LGA01,1,yes
BAN-001312,"BAN-001312  (S. Rabi, structure 45)",S01254,W016,LGA02,0,yes
BAN-001313,"BAN-001313  (U. Ede, structure 44)",S01994,W031,LGA03,0,yes
BAN-001314,"BAN-001314  (Z. Lami, structure 94)",S01994,W031,LGA03,3,yes
BAN-001315,"BAN-001315  (U. Abu, structure 245)",S01994,W031,LGA03,4,yes
BAN-001316,"BAN-001316  (K. Zubi, structure 54)",S01994,W031,LGA03,3,yes
BAN-001317,"BAN-001317  (S. Nura, structure 196)",S01994,W031,LGA03,3,yes
BAN-001318,"BAN-001318  (S. Gani, structure 138)",S01994,W031,LGA03,2,yes
BAN-001319,"BAN-001319  (I. Isa, structure 12)",S01994,W031,LGA03,0,yes
BAN-001320,"BAN-001320  (A. Umar, structure 85)",S01543,W021,LGA02,4,yes
BAN-001321,"BAN-001321  (Z. Funo, structure 57)",S01543,W021,LGA02,2,yes
BAN-001322,"BAN-001322  (S. Jibo, structure 122)",S01852,W029,LGA04,0,yes
BAN-001323,"BAN-001323  (Y. Isa, structure 64)",S01852,W029,LGA04,4,yes
BAN-001324,"BAN-001324  (R. Yaro, structure 112)",S01852,W029,LGA04,3,yes
BAN-001325,"BAN-001325  (M. Oje, structure 66)",S00592,W007,LGA01,4,yes
BAN-001326,"BAN-001326  (Y. Jibo, structure 191)",S00592,W007,LGA01,3,yes
BAN-001327,"BAN-001327  (Z. Pama, structure 101)",S02339,W037,LGA03,1,yes
BAN-001328,"BAN-001328  (U. Tanko, structure 238)",S02339,W037,LGA03,3,yes
BAN-001329,"BAN-001329  (S. Lami, structure 195)",S02339,W037,LGA03,0,yes
BAN-001330,"BAN-001330  (B. Umar, structure 25)",S02339,W037,LGA03,4,yes
BAN-001331,"BAN-001331  (Y. Abu, structure 42)",S02339,W037,LGA03,0,yes
BAN-001332,"BAN-001332  (S. Ede, structure 8)",S00795,W009,LGA02,1,yes
BAN-001333,"BAN-001333  (F. Ede, structure 104)",S00795,W009,LGA02,4,no
BAN-001334,"BAN-001334  (F. Haru, structure 55)",S00795,W009,LGA02,4,yes
BAN-001335,"BAN-001335  (I. Yaro, structure 186)",S00795,W009,LGA02,1,yes
BAN-001336,"BAN-001336  (R. Tanko, structure 45)",S00665,W008,LGA01,1,yes
BAN-001337,"BAN-001337  (M. Funo, structure 10)",S00665,W008,LGA01,3,yes
BAN-001338,"BAN-001338  (S. Bala, structure 43)",S00439,W006,LGA01,0,no
BAN-001339,"BAN-001339  (R. Sule, structure 221)",S00439,W006,LGA01,4,yes
BAN-001340,"BAN-001340  (M. Ede, structure 63)",S00439,W006,LGA01,0,yes
BAN-001341,"BAN-001341  (K. Tanko, structure 129)",S01390,W019,LGA04,3,yes
BAN-001342,"BAN-001342  (A. Dogo, structure 258)",S01390,W019,LGA04,1,yes
BAN-001343,"BAN-001343  (U. Kabo, structure 97)",S01390,W019,LGA04,3,no
BAN-001344,"BAN-001344  (B. Oje, structure 65)",S00780,W008,LGA01,3,yes
BAN-001345,"BAN-001345  (B. Yaro, structure 20)",S00780,W008,LGA01,4,yes
BAN-001346,"BAN-001346  (K. Haru, structure 139)",S00397,W005,LGA02,2,yes
BAN-001347,"BAN-001347  (M. Pama, structure 141)",S00397,W005,LGA02,0,yes
BAN-001348,"BAN-001348  (S. Pama, structure 93)",S00397,W005,LGA02,3,yes
BAN-001349,"BAN-001349  (B. Musa, structure 212)",S00507,W006,LGA01,2,yes
BAN-001350,"BAN-001350  (K. Dogo, structure 184)",S00507,W006,LGA01,4,yes
BAN-001351,"BAN-001351  (H. Zubi, structure 100)",S02097,W032,LGA04,1,yes
BAN-001352,"BAN-001352  (K. Funo, structure 252)",S00689,W008,LGA01,4,yes
BAN-001353,"BAN-001353  (R. Umar, structure 32)",S00652,W007,LGA01,4,no
BAN-001354,"BAN-001354  (B. Ede, structure 84)",S00652,W007,LGA01,4,yes
BAN-001355,"BAN-001355  (F. Musa, structure 215)",S00652,W007,LGA01,1,yes
BAN-001356,"BAN-001356  (F. Gani, structure 20)",S00652,W007,LGA01,3,yes
BAN-001357,"BAN-001357  (F. Rabi, structure 32)",S02064,W032,LGA04,3,yes
BAN-001358,"BAN-001358  (H. Jibo, structure 231)",S02064,W032,LGA04,2,yes
BAN-001359,"BAN-001359  (U. Haru, structure 110)",S00009,W001,LGA01,2,no
BAN-001360,"BAN-001360  (S. Tanko, structure 64)",S00009,W001,LGA01,2,yes
BAN-001361,"BAN-001361  (I. Cham, structure 55)",S00009,W001,LGA01,0,yes
BAN-001362,"BAN-001362  (K. Tanko, structure 70)",S00009,W001,LGA01,2,yes
BAN-001363,"BAN-001363  (H. Wada, structure 214)",S00009,W001,LGA01,4,yes
BAN-001364,"BAN-001364  (F. Bala, structure 235)",S00799,W009,LGA02,3,yes
BAN-001365,"BAN-001365  (B. Isa, structure 186)",S02207,W034,LGA03,0,yes
BAN-001366,"BAN-001366  (S. Ede, structure 245)",S02207,W034,LGA03,4,yes
BAN-001367,"BAN-001367  (H. Bala, structure 45)",S00982,W013,LGA02,1,yes
BAN-001368,"BAN-001368  (S. Lami, structure 150)",S02311,W036,LGA04,4,yes
BAN-001369,"BAN-001369  (A. Ede, structure 208)",S00603,W007,LGA01,2,yes
BAN-001370,"BAN-001370  (M. Funo, structure 110)",S00603,W007,LGA01,1,yes
BAN-001371,"BAN-001371  (Y. Ede, structure 242)",S01958,W030,LGA04,1,yes
BAN-001372,"BAN-001372  (Y. Nura, structure 6)",S01958,W030,LGA04,0,no
BAN-001373,"BAN-001373  (I. Yaro, structure 186)",S01958,W030,LGA04,4,yes
BAN-001374,"BAN-001374  (M. Abu, structure 192)",S01958,W030,LGA04,2,yes
BAN-001375,"BAN-001375  (F. Tanko, structure 2)",S01517,W021,LGA02,0,yes
BAN-001376,"BAN-001376  (K. Ede, structure 83)",S00623,W007,LGA01,1,yes
BAN-001377,"BAN-001377  (Z. Yaro, structure 242)",S00623,W007,LGA01,0,yes
BAN-001378,"BAN-001378  (A. Isa, structure 8)",S00623,W007,LGA01,1,yes
BAN-001379,"BAN-001379  (F. Wada, structure 255)",S00623,W007,LGA01,3,yes
BAN-001380,"BAN-001380  (H. Oje, structure 253)",S00623,W007,LGA01,0,no
BAN-001381,"BAN-001381  (I. Dogo, structure 133)",S02363,W038,LGA03,3,yes
BAN-001382,"BAN-001382  (M. Oje, structure 115)",S02363,W038,LGA03,2,yes
BAN-001383,"BAN-001383  (I. Bala, structure 113)",S01314,W017,LGA03,2,yes
BAN-001384,"BAN-001384  (Z. Rabi, structure 93)",S02457,W039,LGA04,4,no
BAN-001385,"BAN-001385  (F. Pama, structure 167)",S02457,W039,LGA04,3,no
BAN-001386,"BAN-001386  (H. Dogo, structure 160)",S02053,W032,LGA04,2,yes
BAN-001387,"BAN-001387  (Y. Nura, structure 257)",S02053,W032,LGA04,3,yes
BAN-001388,"BAN-001388  (H. Dogo, structure 199)",S02053,W032,LGA04,3,yes
BAN-001389,"BAN-001389  (U. Dogo, structure 249)",S02053,W032,LGA04,0,yes
BAN-001390,"BAN-001390  (U. Kabo, structure 237)",S02053,W032,LGA04,1,yes
BAN-001391,"BAN-001391  (Z. Jibo, structure 58)",S00916,W011,LGA02,4,yes
BAN-001392,"BAN-001392  (M. Kabo, structure 136)",S00155,W002,LGA01,1,yes
BAN-001393,"BAN-001393  (S. Yaro, structure 108)",S00748,W008,LGA01,1,yes
BAN-001394,"BAN-001394  (B. Rabi, structure 229)",S01175,W015,LGA01,2,yes
BAN-001395,"BAN-001395  (F. Pama, structure 107)",S01175,W015,LGA01,4,no
BAN-001396,"BAN-001396  (F. Yaro, structure 39)",S00871,W010,LGA02,4,yes
BAN-001397,"BAN-001397  (A. Kabo, structure 210)",S00871,W010,LGA02,3,yes
BAN-001398,"BAN-001398  (I. Tanko, structure 12)",S00871,W010,LGA02,0,yes
BAN-001399,"BAN-001399  (M. Funo, structure 152)",S00871,W010,LGA02,3,yes
BAN-001400,"BAN-001400  (S. Sule, structure 15)",S00138,W002,LGA01,1,yes
BAN-001401,"BAN-001401  (U. Tanko, structure 17)",S00588,W007,LGA01,4,yes
BAN-001402,"BAN-001402  (B. Lami, structure 74)",S01400,W019,LGA04,2,yes
BAN-001403,"BAN-001403  (U. Abu, structure 143)",S01400,W019,LGA04,0,no
BAN-001404,"BAN-001404  (K. Gani, structure 58)",S01400,W019,LGA04,2,yes
BAN-001405,"BAN-001405  (M. Ede, structure 48)",S01347,W018,LGA02,0,yes
BAN-001406,"BAN-001406  (M. Dogo, structure 201)",S01347,W018,LGA02,4,yes
BAN-001407,"BAN-001407  (Z. Ede, structure 143)",S01919,W029,LGA04,1,no
BAN-001408,"BAN-001408  (B. Umar, structure 139)",S01115,W015,LGA01,0,yes
BAN-001409,"BAN-001409  (K. Oje, structure 94)",S01115,W015,LGA01,1,yes
BAN-001410,"BAN-001410  (U. Ede, structure 155)",S01115,W015,LGA01,1,yes
BAN-001411,"BAN-001411  (B. Funo, structure 112)",S01115,W015,LGA01,3,yes
BAN-001412,"BAN-001412  (I. Umar, structure 70)",S01021,W014,LGA01,1,yes
BAN-001413,"BAN-001413  (R. Yaro, structure 39)",S01021,W014,LGA01,3,yes
BAN-001414,"BAN-001414  (S. Musa, structure 230)",S01021,W014,LGA01,2,yes
BAN-001415,"BAN-001415  (K. Wada, structure 185)",S01021,W014,LGA01,0,yes
BAN-001416,"BAN-001416  (B. Kabo, structure 233)",S01021,W014,LGA01,3,yes
BAN-001417,"BAN-001417  (R. Gani, structure 86)",S01021,W014,LGA01,0,yes
BAN-001418,"BAN-001418  (B. Tanko, structure 4)",S02026,W031,LGA03,2,yes
BAN-001419,"BAN-001419  (S. Gani, structure 174)",S02026,W031,LGA03,3,yes
BAN-001420,"BAN-001420  (M. Abu, structure 192)",S02026,W031,LGA03,0,yes
BAN-001421,"BAN-001421  (B. Sule, structure 27)",S02489,W040,LGA04,2,yes
BAN-001422,"BAN-001422  (B. Wada, structure 191)",S02489,W040,LGA04,3,yes
BAN-001423,"BAN-001423  (B. Jibo, structure 64)",S02489,W040,LGA04,4,yes
BAN-001424,"BAN-001424  (S. Bala, structure 205)",S00254,W003,LGA01,3,yes
BAN-001425,"BAN-001425  (H. Tanko, structure 175)",S00254,W003,LGA01,4,yes
BAN-001426,"BAN-001426  (S. Lami, structure 168)",S00240,W003,LGA01,0,yes
BAN-001427,"BAN-001427  (R. Ede, structure 145)",S00240,W003,LGA01,4,yes
BAN-001428,"BAN-001428  (A. Haru, structure 7)",S00256,W003,LGA01,4,yes
BAN-001429,"BAN-001429  (M. Musa, structure 139)",S00256,W003,LGA01,4,yes
BAN-001430,"BAN-001430  (B. Oje, structure 195)",S02335,W037,LGA03,0,yes
BAN-001431,"BAN-001431  (B. Kabo, structure 232)",S02335,W037,LGA03,2,yes
BAN-001432,"BAN-001432  (B. Haru, structure 189)",S02006,W031,LGA03,1,yes
BAN-001433,"BAN-001433  (R. Tanko, structure 156)",S02006,W031,LGA03,3,yes
BAN-001434,"BAN-001434  (M. Isa, structure 12)",S02006,W031,LGA03,0,yes
BAN-001435,"BAN-001435  (F. Zubi, structure 86)",S01659,W024,LGA04,3,yes
BAN-001436,"BAN-001436  (Z. Ede, structure 183)",S01659,W024,LGA04,2,yes
BAN-001437,"BAN-001437  (U. Bala, structure 123)",S01659,W024,LGA04,0,yes
BAN-001438,"BAN-001438  (B. Rabi, structure 96)",S01659,W024,LGA04,0,yes
BAN-001439,"BAN-001439  (F. Bala, structure 108)",S01659,W024,LGA04,4,yes
BAN-001440,"BAN-001440  (H. Lami, structure 254)",S02208,W034,LGA03,2,yes
BAN-001441,"BAN-001441  (B. Oje, structure 112)",S02208,W034,LGA03,2,yes
BAN-001442,"BAN-001442  (U. Bala, structure 6)",S02208,W034,LGA03,0,yes
BAN-001443,"BAN-001443  (S. Cham, structure 209)",S02400,W038,LGA03,2,yes
BAN-001444,"BAN-001444  (U. Tanko, structure 173)",S00587,W007,LGA01,0,yes
BAN-001445,"BAN-001445  (H. Dogo, structure 226)",S00587,W007,LGA01,3,yes
BAN-001446,"BAN-001446  (H. Lami, structure 186)",S02051,W032,LGA04,1,yes
BAN-001447,"BAN-001447  (A. Sule, structure 132)",S02051,W032,LGA04,2,yes
BAN-001448,"BAN-001448  (S. Gani, structure 87)",S02051,W032,LGA04,4,yes
BAN-001449,"BAN-001449  (M. Gani, structure 174)",S02051,W032,LGA04,2,yes
BAN-001450,"BAN-001450  (U. Kabo, structure 1)",S02051,W032,LGA04,1,yes
BAN-001451,"BAN-001451  (M. Abu, structure 70)",S00912,W011,LGA02,1,yes
BAN-001452,"BAN-001452  (Z. Lami, structure 119)",S00912,W011,LGA02,2,yes
BAN-001453,"BAN-001453  (B. Umar, structure 225)",S01950,W030,LGA04,1,yes
BAN-001454,"BAN-001454  (I. Rabi, structure 30)",S01950,W030,LGA04,1,yes
BAN-001455,"BAN-001455  (K. Musa, structure 133)",S01799,W028,LGA04,0,yes
BAN-001456,"BAN-001456  (F. Lami, structure 174)",S01799,W028,LGA04,2,yes
BAN-001457,"BAN-001457  (Z. Funo, structure 176)",S01799,W028,LGA04,1,yes
BAN-001458,"BAN-001458  (F. Wada, structure 182)",S01799,W028,LGA04,0,yes
BAN-001459,"BAN-001459  (U. Gani, structure 240)",S00858,W010,LGA02,2,yes
BAN-001460,"BAN-001460  (R. Nura, structure 107)",S00858,W010,LGA02,2,yes
BAN-001461,"BAN-001461  (K. Pama, structure 16)",S00858,W010,LGA02,2,yes
BAN-001462,"BAN-001462  (Y. Gani, structure 27)",S00858,W010,LGA02,0,yes
BAN-001463,"BAN-001463  (I. Nura, structure 226)",S00858,W010,LGA02,1,yes
BAN-001464,"BAN-001464  (Y. Isa, structure 210)",S01365,W018,LGA02,4,yes
BAN-001465,"BAN-001465  (Y. Sule, structure 65)",S01365,W018,LGA02,2,yes
BAN-001466,"BAN-001466  (U. Rabi, structure 38)",S00928,W012,LGA02,0,yes
BAN-001467,"BAN-001467  (S. Gani, structure 142)",S00928,W012,LGA02,4,yes
BAN-001468,"BAN-001468  (H. Isa, structure 152)",S00928,W012,LGA02,0,yes
BAN-001469,"BAN-001469  (R. Pama, structure 202)",S00695,W008,LGA01,0,yes
BAN-001470,"BAN-001470  (H. Wada, structure 150)",S00130,W002,LGA01,3,no
BAN-001471,"BAN-001471  (K. Isa, structure 174)",S00528,W006,LGA01,4,yes
BAN-001472,"BAN-001472  (M. Bala, structure 212)",S00519,W006,LGA01,4,yes
BAN-001473,"BAN-001473  (S. Zubi, structure 24)",S00519,W006,LGA01,4,no
BAN-001474,"BAN-001474  (F. Sule, structure 250)",S00519,W006,LGA01,0,yes
BAN-001475,"BAN-001475  (Z. Abu, structure 121)",S00585,W007,LGA01,2,yes
BAN-001476,"BAN-001476  (K. Dogo, structure 230)",S01637,W024,LGA04,2,yes
BAN-001477,"BAN-001477  (B. Bala, structure 248)",S01637,W024,LGA04,4,yes
BAN-001478,"BAN-001478  (F. Rabi, structure 6)",S02298,W036,LGA04,2,no
BAN-001479,"BAN-001479  (I. Umar, structure 92)",S00818,W009,LGA02,3,yes
BAN-001480,"BAN-001480  (A. Yaro, structure 23)",S00818,W009,LGA02,4,yes
BAN-001481,"BAN-001481  (K. Zubi, structure 234)",S00622,W007,LGA01,3,yes
BAN-001482,"BAN-001482  (H. Haru, structure 39)",S00622,W007,LGA01,2,yes
BAN-001483,"BAN-001483  (Z. Umar, structure 46)",S00622,W007,LGA01,2,yes
BAN-001484,"BAN-001484  (Z. Sule, structure 11)",S00102,W001,LGA01,0,yes
BAN-001485,"BAN-001485  (Z. Bala, structure 200)",S00713,W008,LGA01,4,yes
BAN-001486,"BAN-001486  (S. Tanko, structure 11)",S01993,W031,LGA03,4,yes
BAN-001487,"BAN-001487  (B. Wada, structure 52)",S01993,W031,LGA03,0,yes
BAN-001488,"BAN-001488  (M. Nura, structure 69)",S01993,W031,LGA03,4,yes
BAN-001489,"BAN-001489  (Y. Isa, structure 209)",S01993,W031,LGA03,0,yes
BAN-001490,"BAN-001490  (R. Pama, structure 137)",S00776,W008,LGA01,3,yes
BAN-001491,"BAN-001491  (I. Ede, structure 10)",S00776,W008,LGA01,3,no
BAN-001492,"BAN-001492  (Z. Tanko, structure 141)",S00776,W008,LGA01,1,yes
BAN-001493,"BAN-001493  (Y. Umar, structure 14)",S00776,W008,LGA01,4,yes
BAN-001494,"BAN-001494  (U. Gani, structure 93)",S00520,W006,LGA01,4,yes
BAN-001495,"BAN-001495  (H. Abu, structure 214)",S00520,W006,LGA01,0,yes
BAN-001496,"BAN-001496  (M. Abu, structure 24)",S00520,W006,LGA01,4,yes
BAN-001497,"BAN-001497  (M. Bala, structure 174)",S01793,W028,LGA04,2,yes
BAN-001498,"BAN-001498  (K. Bala, structure 256)",S01793,W028,LGA04,4,yes
BAN-001499,"BAN-001499  (Y. Nura, structure 175)",S00591,W007,LGA01,0,yes
BAN-001500,"BAN-001500  (R. Zubi, structure 108)",S00591,W007,LGA01,0,yes
BAN-001501,"BAN-001501  (S. Jibo, structure 121)",S00591,W007,LGA01,3,no
BAN-001502,"BAN-001502  (Z. Oje, structure 250)",S00591,W007,LGA01,3,yes
BAN-001503,"BAN-001503  (R. Haru, structure 70)",S00591,W007,LGA01,1,yes
BAN-001504,"BAN-001504  (I. Ede, structure 225)",S00927,W012,LGA02,2,yes
BAN-001505,"BAN-001505  (H. Dogo, structure 245)",S00927,W012,LGA02,3,no
BAN-001506,"BAN-001506  (K. Rabi, structure 123)",S00927,W012,LGA02,3,yes
BAN-001507,"BAN-001507  (U. Oje, structure 198)",S00927,W012,LGA02,4,yes
BAN-001508,"BAN-001508  (F. Haru, structure 71)",S01518,W021,LGA02,1,yes
BAN-001509,"BAN-001509  (F. Nura, structure 123)",S01518,W021,LGA02,3,yes
BAN-001510,"BAN-001510  (I. Funo, structure 84)",S01518,W021,LGA02,0,yes
BAN-001511,"BAN-001511  (M. Nura, structure 214)",S01822,W028,LGA04,0,yes
BAN-001512,"BAN-001512  (M. Lami, structure 83)",S01822,W028,LGA04,2,yes
BAN-001513,"BAN-001513  (H. Lami, structure 111)",S01822,W028,LGA04,3,yes
BAN-001514,"BAN-001514  (Y. Yaro, structure 217)",S02449,W039,LGA04,3,yes
BAN-001515,"BAN-001515  (U. Ede, structure 80)",S02449,W039,LGA04,4,yes
BAN-001516,"BAN-001516  (Z. Tanko, structure 122)",S02449,W039,LGA04,0,yes
BAN-001517,"BAN-001517  (S. Ede, structure 60)",S02449,W039,LGA04,3,yes
BAN-001518,"BAN-001518  (S. Lami, structure 190)",S01222,W015,LGA01,2,no
BAN-001519,"BAN-001519  (B. Abu, structure 125)",S01222,W015,LGA01,3,yes
BAN-001520,"BAN-001520  (S. Umar, structure 42)",S00556,W007,LGA01,4,yes
BAN-001521,"BAN-001521  (I. Oje, structure 35)",S00556,W007,LGA01,2,yes
BAN-001522,"BAN-001522  (S. Funo, structure 253)",S00556,W007,LGA01,4,yes
BAN-001523,"BAN-001523  (B. Lami, structure 73)",S00556,W007,LGA01,4,yes
BAN-001524,"BAN-001524  (A. Nura, structure 237)",S00556,W007,LGA01,4,yes
BAN-001525,"BAN-001525  (I. Nura, structure 69)",S00556,W007,LGA01,3,yes
BAN-001526,"BAN-001526  (K. Musa, structure 6)",S01581,W022,LGA03,4,yes
BAN-001527,"BAN-001527  (H. Sule, structure 153)",S01568,W022,LGA03,0,yes
BAN-001528,"BAN-001528  (B. Nura, structure 108)",S01780,W027,LGA03,3,yes
BAN-001529,"BAN-001529  (R. Funo, structure 113)",S01423,W019,LGA04,1,yes
BAN-001530,"BAN-001530  (Z. Yaro, structure 75)",S01423,W019,LGA04,1,yes
BAN-001531,"BAN-001531  (I. Wada, structure 210)",S01423,W019,LGA04,1,yes
BAN-001532,"BAN-001532  (A. Pama, structure 224)",S01023,W014,LGA01,3,yes
BAN-001533,"BAN-001533  (S. Kabo, structure 135)",S01023,W014,LGA01,2,yes
BAN-001534,"BAN-001534  (R. Rabi, structure 73)",S00090,W001,LGA01,3,yes
BAN-001535,"BAN-001535  (F. Zubi, structure 117)",S00090,W001,LGA01,1,yes
BAN-001536,"BAN-001536  (F. Lami, structure 100)",S01902,W029,LGA04,4,yes
BAN-001537,"BAN-001537  (K. Bala, structure 251)",S01902,W029,LGA04,4,yes
BAN-001538,"BAN-001538  (B. Isa, structure 252)",S00909,W011,LGA02,4,yes
BAN-001539,"BAN-001539  (Z. Pama, structure 94)",S00472,W006,LGA01,1,yes
BAN-001540,"BAN-001540  (A. Umar, structure 241)",S00472,W006,LGA01,4,yes
BAN-001541,"BAN-001541  (M. Abu, structure 127)",S00472,W006,LGA01,2,yes
BAN-001542,"BAN-001542  (I. Oje, structure 240)",S00472,W006,LGA01,0,yes
BAN-001543,"BAN-001543  (R. Kabo, structure 163)",S00472,W006,LGA01,0,yes
BAN-001544,"BAN-001544  (Z. Pama, structure 174)",S02468,W039,LGA04,3,yes
BAN-001545,"BAN-001545  (U. Umar, structure 203)",S02468,W039,LGA04,3,yes
BAN-001546,"BAN-001546  (Z. Yaro, structure 19)",S02468,W039,LGA04,1,yes
BAN-001547,"BAN-001547  (A. Kabo, structure 138)",S02468,W039,LGA04,1,yes
BAN-001548,"BAN-001548  (A. Gani, structure 167)",S02468,W039,LGA04,1,yes
BAN-001549,"BAN-001549  (F. Tanko, structure 211)",S00174,W002,LGA01,2,yes
BAN-001550,"BAN-001550  (F. Musa, structure 209)",S02500,W040,LGA04,1,yes
BAN-001551,"BAN-001551  (Y. Nura, structure 208)",S02500,W040,LGA04,1,yes
BAN-001552,"BAN-001552  (R. Wada, structure 229)",S02500,W040,LGA04,4,yes
BAN-001553,"BAN-001553  (U. Isa, structure 11)",S02500,W040,LGA04,2,yes
BAN-001554,"BAN-001554  (H. Wada, structure 255)",S01720,W026,LGA03,1,yes
BAN-001555,"BAN-001555  (M. Nura, structure 35)",S01651,W024,LGA04,2,yes
BAN-001556,"BAN-001556  (Z. Lami, structure 40)",S01651,W024,LGA04,0,yes
BAN-001557,"BAN-001557  (M. Haru, structure 172)",S01927,W030,LGA04,0,yes
BAN-001558,"BAN-001558  (K. Oje, structure 8)",S01927,W030,LGA04,1,yes
BAN-001559,"BAN-001559  (B. Haru, structure 59)",S01927,W030,LGA04,4,yes
BAN-001560,"BAN-001560  (F. Abu, structure 204)",S01927,W030,LGA04,1,yes
BAN-001561,"BAN-001561  (Z. Sule, structure 233)",S02306,W036,LGA04,0,yes
BAN-001562,"BAN-001562  (F. Dogo, structure 111)",S02306,W036,LGA04,4,yes
BAN-001563,"BAN-001563  (F. Yaro, structure 19)",S02306,W036,LGA04,1,yes
BAN-001564,"BAN-001564  (R. Isa, structure 55)",S02306,W036,LGA04,3,yes
BAN-001565,"BAN-001565  (R. Cham, structure 91)",S00934,W012,LGA02,2,yes
BAN-001566,"BAN-001566  (M. Ede, structure 109)",S00934,W012,LGA02,4,yes
BAN-001567,"BAN-001567  (Y. Nura, structure 181)",S00934,W012,LGA02,4,yes
BAN-001568,"BAN-001568  (S. Ede, structure 130)",S00934,W012,LGA02,1,yes
BAN-001569,"BAN-001569  (U. Isa, structure 247)",S00934,W012,LGA02,4,yes
BAN-001570,"BAN-001570  (M. Gani, structure 162)",S00860,W010,LGA02,0,yes
BAN-001571,"BAN-001571  (Z. Wada, structure 198)",S01562,W022,LGA03,3,yes
BAN-001572,"BAN-001572  (R. Ede, structure 116)",S02214,W034,LGA03,2,yes
BAN-001573,"BAN-001573  (R. Rabi, structure 52)",S02214,W034,LGA03,2,yes
BAN-001574,"BAN-001574  (Z. Sule, structure 44)",S00729,W008,LGA01,3,yes
BAN-001575,"BAN-001575  (A. Ede, structure 80)",S00729,W008,LGA01,3,yes
BAN-001576,"BAN-001576  (Y. Isa, structure 152)",S02125,W033,LGA03,0,yes
BAN-001577,"BAN-001577  (M. Sule, structure 99)",S01877,W029,LGA04,2,yes
BAN-001578,"BAN-001578  (Y. Umar, structure 152)",S01877,W029,LGA04,0,yes
BAN-001579,"BAN-001579  (U. Ede, structure 240)",S01877,W029,LGA04,3,yes
BAN-001580,"BAN-001580  (H. Kabo, structure 170)",S01688,W025,LGA04,4,no
BAN-001581,"BAN-001581  (M. Musa, structure 29)",S01688,W025,LGA04,4,yes
BAN-001582,"BAN-001582  (U. Lami, structure 105)",S01688,W025,LGA04,4,yes
BAN-001583,"BAN-001583  (Y. Musa, structure 124)",S01688,W025,LGA04,0,yes
BAN-001584,"BAN-001584  (R. Bala, structure 63)",S00553,W007,LGA01,3,yes
BAN-001585,"BAN-001585  (B. Zubi, structure 130)",S00553,W007,LGA01,4,yes
BAN-001586,"BAN-001586  (R. Gani, structure 171)",S01769,W027,LGA03,3,yes
BAN-001587,"BAN-001587  (F. Gani, structure 159)",S01769,W027,LGA03,3,yes
BAN-001588,"BAN-001588  (B. Pama, structure 50)",S00463,W006,LGA01,2,no
BAN-001589,"BAN-001589  (A. Musa, structure 173)",S00463,W006,LGA01,4,yes
BAN-001590,"BAN-001590  (K. Sule, structure 78)",S02436,W039,LGA04,0,yes
BAN-001591,"BAN-001591  (S. Cham, structure 225)",S01648,W024,LGA04,0,yes
BAN-001592,"BAN-001592  (K. Cham, structure 144)",S01648,W024,LGA04,3,yes
BAN-001593,"BAN-001593  (S. Jibo, structure 172)",S01648,W024,LGA04,0,yes
BAN-001594,"BAN-001594  (Y. Zubi, structure 26)",S01743,W026,LGA03,1,no
BAN-001595,"BAN-001595  (Z. Nura, structure 42)",S02150,W033,LGA03,2,yes
BAN-001596,"BAN-001596  (I. Lami, structure 220)",S00495,W006,LGA01,3,yes
BAN-001597,"BAN-001597  (B. Zubi, structure 152)",S00495,W006,LGA01,1,yes
BAN-001598,"BAN-001598  (B. Lami, structure 15)",S01474,W020,LGA01,4,yes
BAN-001599,"BAN-001599  (U. Oje, structure 1)",S01474,W020,LGA01,3,yes
BAN-001600,"BAN-001600  (I. Pama, structure 240)",S01474,W020,LGA01,4,yes
BAN-001601,"BAN-001601  (M. Jibo, structure 105)",S01474,W020,LGA01,2,yes
BAN-001602,"BAN-001602  (R. Abu, structure 179)",S01474,W020,LGA01,2,yes
BAN-001603,"BAN-001603  (H. Pama, structure 211)",S01474,W020,LGA01,3,yes
BAN-001604,"BAN-001604  (A. Bala, structure 164)",S01653,W024,LGA04,4,yes
BAN-001605,"BAN-001605  (Z. Umar, structure 212)",S02358,W037,LGA03,1,yes
BAN-001606,"BAN-001606  (U. Bala, structure 62)",S02358,W037,LGA03,4,yes
BAN-001607,"BAN-001607  (B. Kabo, structure 71)",S02358,W037,LGA03,1,yes
BAN-001608,"BAN-001608  (R. Kabo, structure 209)",S02153,W033,LGA03,1,yes
BAN-001609,"BAN-001609  (I. Oje, structure 126)",S00870,W010,LGA02,3,yes
BAN-001610,"BAN-001610  (I. Rabi, structure 178)",S00870,W010,LGA02,2,yes
BAN-001611,"BAN-001611  (I. Musa, structure 54)",S00870,W010,LGA02,4,yes
BAN-001612,"BAN-001612  (K. Abu, structure 26)",S01629,W023,LGA03,1,no
BAN-001613,"BAN-001613  (K. Wada, structure 140)",S01629,W023,LGA03,4,yes
BAN-001614,"BAN-001614  (S. Pama, structure 203)",S01629,W023,LGA03,0,yes
BAN-001615,"BAN-001615  (R. Jibo, structure 46)",S01629,W023,LGA03,1,yes
BAN-001616,"BAN-001616  (F. Haru, structure 31)",S00302,W003,LGA01,3,yes
BAN-001617,"BAN-001617  (Y. Gani, structure 43)",S00302,W003,LGA01,2,yes
BAN-001618,"BAN-001618  (I. Yaro, structure 65)",S00302,W003,LGA01,0,yes
BAN-001619,"BAN-001619  (A. Cham, structure 17)",S00302,W003,LGA01,4,yes
BAN-001620,"BAN-001620  (Z. Sule, structure 102)",S02110,W033,LGA03,2,yes
BAN-001621,"BAN-001621  (B. Cham, structure 131)",S02110,W033,LGA03,0,yes
BAN-001622,"BAN-001622  (K. Dogo, structure 77)",S02110,W033,LGA03,2,yes
BAN-001623,"BAN-001623  (Z. Tanko, structure 117)",S02397,W038,LGA03,4,yes
BAN-001624,"BAN-001624  (R. Wada, structure 249)",S02397,W038,LGA03,3,yes
BAN-001625,"BAN-001625  (Z. Cham, structure 70)",S00517,W006,LGA01,4,yes
BAN-001626,"BAN-001626  (K. Yaro, structure 216)",S01231,W016,LGA02,0,yes
BAN-001627,"BAN-001627  (A. Sule, structure 115)",S01231,W016,LGA02,0,yes
BAN-001628,"BAN-001628  (K. Zubi, structure 183)",S01231,W016,LGA02,1,yes
BAN-001629,"BAN-001629  (K. Sule, structure 166)",S00998,W014,LGA01,1,yes
BAN-001630,"BAN-001630  (M. Kabo, structure 36)",S00998,W014,LGA01,1,yes
BAN-001631,"BAN-001631  (U. Pama, structure 90)",S00998,W014,LGA01,3,yes
BAN-001632,"BAN-001632  (Y. Abu, structure 240)",S01362,W018,LGA02,4,yes
BAN-001633,"BAN-001633  (A. Gani, structure 236)",S01362,W018,LGA02,1,yes
BAN-001634,"BAN-001634  (I. Rabi, structure 87)",S01362,W018,LGA02,2,yes
BAN-001635,"BAN-001635  (A. Abu, structure 254)",S01362,W018,LGA02,2,no
BAN-001636,"BAN-001636  (B. Cham, structure 169)",S02324,W037,LGA03,1,yes
BAN-001637,"BAN-001637  (R. Pama, structure 92)",S01886,W029,LGA04,3,no
BAN-001638,"BAN-001638  (K. Nura, structure 76)",S01886,W029,LGA04,3,yes
BAN-001639,"BAN-001639  (M. Haru, structure 143)",S01886,W029,LGA04,0,yes
BAN-001640,"BAN-001640  (R. Tanko, structure 206)",S00653,W007,LGA01,0,yes
BAN-001641,"BAN-001641  (Y. Nura, structure 115)",S00653,W007,LGA01,0,yes
BAN-001642,"BAN-001642  (K. Sule, structure 187)",S00387,W005,LGA02,0,no
BAN-001643,"BAN-001643  (H. Dogo, structure 175)",S00387,W005,LGA02,3,yes
BAN-001644,"BAN-001644  (A. Lami, structure 39)",S00387,W005,LGA02,0,yes
BAN-001645,"BAN-001645  (I. Abu, structure 103)",S00387,W005,LGA02,0,yes
BAN-001646,"BAN-001646  (I. Sule, structure 48)",S00387,W005,LGA02,0,yes
BAN-001647,"BAN-001647  (R. Kabo, structure 25)",S00493,W006,LGA01,2,yes
BAN-001648,"BAN-001648  (S. Wada, structure 233)",S02404,W038,LGA03,2,yes
BAN-001649,"BAN-001649  (R. Sule, structure 31)",S02404,W038,LGA03,3,yes
BAN-001650,"BAN-001650  (B. Jibo, structure 126)",S02404,W038,LGA03,0,yes
BAN-001651,"BAN-001651  (R. Ede, structure 253)",S02404,W038,LGA03,3,yes
BAN-001652,"BAN-001652  (S. Dogo, structure 207)",S00847,W010,LGA02,3,yes
BAN-001653,"BAN-001653  (U. Bala, structure 220)",S00847,W010,LGA02,0,yes
BAN-001654,"BAN-001654  (K. Funo, structure 190)",S01345,W018,LGA02,3,yes
BAN-001655,"BAN-001655  (K. Haru, structure 51)",S01244,W016,LGA02,2,yes
BAN-001656,"BAN-001656  (S. Bala, structure 193)",S01244,W016,LGA02,1,yes
BAN-001657,"BAN-001657  (K. Sule, structure 199)",S01335,W018,LGA02,0,yes
BAN-001658,"BAN-001658  (Y. Gani, structure 86)",S01335,W018,LGA02,2,yes
BAN-001659,"BAN-001659  (I. Funo, structure 227)",S01335,W018,LGA02,3,yes
BAN-001660,"BAN-001660  (I. Haru, structure 76)",S01335,W018,LGA02,0,yes
BAN-001661,"BAN-001661  (U. Nura, structure 147)",S01335,W018,LGA02,2,yes
BAN-001662,"BAN-001662  (I. Umar, structure 87)",S02066,W032,LGA04,1,yes
BAN-001663,"BAN-001663  (R. Funo, structure 150)",S02066,W032,LGA04,4,yes
BAN-001664,"BAN-001664  (S. Tanko, structure 99)",S02066,W032,LGA04,1,yes
BAN-001665,"BAN-001665  (K. Tanko, structure 79)",S01348,W018,LGA02,0,yes
BAN-001666,"BAN-001666  (A. Lami, structure 86)",S01348,W018,LGA02,1,yes
BAN-001667,"BAN-001667  (M. Tanko, structure 6)",S01870,W029,LGA04,4,yes
BAN-001668,"BAN-001668  (I. Rabi, structure 246)",S01870,W029,LGA04,2,yes
BAN-001669,"BAN-001669  (R. Wada, structure 37)",S00937,W012,LGA02,0,yes
BAN-001670,"BAN-001670  (A. Pama, structure 86)",S01017,W014,LGA01,3,yes
BAN-001671,"BAN-001671  (M. Pama, structure 141)",S01342,W018,LGA02,4,no
BAN-001672,"BAN-001672  (I. Lami, structure 88)",S01342,W018,LGA02,3,yes
BAN-001673,"BAN-001673  (S. Musa, structure 136)",S01342,W018,LGA02,3,yes
BAN-001674,"BAN-001674  (K. Musa, structure 70)",S01281,W017,LGA03,3,yes
BAN-001675,"BAN-001675  (H. Isa, structure 241)",S01281,W017,LGA03,3,yes
BAN-001676,"BAN-001676  (I. Nura, structure 207)",S01281,W017,LGA03,4,no
BAN-001677,"BAN-001677  (R. Sule, structure 66)",S00904,W011,LGA02,0,yes
BAN-001678,"BAN-001678  (A. Gani, structure 97)",S00904,W011,LGA02,3,yes
BAN-001679,"BAN-001679  (S. Zubi, structure 244)",S00717,W008,LGA01,2,yes
BAN-001680,"BAN-001680  (F. Funo, structure 74)",S01572,W022,LGA03,3,yes
BAN-001681,"BAN-001681  (B. Jibo, structure 3)",S01572,W022,LGA03,3,yes
BAN-001682,"BAN-001682  (Z. Ede, structure 165)",S02475,W040,LGA04,3,yes
BAN-001683,"BAN-001683  (R. Abu, structure 108)",S00085,W001,LGA01,2,yes
BAN-001684,"BAN-001684  (K. Musa, structure 251)",S00085,W001,LGA01,0,yes
BAN-001685,"BAN-001685  (B. Wada, structure 249)",S01357,W018,LGA02,2,no
BAN-001686,"BAN-001686  (B. Kabo, structure 116)",S01357,W018,LGA02,4,yes
BAN-001687,"BAN-001687  (U. Lami, structure 193)",S01357,W018,LGA02,3,yes
BAN-001688,"BAN-001688  (Y. Sule, structure 109)",S02258,W035,LGA04,4,yes
BAN-001689,"BAN-001689  (Y. Funo, structure 256)",S01873,W029,LGA04,0,yes
BAN-001690,"BAN-001690  (H. Tanko, structure 166)",S01209,W015,LGA01,4,yes
BAN-001691,"BAN-001691  (U. Pama, structure 233)",S01209,W015,LGA01,0,yes
BAN-001692,"BAN-001692  (I. Musa, structure 48)",S01209,W015,LGA01,0,yes
BAN-001693,"BAN-001693  (F. Wada, structure 100)",S01209,W015,LGA01,0,yes
BAN-001694,"BAN-001694  (K. Oje, structure 41)",S01209,W015,LGA01,3,yes
BAN-001695,"BAN-001695  (Y. Gani, structure 40)",S00926,W012,LGA02,3,yes
BAN-001696,"BAN-001696  (I. Bala, structure 45)",S00926,W012,LGA02,4,yes
BAN-001697,"BAN-001697  (R. Yaro, structure 238)",S00324,W003,LGA01,4,yes
BAN-001698,"BAN-001698  (I. Gani, structure 98)",S00324,W003,LGA01,4,yes
BAN-001699,"BAN-001699  (A. Lami, structure 35)",S00228,W003,LGA01,1,yes
BAN-001700,"BAN-001700  (A. Isa, structure 177)",S01313,W017,LGA03,1,yes
BAN-001701,"BAN-001701  (A. Haru, structure 208)",S01313,W017,LGA03,0,yes
BAN-001702,"BAN-001702  (K. Haru, structure 243)",S00128,W002,LGA01,4,yes
BAN-001703,"BAN-001703  (A. Isa, structure 101)",S01848,W029,LGA04,3,yes
BAN-001704,"BAN-001704  (R. Abu, structure 47)",S01848,W029,LGA04,3,yes
BAN-001705,"BAN-001705  (M. Oje, structure 16)",S01848,W029,LGA04,0,yes
BAN-001706,"BAN-001706  (F. Funo, structure 91)",S00017,W001,LGA01,4,yes
BAN-001707,"BAN-001707  (Z. Lami, structure 207)",S00017,W001,LGA01,4,yes
BAN-001708,"BAN-001708  (Y. Bala, structure 9)",S01179,W015,LGA01,1,yes
BAN-001709,"BAN-001709  (A. Umar, structure 161)",S01179,W015,LGA01,2,yes
BAN-001710,"BAN-001710  (A. Kabo, structure 34)",S01179,W015,LGA01,2,yes
BAN-001711,"BAN-001711  (A. Wada, structure 122)",S01179,W015,LGA01,3,yes
BAN-001712,"BAN-001712  (R. Bala, structure 128)",S00247,W003,LGA01,4,yes
BAN-001713,"BAN-001713  (H. Musa, structure 239)",S00247,W003,LGA01,4,yes
BAN-001714,"BAN-001714  (F. Rabi, structure 102)",S01800,W028,LGA04,1,no
BAN-001715,"BAN-001715  (K. Lami, structure 49)",S01800,W028,LGA04,3,yes
BAN-001716,"BAN-001716  (F. Haru, structure 116)",S00234,W003,LGA01,3,yes
BAN-001717,"BAN-001717  (U. Isa, structure 224)",S02067,W032,LGA04,0,yes
BAN-001718,"BAN-001718  (Y. Jibo, structure 94)",S02067,W032,LGA04,0,no
BAN-001719,"BAN-001719  (S. Haru, structure 93)",S02067,W032,LGA04,3,yes
BAN-001720,"BAN-001720  (U. Cham, structure 145)",S02067,W032,LGA04,0,yes
BAN-001721,"BAN-001721  (B. Funo, structure 203)",S01962,W030,LGA04,3,no
BAN-001722,"BAN-001722  (S. Zubi, structure 67)",S01962,W030,LGA04,3,yes
BAN-001723,"BAN-001723  (R. Tanko, structure 250)",S01962,W030,LGA04,0,yes
BAN-001724,"BAN-001724  (I. Dogo, structure 138)",S01962,W030,LGA04,4,yes
BAN-001725,"BAN-001725  (M. Umar, structure 177)",S00044,W001,LGA01,2,yes
BAN-001726,"BAN-001726  (R. Oje, structure 185)",S00323,W003,LGA01,4,no
BAN-001727,"BAN-001727  (M. Oje, structure 22)",S00323,W003,LGA01,4,no
BAN-001728,"BAN-001728  (M. Dogo, structure 168)",S00323,W003,LGA01,1,yes
BAN-001729,"BAN-001729  (S. Sule, structure 196)",S01433,W020,LGA01,4,yes
BAN-001730,"BAN-001730  (M. Musa, structure 185)",S00492,W006,LGA01,4,no
BAN-001731,"BAN-001731  (S. Isa, structure 243)",S00492,W006,LGA01,1,yes
BAN-001732,"BAN-001732  (Y. Dogo, structure 219)",S00492,W006,LGA01,3,yes
BAN-001733,"BAN-001733  (Y. Nura, structure 81)",S00492,W006,LGA01,4,no
BAN-001734,"BAN-001734  (U. Gani, structure 36)",S02428,W039,LGA04,2,yes
BAN-001735,"BAN-001735  (I. Lami, structure 246)",S01055,W014,LGA01,4,yes
BAN-001736,"BAN-001736  (M. Jibo, structure 173)",S01055,W014,LGA01,0,yes
BAN-001737,"BAN-001737  (B. Pama, structure 233)",S01055,W014,LGA01,4,yes
BAN-001738,"BAN-001738  (A. Umar, structure 55)",S01055,W014,LGA01,1,yes
BAN-001739,"BAN-001739  (U. Kabo, structure 124)",S00770,W008,LGA01,1,yes
BAN-001740,"BAN-001740  (F. Isa, structure 186)",S00770,W008,LGA01,0,yes
BAN-001741,"BAN-001741  (Z. Pama, structure 253)",S00770,W008,LGA01,4,yes
BAN-001742,"BAN-001742  (A. Bala, structure 122)",S00770,W008,LGA01,2,yes
BAN-001743,"BAN-001743  (M. Abu, structure 115)",S00037,W001,LGA01,1,yes
BAN-001744,"BAN-001744  (R. Nura, structure 112)",S00037,W001,LGA01,1,yes
BAN-001745,"BAN-001745  (Z. Wada, structure 189)",S00037,W001,LGA01,4,yes
BAN-001746,"BAN-001746  (B. Tanko, structure 57)",S00037,W001,LGA01,2,yes
BAN-001747,"BAN-001747  (F. Bala, structure 190)",S00037,W001,LGA01,1,yes
BAN-001748,"BAN-001748  (H. Gani, structure 1)",S02126,W033,LGA03,0,yes
BAN-001749,"BAN-001749  (H. Jibo, structure 113)",S02126,W033,LGA03,4,yes
BAN-001750,"BAN-001750  (Z. Tanko, structure 200)",S02126,W033,LGA03,3,yes
BAN-001751,"BAN-001751  (A. Pama, structure 246)",S02126,W033,LGA03,0,yes
BAN-001752,"BAN-001752  (H. Kabo, structure 45)",S02126,W033,LGA03,3,yes
BAN-001753,"BAN-001753  (K. Tanko, structure 154)",S01464,W020,LGA01,0,yes
BAN-001754,"BAN-001754  (K. Ede, structure 165)",S01464,W020,LGA01,1,no
BAN-001755,"BAN-001755  (I. Sule, structure 247)",S01464,W020,LGA01,4,yes
BAN-001756,"BAN-001756  (A. Rabi, structure 246)",S01464,W020,LGA01,4,yes
BAN-001757,"BAN-001757  (B. Wada, structure 68)",S00635,W007,LGA01,0,yes
BAN-001758,"BAN-001758  (U. Funo, structure 219)",S00635,W007,LGA01,4,yes
BAN-001759,"BAN-001759  (B. Lami, structure 252)",S00635,W007,LGA01,0,yes
BAN-001760,"BAN-001760  (I. Cham, structure 64)",S00635,W007,LGA01,0,yes
BAN-001761,"BAN-001761  (S. Zubi, structure 230)",S00635,W007,LGA01,3,yes
BAN-001762,"BAN-001762  (R. Umar, structure 206)",S00716,W008,LGA01,1,yes
BAN-001763,"BAN-001763  (B. Zubi, structure 142)",S02182,W034,LGA03,3,yes
BAN-001764,"BAN-001764  (Z. Kabo, structure 30)",S02182,W034,LGA03,4,yes
BAN-001765,"BAN-001765  (S. Abu, structure 62)",S02182,W034,LGA03,1,yes
BAN-001766,"BAN-001766  (Z. Jibo, structure 121)",S00086,W001,LGA01,2,yes
BAN-001767,"BAN-001767  (S. Dogo, structure 90)",S00086,W001,LGA01,2,yes
BAN-001768,"BAN-001768  (I. Dogo, structure 15)",S00715,W008,LGA01,0,yes
BAN-001769,"BAN-001769  (B. Wada, structure 209)",S00715,W008,LGA01,3,yes
BAN-001770,"BAN-001770  (I. Rabi, structure 69)",S01349,W018,LGA02,1,yes
BAN-001771,"BAN-001771  (H. Bala, structure 197)",S01660,W024,LGA04,2,yes
BAN-001772,"BAN-001772  (R. Bala, structure 258)",S01660,W024,LGA04,4,yes
BAN-001773,"BAN-001773  (K. Yaro, structure 97)",S01660,W024,LGA04,1,yes
BAN-001774,"BAN-001774  (U. Sule, structure 44)",S01660,W024,LGA04,3,no
BAN-001775,"BAN-001775  (K. Oje, structure 165)",S00974,W013,LGA02,0,yes
BAN-001776,"BAN-001776  (S. Cham, structure 220)",S00974,W013,LGA02,2,yes
BAN-001777,"BAN-001777  (H. Yaro, structure 196)",S01465,W020,LGA01,0,yes
BAN-001778,"BAN-001778  (A. Haru, structure 29)",S00578,W007,LGA01,0,yes
BAN-001779,"BAN-001779  (M. Umar, structure 40)",S00578,W007,LGA01,0,yes
BAN-001780,"BAN-001780  (H. Funo, structure 168)",S00578,W007,LGA01,0,yes
BAN-001781,"BAN-001781  (H. Oje, structure 99)",S00578,W007,LGA01,4,no
BAN-001782,"BAN-001782  (A. Kabo, structure 13)",S00578,W007,LGA01,4,yes
BAN-001783,"BAN-001783  (Y. Zubi, structure 186)",S00578,W007,LGA01,0,yes
BAN-001784,"BAN-001784  (B. Ede, structure 59)",S01661,W024,LGA04,1,yes
BAN-001785,"BAN-001785  (S. Cham, structure 100)",S00975,W013,LGA02,0,no
BAN-001786,"BAN-001786  (S. Ede, structure 149)",S00975,W013,LGA02,1,yes
BAN-001787,"BAN-001787  (M. Dogo, structure 110)",S00975,W013,LGA02,2,yes
BAN-001788,"BAN-001788  (U. Oje, structure 240)",S00975,W013,LGA02,4,yes
BAN-001789,"BAN-001789  (M. Wada, structure 104)",S01683,W025,LGA04,1,yes
BAN-001790,"BAN-001790  (S. Haru, structure 212)",S02122,W033,LGA03,3,yes
BAN-001791,"BAN-001791  (R. Rabi, structure 237)",S02122,W033,LGA03,4,yes
BAN-001792,"BAN-001792  (F. Gani, structure 37)",S02122,W033,LGA03,1,yes
BAN-001793,"BAN-001793  (H. Funo, structure 40)",S01371,W019,LGA04,2,yes
BAN-001794,"BAN-001794  (A. Jibo, structure 166)",S01371,W019,LGA04,4,yes
BAN-001795,"BAN-001795  (S. Funo, structure 31)",S02522,W040,LGA04,1,yes
BAN-001796,"BAN-001796  (M. Zubi, structure 9)",S02522,W040,LGA04,4,yes
BAN-001797,"BAN-001797  (K. Haru, structure 212)",S02522,W040,LGA04,1,yes
BAN-001798,"BAN-001798  (F. Wada, structure 128)",S02522,W040,LGA04,4,yes
BAN-001799,"BAN-001799  (Y. Wada, structure 222)",S02522,W040,LGA04,2,yes
BAN-001800,"BAN-001800  (U. Jibo, structure 98)",S02273,W035,LGA04,1,yes
BAN-001801,"BAN-001801  (R. Isa, structure 2)",S02273,W035,LGA04,3,yes
BAN-001802,"BAN-001802  (H. Umar, structure 1)",S02273,W035,LGA04,2,yes
BAN-001803,"BAN-001803  (A. Musa, structure 51)",S00685,W008,LGA01,1,yes
BAN-001804,"BAN-001804  (Z. Isa, structure 19)",S01334,W018,LGA02,3,no
BAN-001805,"BAN-001805  (F. Oje, structure 240)",S01334,W018,LGA02,4,yes
BAN-001806,"BAN-001806  (F. Bala, structure 149)",S01417,W019,LGA04,2,yes
BAN-001807,"BAN-001807  (F. Jibo, structure 12)",S01417,W019,LGA04,1,yes
BAN-001808,"BAN-001808  (M. Jibo, structure 167)",S01752,W026,LGA03,3,yes
BAN-001809,"BAN-001809  (Z. Isa, structure 161)",S01752,W026,LGA03,2,yes
BAN-001810,"BAN-001810  (F. Tanko, structure 198)",S01752,W026,LGA03,2,yes
BAN-001811,"BAN-001811  (S. Jibo, structure 59)",S01245,W016,LGA02,4,yes
BAN-001812,"BAN-001812  (S. Musa, structure 235)",S01245,W016,LGA02,0,yes
BAN-001813,"BAN-001813  (H. Umar, structure 51)",S01245,W016,LGA02,1,yes
BAN-001814,"BAN-001814  (R. Sule, structure 126)",S01245,W016,LGA02,3,yes
BAN-001815,"BAN-001815  (S. Dogo, structure 246)",S01435,W020,LGA01,4,no
BAN-001816,"BAN-001816  (Z. Tanko, structure 170)",S02485,W040,LGA04,0,yes
BAN-001817,"BAN-001817  (Z. Nura, structure 125)",S02288,W036,LGA04,3,yes
BAN-001818,"BAN-001818  (U. Sule, structure 207)",S01868,W029,LGA04,3,yes
BAN-001819,"BAN-001819  (I. Umar, structure 159)",S01868,W029,LGA04,4,yes
BAN-001820,"BAN-001820  (Z. Pama, structure 205)",S01868,W029,LGA04,4,yes
BAN-001821,"BAN-001821  (B. Pama, structure 152)",S01596,W023,LGA03,2,no
BAN-001822,"BAN-001822  (F. Abu, structure 190)",S01596,W023,LGA03,4,yes
BAN-001823,"BAN-001823  (Y. Musa, structure 48)",S01596,W023,LGA03,0,no
BAN-001824,"BAN-001824  (B. Musa, structure 82)",S01270,W016,LGA02,0,yes
BAN-001825,"BAN-001825  (S. Nura, structure 171)",S01270,W016,LGA02,4,yes
BAN-001826,"BAN-001826  (I. Umar, structure 47)",S00423,W006,LGA01,4,yes
BAN-001827,"BAN-001827  (Z. Sule, structure 112)",S00423,W006,LGA01,1,yes
BAN-001828,"BAN-001828  (A. Nura, structure 168)",S00423,W006,LGA01,3,yes
BAN-001829,"BAN-001829  (F. Gani, structure 32)",S00595,W007,LGA01,2,yes
BAN-001830,"BAN-001830  (U. Umar, structure 1)",S00595,W007,LGA01,1,yes
BAN-001831,"BAN-001831  (I. Sule, structure 96)",S00595,W007,LGA01,4,yes
BAN-001832,"BAN-001832  (S. Sule, structure 163)",S00595,W007,LGA01,2,no
BAN-001833,"BAN-001833  (R. Abu, structure 222)",S00595,W007,LGA01,2,yes
BAN-001834,"BAN-001834  (Z. Funo, structure 181)",S00595,W007,LGA01,1,yes
BAN-001835,"BAN-001835  (K. Jibo, structure 162)",S01578,W022,LGA03,4,yes
BAN-001836,"BAN-001836  (B. Sule, structure 49)",S01578,W022,LGA03,1,yes
BAN-001837,"BAN-001837  (A. Tanko, structure 5)",S01578,W022,LGA03,2,yes
BAN-001838,"BAN-001838  (I. Abu, structure 13)",S01578,W022,LGA03,0,yes
BAN-001839,"BAN-001839  (K. Rabi, structure 6)",S01578,W022,LGA03,1,yes
BAN-001840,"BAN-001840  (U. Umar, structure 12)",S01578,W022,LGA03,0,yes
BAN-001841,"BAN-001841  (S. Musa, structure 109)",S01578,W022,LGA03,3,yes
BAN-001842,"BAN-001842  (B. Oje, structure 124)",S01422,W019,LGA04,0,yes
BAN-001843,"BAN-001843  (H. Kabo, structure 162)",S01422,W019,LGA04,1,no
BAN-001844,"BAN-001844  (S. Yaro, structure 257)",S01422,W019,LGA04,2,yes
BAN-001845,"BAN-001845  (F. Zubi, structure 61)",S01668,W024,LGA04,3,yes
BAN-001846,"BAN-001846  (M. Yaro, structure 92)",S01668,W024,LGA04,0,no
BAN-001847,"BAN-001847  (M. Nura, structure 54)",S01668,W024,LGA04,2,yes
BAN-001848,"BAN-001848  (Z. Oje, structure 145)",S01328,W018,LGA02,2,yes
BAN-001849,"BAN-001849  (Y. Wada, structure 95)",S01300,W017,LGA03,3,yes
BAN-001850,"BAN-001850  (K. Oje, structure 152)",S01300,W017,LGA03,2,yes
BAN-001851,"BAN-001851  (I. Bala, structure 96)",S01300,W017,LGA03,4,yes
BAN-001852,"BAN-001852  (M. Zubi, structure 26)",S00388,W005,LGA02,3,yes
BAN-001853,"BAN-001853  (B. Nura, structure 256)",S00388,W005,LGA02,1,no
BAN-001854,"BAN-001854  (F. Dogo, structure 204)",S00850,W010,LGA02,0,yes
BAN-001855,"BAN-001855  (H. Jibo, structure 94)",S00850,W010,LGA02,0,yes
BAN-001856,"BAN-001856  (I. Wada, structure 143)",S00850,W010,LGA02,4,yes
BAN-001857,"BAN-001857  (Y. Nura, structure 85)",S02459,W039,LGA04,0,yes
BAN-001858,"BAN-001858  (K. Lami, structure 141)",S02015,W031,LGA03,3,yes
BAN-001859,"BAN-001859  (H. Lami, structure 6)",S02015,W031,LGA03,4,yes
BAN-001860,"BAN-001860  (I. Abu, structure 9)",S01546,W021,LGA02,3,yes
BAN-001861,"BAN-001861  (M. Isa, structure 230)",S01546,W021,LGA02,1,yes
BAN-001862,"BAN-001862  (U. Gani, structure 79)",S01546,W021,LGA02,0,yes
BAN-001863,"BAN-001863  (H. Tanko, structure 222)",S01546,W021,LGA02,1,yes
BAN-001864,"BAN-001864  (H. Bala, structure 14)",S00183,W002,LGA01,1,yes
BAN-001865,"BAN-001865  (S. Umar, structure 95)",S00183,W002,LGA01,2,yes
BAN-001866,"BAN-001866  (K. Haru, structure 164)",S00580,W007,LGA01,4,yes
BAN-001867,"BAN-001867  (U. Haru, structure 221)",S00580,W007,LGA01,0,yes
BAN-001868,"BAN-001868  (U. Jibo, structure 254)",S01551,W021,LGA02,4,yes
BAN-001869,"BAN-001869  (S. Isa, structure 207)",S01551,W021,LGA02,0,yes
BAN-001870,"BAN-001870  (H. Kabo, structure 83)",S01180,W015,LGA01,3,yes
BAN-001871,"BAN-001871  (A. Bala, structure 22)",S00838,W010,LGA02,4,yes
BAN-001872,"BAN-001872  (H. Musa, structure 199)",S00838,W010,LGA02,0,yes
BAN-001873,"BAN-001873  (F. Cham, structure 101)",S01102,W015,LGA01,3,yes
BAN-001874,"BAN-001874  (R. Kabo, structure 247)",S01102,W015,LGA01,4,no
BAN-001875,"BAN-001875  (Y. Nura, structure 35)",S00647,W007,LGA01,3,yes
BAN-001876,"BAN-001876  (K. Isa, structure 55)",S00647,W007,LGA01,3,yes
BAN-001877,"BAN-001877  (K. Haru, structure 222)",S02120,W033,LGA03,2,yes
BAN-001878,"BAN-001878  (F. Abu, structure 54)",S02120,W033,LGA03,1,yes
BAN-001879,"BAN-001879  (U. Bala, structure 203)",S02120,W033,LGA03,0,yes
BAN-001880,"BAN-001880  (K. Oje, structure 63)",S01642,W024,LGA04,4,no
BAN-001881,"BAN-001881  (H. Kabo, structure 124)",S01642,W024,LGA04,0,yes
BAN-001882,"BAN-001882  (I. Haru, structure 215)",S02289,W036,LGA04,2,yes
BAN-001883,"BAN-001883  (B. Nura, structure 9)",S02289,W036,LGA04,0,yes
BAN-001884,"BAN-001884  (Z. Abu, structure 164)",S02289,W036,LGA04,1,yes
BAN-001885,"BAN-001885  (H. Gani, structure 217)",S01634,W023,LGA03,0,yes
BAN-001886,"BAN-001886  (U. Funo, structure 228)",S01634,W023,LGA03,1,no
BAN-001887,"BAN-001887  (M. Tanko, structure 46)",S01199,W015,LGA01,3,yes
BAN-001888,"BAN-001888  (I. Umar, structure 153)",S02452,W039,LGA04,0,yes
BAN-001889,"BAN-001889  (K. Bala, structure 122)",S02452,W039,LGA04,1,yes
BAN-001890,"BAN-001890  (K. Umar, structure 61)",S00612,W007,LGA01,2,yes
BAN-001891,"BAN-001891  (F. Kabo, structure 87)",S00612,W007,LGA01,0,yes
BAN-001892,"BAN-001892  (Y. Pama, structure 64)",S00612,W007,LGA01,4,yes
BAN-001893,"BAN-001893  (U. Wada, structure 85)",S00963,W013,LGA02,0,yes
BAN-001894,"BAN-001894  (K. Funo, structure 183)",S00616,W007,LGA01,3,yes
BAN-001895,"BAN-001895  (Z. Nura, structure 180)",S00698,W008,LGA01,1,yes
BAN-001896,"BAN-001896  (U. Oje, structure 42)",S02355,W037,LGA03,1,yes
BAN-001897,"BAN-001897  (Y. Cham, structure 128)",S02355,W037,LGA03,0,yes
BAN-001898,"BAN-001898  (Y. Haru, structure 247)",S00369,W005,LGA02,1,yes
BAN-001899,"BAN-001899  (F. Abu, structure 88)",S00369,W005,LGA02,1,yes
BAN-001900,"BAN-001900  (Z. Bala, structure 142)",S00369,W005,LGA02,0,no
BAN-001901,"BAN-001901  (M. Oje, structure 76)",S00369,W005,LGA02,0,yes
BAN-001902,"BAN-001902  (F. Musa, structure 251)",S02438,W039,LGA04,4,yes
BAN-001903,"BAN-001903  (A. Musa, structure 85)",S02438,W039,LGA04,2,yes
BAN-001904,"BAN-001904  (B. Lami, structure 120)",S02438,W039,LGA04,2,yes
BAN-001905,"BAN-001905  (R. Wada, structure 3)",S00508,W006,LGA01,2,yes
BAN-001906,"BAN-001906  (H. Tanko, structure 5)",S00508,W006,LGA01,1,yes
BAN-001907,"BAN-001907  (I. Ede, structure 113)",S02274,W035,LGA04,3,yes
BAN-001908,"BAN-001908  (M. Jibo, structure 198)",S02274,W035,LGA04,2,yes
BAN-001909,"BAN-001909  (M. Ede, structure 66)",S02274,W035,LGA04,2,yes
BAN-001910,"BAN-001910  (H. Zubi, structure 146)",S02274,W035,LGA04,0,yes
BAN-001911,"BAN-001911  (U. Kabo, structure 54)",S02278,W036,LGA04,2,yes
BAN-001912,"BAN-001912  (R. Lami, structure 192)",S02278,W036,LGA04,0,yes
BAN-001913,"BAN-001913  (U. Musa, structure 194)",S02278,W036,LGA04,3,yes
BAN-001914,"BAN-001914  (I. Yaro, structure 172)",S02278,W036,LGA04,4,yes
BAN-001915,"BAN-001915  (B. Rabi, structure 94)",S02278,W036,LGA04,0,yes
BAN-001916,"BAN-001916  (A. Haru, structure 152)",S02278,W036,LGA04,2,yes
BAN-001917,"BAN-001917  (M. Musa, structure 170)",S01854,W029,LGA04,0,no
BAN-001918,"BAN-001918  (S. Abu, structure 256)",S01854,W029,LGA04,3,yes
BAN-001919,"BAN-001919  (K. Ede, structure 130)",S01854,W029,LGA04,1,no
BAN-001920,"BAN-001920  (S. Rabi, structure 27)",S01854,W029,LGA04,4,yes
BAN-001921,"BAN-001921  (R. Wada, structure 12)",S00649,W007,LGA01,3,yes
BAN-001922,"BAN-001922  (S. Sule, structure 225)",S00649,W007,LGA01,1,yes
BAN-001923,"BAN-001923  (B. Jibo, structure 209)",S01185,W015,LGA01,1,yes
BAN-001924,"BAN-001924  (H. Isa, structure 178)",S01185,W015,LGA01,3,yes
BAN-001925,"BAN-001925  (A. Umar, structure 194)",S02296,W036,LGA04,0,yes
BAN-001926,"BAN-001926  (H. Tanko, structure 180)",S01693,W025,LGA04,4,yes
BAN-001927,"BAN-001927  (B. Cham, structure 98)",S01693,W025,LGA04,2,yes
BAN-001928,"BAN-001928  (F. Abu, structure 90)",S00168,W002,LGA01,0,yes
BAN-001929,"BAN-001929  (M. Pama, structure 137)",S02170,W034,LGA03,2,yes
BAN-001930,"BAN-001930  (Z. Gani, structure 106)",S02300,W036,LGA04,4,yes
BAN-001931,"BAN-001931  (A. Dogo, structure 202)",S02300,W036,LGA04,3,yes
BAN-001932,"BAN-001932  (B. Ede, structure 139)",S02022,W031,LGA03,3,yes
BAN-001933,"BAN-001933  (S. Wada, structure 89)",S02022,W031,LGA03,0,yes
BAN-001934,"BAN-001934  (H. Kabo, structure 3)",S00059,W001,LGA01,0,no
BAN-001935,"BAN-001935  (A. Abu, structure 136)",S00059,W001,LGA01,4,yes
BAN-001936,"BAN-001936  (R. Bala, structure 36)",S01628,W023,LGA03,0,yes
BAN-001937,"BAN-001937  (R. Gani, structure 170)",S01712,W026,LGA03,2,yes
BAN-001938,"BAN-001938  (A. Haru, structure 124)",S00366,W004,LGA02,1,yes
BAN-001939,"BAN-001939  (B. Funo, structure 142)",S00366,W004,LGA02,3,yes
BAN-001940,"BAN-001940  (B. Oje, structure 43)",S00366,W004,LGA02,4,yes
BAN-001941,"BAN-001941  (B. Gani, structure 174)",S02305,W036,LGA04,2,yes
BAN-001942,"BAN-001942  (R. Ede, structure 39)",S02305,W036,LGA04,3,yes
BAN-001943,"BAN-001943  (I. Zubi, structure 107)",S02305,W036,LGA04,3,yes
BAN-001944,"BAN-001944  (H. Zubi, structure 126)",S01520,W021,LGA02,4,yes
BAN-001945,"BAN-001945  (Y. Haru, structure 12)",S01520,W021,LGA02,1,no
BAN-001946,"BAN-001946  (S. Oje, structure 151)",S01520,W021,LGA02,4,yes
BAN-001947,"BAN-001947  (I. Bala, structure 6)",S01064,W014,LGA01,1,yes
BAN-001948,"BAN-001948  (K. Tanko, structure 22)",S01218,W015,LGA01,4,yes
BAN-001949,"BAN-001949  (U. Bala, structure 191)",S01218,W015,LGA01,0,no
BAN-001950,"BAN-001950  (K. Isa, structure 93)",S01218,W015,LGA01,0,yes
BAN-001951,"BAN-001951  (A. Funo, structure 134)",S01383,W019,LGA04,0,yes
BAN-001952,"BAN-001952  (H. Zubi, structure 102)",S01383,W019,LGA04,4,yes
BAN-001953,"BAN-001953  (M. Cham, structure 157)",S01383,W019,LGA04,1,yes
BAN-001954,"BAN-001954  (I. Lami, structure 173)",S01921,W029,LGA04,3,yes
BAN-001955,"BAN-001955  (I. Haru, structure 193)",S01921,W029,LGA04,1,yes
BAN-001956,"BAN-001956  (R. Abu, structure 130)",S01921,W029,LGA04,2,yes
BAN-001957,"BAN-001957  (R. Funo, structure 246)",S02129,W033,LGA03,3,yes
BAN-001958,"BAN-001958  (H. Zubi, structure 37)",S02129,W033,LGA03,0,yes
BAN-001959,"BAN-001959  (U. Umar, structure 186)",S02329,W037,LGA03,0,yes
BAN-001960,"BAN-001960  (K. Yaro, structure 72)",S02329,W037,LGA03,3,yes
BAN-001961,"BAN-001961  (B. Nura, structure 99)",S02329,W037,LGA03,4,yes
BAN-001962,"BAN-001962  (M. Isa, structure 237)",S02168,W034,LGA03,0,yes
BAN-001963,"BAN-001963  (I. Sule, structure 82)",S02168,W034,LGA03,3,yes
BAN-001964,"BAN-001964  (B. Pama, structure 188)",S02168,W034,LGA03,2,yes
BAN-001965,"BAN-001965  (U. Oje, structure 133)",S02168,W034,LGA03,1,yes
BAN-001966,"BAN-001966  (A. Lami, structure 124)",S01714,W026,LGA03,2,yes
BAN-001967,"BAN-001967  (B. Pama, structure 71)",S00883,W011,LGA02,4,yes
BAN-001968,"BAN-001968  (K. Rabi, structure 47)",S00883,W011,LGA02,3,yes
BAN-001969,"BAN-001969  (Y. Funo, structure 87)",S00883,W011,LGA02,1,no
BAN-001970,"BAN-001970  (F. Umar, structure 141)",S00883,W011,LGA02,0,yes
BAN-001971,"BAN-001971  (B. Ede, structure 129)",S02271,W035,LGA04,1,yes
BAN-001972,"BAN-001972  (M. Cham, structure 98)",S00047,W001,LGA01,4,yes
BAN-001973,"BAN-001973  (U. Jibo, structure 56)",S01542,W021,LGA02,3,yes
BAN-001974,"BAN-001974  (B. Jibo, structure 63)",S01542,W021,LGA02,4,yes
BAN-001975,"BAN-001975  (H. Yaro, structure 128)",S01542,W021,LGA02,1,yes
BAN-001976,"BAN-001976  (Y. Nura, structure 203)",S01542,W021,LGA02,1,yes
BAN-001977,"BAN-001977  (S. Musa, structure 84)",S02387,W038,LGA03,1,yes
BAN-001978,"BAN-001978  (F. Haru, structure 96)",S02176,W034,LGA03,2,yes
BAN-001979,"BAN-001979  (I. Zubi, structure 107)",S01299,W017,LGA03,1,yes
BAN-001980,"BAN-001980  (H. Funo, structure 7)",S01299,W017,LGA03,3,no
BAN-001981,"BAN-001981  (H. Ede, structure 234)",S02345,W037,LGA03,1,yes
BAN-001982,"BAN-001982  (K. Kabo, structure 164)",S02345,W037,LGA03,3,yes
BAN-001983,"BAN-001983  (R. Dogo, structure 129)",S02345,W037,LGA03,3,yes
BAN-001984,"BAN-001984  (H. Yaro, structure 197)",S02345,W037,LGA03,4,no
BAN-001985,"BAN-001985  (M. Dogo, structure 51)",S02345,W037,LGA03,4,yes
BAN-001986,"BAN-001986  (A. Ede, structure 132)",S02027,W031,LGA03,4,yes
BAN-001987,"BAN-001987  (Y. Ede, structure 61)",S01503,W020,LGA01,4,no
BAN-001988,"BAN-001988  (A. Dogo, structure 243)",S00001,W001,LGA01,1,yes
BAN-001989,"BAN-001989  (B. Jibo, structure 99)",S00001,W001,LGA01,1,yes
BAN-001990,"BAN-001990  (I. Dogo, structure 50)",S00001,W001,LGA01,3,yes
BAN-001991,"BAN-001991  (F. Lami, structure 165)",S00001,W001,LGA01,2,yes
BAN-001992,"BAN-001992  (A. Jibo, structure 258)",S01537,W021,LGA02,4,yes
BAN-001993,"BAN-001993  (Z. Oje, structure 17)",S01537,W021,LGA02,3,yes
BAN-001994,"BAN-001994  (Z. Isa, structure 120)",S00125,W002,LGA01,4,yes
BAN-001995,"BAN-001995  (H. Sule, structure 244)",S00125,W002,LGA01,2,yes
BAN-001996,"BAN-001996  (I. Cham, structure 165)",S00125,W002,LGA01,4,yes
BAN-001997,"BAN-001997  (A. Pama, structure 10)",S00125,W002,LGA01,1,yes
BAN-001998,"BAN-001998  (Z. Kabo, structure 168)",S00125,W002,LGA01,2,yes
BAN-001999,"BAN-001999  (A. Haru, structure 52)",S01949,W030,LGA04,2,yes
BAN-002000,"BAN-002000  (U. Tanko, structure 205)",S01949,W030,LGA04,2,yes
BAN-002001,"BAN-002001  (B. Musa, structure 66)",S01959,W030,LGA04,0,no
BAN-002002,"BAN-002002  (M. Sule, structure 34)",S01959,W030,LGA04,3,yes
BAN-002003,"BAN-002003  (M. Dogo, structure 27)",S01959,W030,LGA04,0,yes
BAN-002004,"BAN-002004  (H. Oje, structure 59)",S00042,W001,LGA01,1,yes
BAN-002005,"BAN-002005  (M. Abu, structure 182)",S00042,W001,LGA01,3,yes
BAN-002006,"BAN-002006  (B. Bala, structure 150)",S02245,W035,LGA04,3,yes
BAN-002007,"BAN-002007  (Y. Sule, structure 214)",S01085,W014,LGA01,0,yes
BAN-002008,"BAN-002008  (Z. Isa, structure 247)",S01085,W014,LGA01,3,yes
BAN-002009,"BAN-002009  (R. Wada, structure 171)",S01085,W014,LGA01,1,yes
BAN-002010,"BAN-002010  (F. Funo, structure 17)",S01085,W014,LGA01,3,yes
BAN-002011,"BAN-002011  (B. Zubi, structure 10)",S01831,W028,LGA04,1,yes
BAN-002012,"BAN-002012  (Z. Lami, structure 35)",S01533,W021,LGA02,1,yes
BAN-002013,"BAN-002013  (S. Ede, structure 37)",S02223,W035,LGA04,4,yes
BAN-002014,"BAN-002014  (H. Wada, structure 4)",S01530,W021,LGA02,4,yes
BAN-002015,"BAN-002015  (U. Wada, structure 144)",S01530,W021,LGA02,0,yes
BAN-002016,"BAN-002016  (I. Dogo, structure 103)",S01530,W021,LGA02,1,yes
BAN-002017,"BAN-002017  (K. Funo, structure 231)",S00564,W007,LGA01,0,no
BAN-002018,"BAN-002018  (U. Kabo, structure 209)",S00564,W007,LGA01,1,yes
BAN-002019,"BAN-002019  (Y. Gani, structure 66)",S00564,W007,LGA01,0,yes
BAN-002020,"BAN-002020  (U. Ede, structure 193)",S00564,W007,LGA01,3,yes
BAN-002021,"BAN-002021  (M. Bala, structure 130)",S00564,W007,LGA01,0,yes
BAN-002022,"BAN-002022  (A. Haru, structure 95)",S00564,W007,LGA01,4,yes
BAN-002023,"BAN-002023  (U. Cham, structure 112)",S00564,W007,LGA01,4,yes
BAN-002024,"BAN-002024  (M. Ede, structure 140)",S01014,W014,LGA01,0,no
BAN-002025,"BAN-002025  (Y. Umar, structure 207)",S01014,W014,LGA01,3,yes
BAN-002026,"BAN-002026  (H. Jibo, structure 174)",S00782,W008,LGA01,3,yes
BAN-002027,"BAN-002027  (Z. Kabo, structure 162)",S00782,W008,LGA01,0,yes
BAN-002028,"BAN-002028  (Z. Jibo, structure 244)",S00782,W008,LGA01,4,yes
BAN-002029,"BAN-002029  (R. Zubi, structure 13)",S00560,W007,LGA01,4,yes
BAN-002030,"BAN-002030  (F. Sule, structure 227)",S00560,W007,LGA01,2,yes
BAN-002031,"BAN-002031  (K. Musa, structure 57)",S00560,W007,LGA01,3,yes
BAN-002032,"BAN-002032  (M. Yaro, structure 119)",S01525,W021,LGA02,3,yes
BAN-002033,"BAN-002033  (Y. Dogo, structure 231)",S01525,W021,LGA02,2,yes
BAN-002034,"BAN-002034  (H. Kabo, structure 93)",S02042,W031,LGA03,1,yes
BAN-002035,"BAN-002035  (B. Haru, structure 199)",S02042,W031,LGA03,2,yes
BAN-002036,"BAN-002036  (K. Lami, structure 237)",S01889,W029,LGA04,0,yes
BAN-002037,"BAN-002037  (B. Pama, structure 57)",S01889,W029,LGA04,0,no
BAN-002038,"BAN-002038  (I. Umar, structure 100)",S00502,W006,LGA01,0,yes
BAN-002039,"BAN-002039  (F. Gani, structure 215)",S00064,W001,LGA01,4,yes
BAN-002040,"BAN-002040  (U. Dogo, structure 64)",S00064,W001,LGA01,1,yes
BAN-002041,"BAN-002041  (M. Umar, structure 207)",S00064,W001,LGA01,1,yes
BAN-002042,"BAN-002042  (B. Bala, structure 79)",S02451,W039,LGA04,0,yes
BAN-002043,"BAN-002043  (R. Cham, structure 36)",S02451,W039,LGA04,0,yes
BAN-002044,"BAN-002044  (H. Umar, structure 135)",S02451,W039,LGA04,1,yes
BAN-002045,"BAN-002045  (K. Isa, structure 64)",S02451,W039,LGA04,0,no
BAN-002046,"BAN-002046  (R. Kabo, structure 20)",S02451,W039,LGA04,0,yes
BAN-002047,"BAN-002047  (B. Dogo, structure 11)",S02451,W039,LGA04,3,yes
BAN-002048,"BAN-002048  (M. Ede, structure 233)",S00627,W007,LGA01,4,no
BAN-002049,"BAN-002049  (F. Dogo, structure 160)",S00627,W007,LGA01,1,yes
BAN-002050,"BAN-002050  (U. Lami, structure 203)",S00627,W007,LGA01,2,yes
BAN-002051,"BAN-002051  (H. Gani, structure 217)",S00627,W007,LGA01,4,no
BAN-002052,"BAN-002052  (H. Kabo, structure 88)",S01243,W016,LGA02,1,yes
BAN-002053,"BAN-002053  (Y. Abu, structure 129)",S01243,W016,LGA02,4,yes
BAN-002054,"BAN-002054  (H. Isa, structure 152)",S01243,W016,LGA02,0,yes
BAN-002055,"BAN-002055  (B. Abu, structure 71)",S01243,W016,LGA02,4,yes
BAN-002056,"BAN-002056  (I. Gani, structure 2)",S01243,W016,LGA02,2,no
BAN-002057,"BAN-002057  (A. Jibo, structure 33)",S01243,W016,LGA02,2,yes
BAN-002058,"BAN-002058  (U. Kabo, structure 61)",S01243,W016,LGA02,4,yes
BAN-002059,"BAN-002059  (Z. Pama, structure 140)",S01243,W016,LGA02,3,yes
BAN-002060,"BAN-002060  (I. Lami, structure 249)",S01359,W018,LGA02,0,yes
BAN-002061,"BAN-002061  (M. Zubi, structure 203)",S01359,W018,LGA02,1,yes
BAN-002062,"BAN-002062  (B. Umar, structure 9)",S01359,W018,LGA02,2,yes
BAN-002063,"BAN-002063  (R. Umar, structure 259)",S01359,W018,LGA02,1,no
BAN-002064,"BAN-002064  (S. Musa, structure 215)",S01097,W015,LGA01,1,yes
BAN-002065,"BAN-002065  (K. Lami, structure 204)",S01097,W015,LGA01,2,yes
BAN-002066,"BAN-002066  (M. Oje, structure 3)",S01097,W015,LGA01,4,yes
BAN-002067,"BAN-002067  (B. Dogo, structure 53)",S01907,W029,LGA04,0,yes
BAN-002068,"BAN-002068  (K. Funo, structure 213)",S01907,W029,LGA04,1,yes
BAN-002069,"BAN-002069  (U. Umar, structure 115)",S01907,W029,LGA04,3,yes
BAN-002070,"BAN-002070  (U. Yaro, structure 148)",S01907,W029,LGA04,4,yes
BAN-002071,"BAN-002071  (K. Nura, structure 75)",S00437,W006,LGA01,3,yes
BAN-002072,"BAN-002072  (B. Sule, structure 72)",S00074,W001,LGA01,3,yes
BAN-002073,"BAN-002073  (R. Isa, structure 189)",S01909,W029,LGA04,4,yes
BAN-002074,"BAN-002074  (Y. Kabo, structure 110)",S01909,W029,LGA04,1,yes
BAN-002075,"BAN-002075  (H. Isa, structure 18)",S01909,W029,LGA04,3,yes
BAN-002076,"BAN-002076  (M. Musa, structure 71)",S01909,W029,LGA04,4,yes
BAN-002077,"BAN-002077  (Y. Zubi, structure 183)",S00590,W007,LGA01,4,yes
BAN-002078,"BAN-002078  (I. Bala, structure 63)",S00868,W010,LGA02,3,yes
BAN-002079,"BAN-002079  (H. Zubi, structure 19)",S00868,W010,LGA02,3,yes
BAN-002080,"BAN-002080  (M. Gani, structure 109)",S00868,W010,LGA02,4,yes
BAN-002081,"BAN-002081  (Y. Bala, structure 45)",S00868,W010,LGA02,4,yes
BAN-002082,"BAN-002082  (K. Jibo, structure 236)",S02081,W032,LGA04,2,yes
BAN-002083,"BAN-002083  (Y. Jibo, structure 146)",S02081,W032,LGA04,0,yes
BAN-002084,"BAN-002084  (B. Yaro, structure 158)",S01566,W022,LGA03,2,yes
BAN-002085,"BAN-002085  (K. Musa, structure 209)",S01566,W022,LGA03,1,yes
BAN-002086,"BAN-002086  (I. Ede, structure 95)",S00029,W001,LGA01,4,yes
BAN-002087,"BAN-002087  (Y. Cham, structure 17)",S00029,W001,LGA01,2,yes
BAN-002088,"BAN-002088  (K. Dogo, structure 113)",S01643,W024,LGA04,2,yes
BAN-002089,"BAN-002089  (U. Bala, structure 47)",S00368,W004,LGA02,1,yes
BAN-002090,"BAN-002090  (U. Umar, structure 132)",S00368,W004,LGA02,2,yes
BAN-002091,"BAN-002091  (K. Abu, structure 206)",S00368,W004,LGA02,2,yes
BAN-002092,"BAN-002092  (Y. Sule, structure 55)",S02092,W032,LGA04,0,yes
BAN-002093,"BAN-002093  (F. Pama, structure 102)",S02092,W032,LGA04,1,no
BAN-002094,"BAN-002094  (R. Haru, structure 129)",S02092,W032,LGA04,3,yes
BAN-002095,"BAN-002095  (U. Nura, structure 131)",S02353,W037,LGA03,2,yes
BAN-002096,"BAN-002096  (H. Haru, structure 139)",S02136,W033,LGA03,1,yes
BAN-002097,"BAN-002097  (B. Umar, structure 59)",S02136,W033,LGA03,0,yes
BAN-002098,"BAN-002098  (I. Tanko, structure 71)",S02136,W033,LGA03,3,yes
BAN-002099,"BAN-002099  (Y. Haru, structure 190)",S02136,W033,LGA03,2,yes
BAN-002100,"BAN-002100  (A. Musa, structure 112)",S00065,W001,LGA01,4,yes
BAN-002101,"BAN-002101  (F. Haru, structure 25)",S01312,W017,LGA03,1,yes
BAN-002102,"BAN-002102  (H. Sule, structure 251)",S00348,W004,LGA02,0,yes
BAN-002103,"BAN-002103  (A. Rabi, structure 188)",S00348,W004,LGA02,3,yes
BAN-002104,"BAN-002104  (I. Dogo, structure 21)",S02334,W037,LGA03,3,yes
BAN-002105,"BAN-002105  (S. Oje, structure 100)",S02334,W037,LGA03,1,yes
BAN-002106,"BAN-002106  (U. Rabi, structure 229)",S02334,W037,LGA03,4,yes
BAN-002107,"BAN-002107  (I. Lami, structure 127)",S02334,W037,LGA03,2,yes
BAN-002108,"BAN-002108  (Y. Kabo, structure 41)",S01988,W030,LGA04,0,yes
BAN-002109,"BAN-002109  (I. Ede, structure 22)",S01988,W030,LGA04,3,yes
BAN-002110,"BAN-002110  (I. Tanko, structure 232)",S01988,W030,LGA04,3,yes
BAN-002111,"BAN-002111  (R. Pama, structure 152)",S01988,W030,LGA04,1,yes
BAN-002112,"BAN-002112  (A. Gani, structure 56)",S01232,W016,LGA02,2,yes
BAN-002113,"BAN-002113  (K. Oje, structure 35)",S01232,W016,LGA02,0,no
BAN-002114,"BAN-002114  (M. Jibo, structure 198)",S00877,W011,LGA02,2,yes
BAN-002115,"BAN-002115  (Y. Abu, structure 219)",S00877,W011,LGA02,2,no
BAN-002116,"BAN-002116  (F. Haru, structure 6)",S00877,W011,LGA02,1,yes
BAN-002117,"BAN-002117  (M. Rabi, structure 87)",S00177,W002,LGA01,0,yes
BAN-002118,"BAN-002118  (U. Lami, structure 23)",S00177,W002,LGA01,0,yes
BAN-002119,"BAN-002119  (F. Umar, structure 83)",S01191,W015,LGA01,4,yes
BAN-002120,"BAN-002120  (S. Nura, structure 131)",S01534,W021,LGA02,4,yes
BAN-002121,"BAN-002121  (H. Abu, structure 223)",S01534,W021,LGA02,3,yes
BAN-002122,"BAN-002122  (F. Cham, structure 228)",S02104,W033,LGA03,2,no
BAN-002123,"BAN-002123  (M. Wada, structure 6)",S02104,W033,LGA03,0,yes
BAN-002124,"BAN-002124  (Z. Bala, structure 167)",S01148,W015,LGA01,0,yes
BAN-002125,"BAN-002125  (Z. Umar, structure 20)",S01257,W016,LGA02,0,yes
BAN-002126,"BAN-002126  (A. Kabo, structure 35)",S01257,W016,LGA02,0,yes
BAN-002127,"BAN-002127  (S. Nura, structure 29)",S01632,W023,LGA03,4,yes
BAN-002128,"BAN-002128  (Z. Isa, structure 20)",S01632,W023,LGA03,1,yes
BAN-002129,"BAN-002129  (Y. Wada, structure 194)",S01632,W023,LGA03,1,yes
BAN-002130,"BAN-002130  (M. Sule, structure 221)",S01762,W027,LGA03,0,yes
BAN-002131,"BAN-002131  (M. Wada, structure 108)",S01762,W027,LGA03,4,yes
BAN-002132,"BAN-002132  (A. Isa, structure 140)",S01762,W027,LGA03,4,yes
BAN-002133,"BAN-002133  (I. Gani, structure 253)",S01762,W027,LGA03,3,no
BAN-002134,"BAN-002134  (A. Haru, structure 88)",S01762,W027,LGA03,3,yes
BAN-002135,"BAN-002135  (B. Umar, structure 63)",S01762,W027,LGA03,2,yes
BAN-002136,"BAN-002136  (I. Gani, structure 213)",S01762,W027,LGA03,3,yes
BAN-002137,"BAN-002137  (R. Bala, structure 14)",S01893,W029,LGA04,4,yes
BAN-002138,"BAN-002138  (I. Ede, structure 27)",S02235,W035,LGA04,3,yes
BAN-002139,"BAN-002139  (M. Funo, structure 205)",S01326,W018,LGA02,0,yes
BAN-002140,"BAN-002140  (H. Isa, structure 208)",S01326,W018,LGA02,0,yes
BAN-002141,"BAN-002141  (U. Tanko, structure 82)",S01326,W018,LGA02,4,yes
BAN-002142,"BAN-002142  (H. Haru, structure 239)",S01701,W025,LGA04,1,yes
BAN-002143,"BAN-002143  (M. Musa, structure 234)",S01759,W027,LGA03,0,yes
BAN-002144,"BAN-002144  (Z. Bala, structure 198)",S01759,W027,LGA03,0,yes
BAN-002145,"BAN-002145  (H. Yaro, structure 90)",S01759,W027,LGA03,1,yes
BAN-002146,"BAN-002146  (I. Haru, structure 21)",S00300,W003,LGA01,1,yes
BAN-002147,"BAN-002147  (K. Umar, structure 227)",S00300,W003,LGA01,1,yes
BAN-002148,"BAN-002148  (Y. Bala, structure 247)",S00300,W003,LGA01,2,yes
BAN-002149,"BAN-002149  (A. Nura, structure 154)",S00300,W003,LGA01,1,yes
BAN-002150,"BAN-002150  (F. Ede, structure 68)",S00300,W003,LGA01,3,yes
BAN-002151,"BAN-002151  (R. Oje, structure 156)",S00300,W003,LGA01,2,yes
BAN-002152,"BAN-002152  (Y. Zubi, structure 31)",S00300,W003,LGA01,1,yes
BAN-002153,"BAN-002153  (M. Gani, structure 20)",S00742,W008,LGA01,3,yes
BAN-002154,"BAN-002154  (A. Gani, structure 4)",S01290,W017,LGA03,1,yes
BAN-002155,"BAN-002155  (U. Nura, structure 207)",S01290,W017,LGA03,2,no
BAN-002156,"BAN-002156  (I. Oje, structure 101)",S01290,W017,LGA03,2,yes
BAN-002157,"BAN-002157  (M. Kabo, structure 217)",S01228,W015,LGA01,4,yes
BAN-002158,"BAN-002158  (B. Lami, structure 220)",S01228,W015,LGA01,2,yes
BAN-002159,"BAN-002159  (R. Bala, structure 26)",S01228,W015,LGA01,4,yes
BAN-002160,"BAN-002160  (U. Cham, structure 139)",S00873,W011,LGA02,2,yes
BAN-002161,"BAN-002161  (A. Pama, structure 195)",S00873,W011,LGA02,2,yes
BAN-002162,"BAN-002162  (K. Gani, structure 164)",S00873,W011,LGA02,1,yes
BAN-002163,"BAN-002163  (B. Bala, structure 215)",S00873,W011,LGA02,3,yes
BAN-002164,"BAN-002164  (R. Jibo, structure 142)",S00873,W011,LGA02,3,yes
BAN-002165,"BAN-002165  (Z. Pama, structure 63)",S00873,W011,LGA02,0,yes
BAN-002166,"BAN-002166  (A. Wada, structure 114)",S00873,W011,LGA02,0,no
BAN-002167,"BAN-002167  (R. Oje, structure 136)",S02049,W032,LGA04,4,no
BAN-002168,"BAN-002168  (F. Bala, structure 177)",S02049,W032,LGA04,0,yes
BAN-002169,"BAN-002169  (Z. Isa, structure 229)",S02049,W032,LGA04,3,yes
BAN-002170,"BAN-002170  (U. Gani, structure 127)",S01981,W030,LGA04,2,no
BAN-002171,"BAN-002171  (R. Kabo, structure 255)",S01981,W030,LGA04,2,yes
BAN-002172,"BAN-002172  (Z. Funo, structure 218)",S01981,W030,LGA04,1,no
BAN-002173,"BAN-002173  (M. Ede, structure 250)",S00618,W007,LGA01,0,yes
BAN-002174,"BAN-002174  (U. Funo, structure 45)",S00618,W007,LGA01,0,yes
BAN-002175,"BAN-002175  (Z. Sule, structure 3)",S00618,W007,LGA01,4,yes
BAN-002176,"BAN-002176  (B. Dogo, structure 201)",S01436,W020,LGA01,2,yes
BAN-002177,"BAN-002177  (I. Wada, structure 146)",S01436,W020,LGA01,3,yes
BAN-002178,"BAN-002178  (S. Bala, structure 218)",S01276,W016,LGA02,1,yes
BAN-002179,"BAN-002179  (Y. Isa, structure 132)",S01276,W016,LGA02,4,yes
BAN-002180,"BAN-002180  (K. Nura, structure 124)",S01276,W016,LGA02,4,yes
BAN-002181,"BAN-002181  (A. Isa, structure 40)",S00783,W008,LGA01,4,yes
BAN-002182,"BAN-002182  (U. Bala, structure 231)",S00783,W008,LGA01,3,yes
BAN-002183,"BAN-002183  (Z. Haru, structure 15)",S01787,W027,LGA03,2,yes
BAN-002184,"BAN-002184  (U. Oje, structure 35)",S01787,W027,LGA03,0,yes
BAN-002185,"BAN-002185  (U. Abu, structure 214)",S01787,W027,LGA03,3,yes
BAN-002186,"BAN-002186  (S. Lami, structure 80)",S01787,W027,LGA03,2,yes
BAN-002187,"BAN-002187  (F. Funo, structure 154)",S01172,W015,LGA01,4,yes
BAN-002188,"BAN-002188  (Z. Oje, structure 38)",S01172,W015,LGA01,1,yes
BAN-002189,"BAN-002189  (S. Zubi, structure 231)",S00119,W001,LGA01,1,yes
BAN-002190,"BAN-002190  (M. Nura, structure 215)",S00119,W001,LGA01,1,yes
BAN-002191,"BAN-002191  (B. Pama, structure 170)",S00119,W001,LGA01,4,no
BAN-002192,"BAN-002192  (R. Kabo, structure 227)",S00119,W001,LGA01,2,yes
BAN-002193,"BAN-002193  (R. Dogo, structure 166)",S01028,W014,LGA01,1,yes
BAN-002194,"BAN-002194  (B. Abu, structure 188)",S01028,W014,LGA01,4,yes
BAN-002195,"BAN-002195  (U. Bala, structure 186)",S01028,W014,LGA01,3,yes
BAN-002196,"BAN-002196  (A. Nura, structure 202)",S02008,W031,LGA03,3,yes
BAN-002197,"BAN-002197  (M. Jibo, structure 245)",S01627,W023,LGA03,2,yes
BAN-002198,"BAN-002198  (F. Tanko, structure 1)",S01627,W023,LGA03,3,no
BAN-002199,"BAN-002199  (K. Nura, structure 206)",S01627,W023,LGA03,0,yes
BAN-002200,"BAN-002200  (B. Cham, structure 210)",S01583,W022,LGA03,4,yes
BAN-002201,"BAN-002201  (Z. Ede, structure 65)",S01583,W022,LGA03,0,yes
BAN-002202,"BAN-002202  (S. Cham, structure 135)",S01583,W022,LGA03,4,yes
BAN-002203,"BAN-002203  (U. Zubi, structure 61)",S01583,W022,LGA03,4,yes
BAN-002204,"BAN-002204  (K. Oje, structure 58)",S00006,W001,LGA01,4,yes
BAN-002205,"BAN-002205  (H. Wada, structure 179)",S00006,W001,LGA01,2,yes
BAN-002206,"BAN-002206  (U. Musa, structure 12)",S00006,W001,LGA01,1,yes
BAN-002207,"BAN-002207  (I. Dogo, structure 69)",S00241,W003,LGA01,0,yes
BAN-002208,"BAN-002208  (S. Cham, structure 216)",S00241,W003,LGA01,3,yes
BAN-002209,"BAN-002209  (H. Pama, structure 46)",S00241,W003,LGA01,1,yes
BAN-002210,"BAN-002210  (U. Isa, structure 231)",S00241,W003,LGA01,4,yes
BAN-002211,"BAN-002211  (F. Musa, structure 208)",S00241,W003,LGA01,2,yes
BAN-002212,"BAN-002212  (K. Nura, structure 226)",S00241,W003,LGA01,3,yes
BAN-002213,"BAN-002213  (U. Bala, structure 185)",S00019,W001,LGA01,2,yes
BAN-002214,"BAN-002214  (Z. Lami, structure 214)",S00019,W001,LGA01,1,yes
BAN-002215,"BAN-002215  (K. Haru, structure 179)",S00019,W001,LGA01,1,yes
BAN-002216,"BAN-002216  (U. Zubi, structure 241)",S02204,W034,LGA03,0,yes
BAN-002217,"BAN-002217  (R. Oje, structure 47)",S02204,W034,LGA03,2,no
BAN-002218,"BAN-002218  (I. Cham, structure 28)",S01990,W031,LGA03,4,yes
BAN-002219,"BAN-002219  (F. Musa, structure 166)",S01990,W031,LGA03,2,yes
BAN-002220,"BAN-002220  (K. Gani, structure 96)",S01990,W031,LGA03,3,no
BAN-002221,"BAN-002221  (K. Kabo, structure 152)",S02435,W039,LGA04,1,yes
BAN-002222,"BAN-002222  (A. Funo, structure 116)",S02435,W039,LGA04,2,yes
BAN-002223,"BAN-002223  (M. Kabo, structure 20)",S02435,W039,LGA04,3,yes
BAN-002224,"BAN-002224  (H. Isa, structure 81)",S02435,W039,LGA04,0,yes
BAN-002225,"BAN-002225  (R. Tanko, structure 1)",S02435,W039,LGA04,0,yes
BAN-002226,"BAN-002226  (A. Rabi, structure 170)",S02435,W039,LGA04,0,yes
BAN-002227,"BAN-002227  (Z. Lami, structure 255)",S00252,W003,LGA01,2,yes
BAN-002228,"BAN-002228  (A. Musa, structure 145)",S01187,W015,LGA01,2,yes
BAN-002229,"BAN-002229  (Y. Nura, structure 194)",S00900,W011,LGA02,3,yes
BAN-002230,"BAN-002230  (B. Lami, structure 245)",S00900,W011,LGA02,2,no
BAN-002231,"BAN-002231  (S. Nura, structure 63)",S00900,W011,LGA02,3,yes
BAN-002232,"BAN-002232  (Z. Musa, structure 112)",S00900,W011,LGA02,2,yes
BAN-002233,"BAN-002233  (R. Gani, structure 102)",S02071,W032,LGA04,4,yes
BAN-002234,"BAN-002234  (U. Musa, structure 102)",S02071,W032,LGA04,3,yes
BAN-002235,"BAN-002235  (S. Cham, structure 30)",S02071,W032,LGA04,1,yes
BAN-002236,"BAN-002236  (S. Oje, structure 257)",S00018,W001,LGA01,2,yes
BAN-002237,"BAN-002237  (H. Zubi, structure 107)",S00955,W013,LGA02,4,yes
BAN-002238,"BAN-002238  (K. Zubi, structure 145)",S00551,W007,LGA01,2,yes
BAN-002239,"BAN-002239  (K. Lami, structure 124)",S00551,W007,LGA01,2,yes
BAN-002240,"BAN-002240  (B. Oje, structure 250)",S00551,W007,LGA01,2,yes
BAN-002241,"BAN-002241  (B. Funo, structure 26)",S00551,W007,LGA01,4,yes
BAN-002242,"BAN-002242  (H. Cham, structure 26)",S00551,W007,LGA01,2,yes
BAN-002243,"BAN-002243  (M. Isa, structure 166)",S01066,W014,LGA01,0,yes
BAN-002244,"BAN-002244  (S. Dogo, structure 178)",S01066,W014,LGA01,4,yes
BAN-002245,"BAN-002245  (F. Haru, structure 205)",S01066,W014,LGA01,3,yes
BAN-002246,"BAN-002246  (M. Bala, structure 186)",S01066,W014,LGA01,2,yes
BAN-002247,"BAN-002247  (F. Isa, structure 136)",S01036,W014,LGA01,3,yes
BAN-002248,"BAN-002248  (H. Zubi, structure 177)",S00381,W005,LGA02,2,yes
BAN-002249,"BAN-002249  (K. Wada, structure 220)",S00381,W005,LGA02,1,yes
BAN-002250,"BAN-002250  (S. Umar, structure 171)",S00381,W005,LGA02,4,yes
BAN-002251,"BAN-002251  (H. Funo, structure 87)",S00224,W003,LGA01,0,no
BAN-002252,"BAN-002252  (K. Sule, structure 176)",S01005,W014,LGA01,1,yes
BAN-002253,"BAN-002253  (B. Tanko, structure 6)",S01434,W020,LGA01,3,yes
BAN-002254,"BAN-002254  (K. Gani, structure 150)",S01434,W020,LGA01,1,yes
BAN-002255,"BAN-002255  (Y. Haru, structure 87)",S01434,W020,LGA01,0,yes
BAN-002256,"BAN-002256  (F. Haru, structure 105)",S01434,W020,LGA01,0,yes
BAN-002257,"BAN-002257  (M. Zubi, structure 107)",S01434,W020,LGA01,3,yes
BAN-002258,"BAN-002258  (U. Haru, structure 196)",S01091,W014,LGA01,2,yes
BAN-002259,"BAN-002259  (Y. Pama, structure 95)",S02001,W031,LGA03,2,yes
BAN-002260,"BAN-002260  (I. Wada, structure 166)",S02001,W031,LGA03,0,yes
BAN-002261,"BAN-002261  (Z. Pama, structure 179)",S02301,W036,LGA04,4,yes
BAN-002262,"BAN-002262  (M. Haru, structure 223)",S02238,W035,LGA04,3,yes
BAN-002263,"BAN-002263  (I. Yaro, structure 81)",S02238,W035,LGA04,1,yes
BAN-002264,"BAN-002264  (Z. Abu, structure 33)",S02238,W035,LGA04,0,yes
BAN-002265,"BAN-002265  (B. Jibo, structure 72)",S01251,W016,LGA02,4,yes
BAN-002266,"BAN-002266  (R. Bala, structure 12)",S00892,W011,LGA02,3,no
BAN-002267,"BAN-002267  (U. Funo, structure 88)",S00892,W011,LGA02,4,yes
BAN-002268,"BAN-002268  (Y. Cham, structure 75)",S00455,W006,LGA01,3,yes
BAN-002269,"BAN-002269  (A. Nura, structure 52)",S00275,W003,LGA01,4,yes
BAN-002270,"BAN-002270  (S. Jibo, structure 70)",S00275,W003,LGA01,4,yes
BAN-002271,"BAN-002271  (R. Jibo, structure 3)",S01954,W030,LGA04,1,yes
BAN-002272,"BAN-002272  (B. Umar, structure 163)",S01954,W030,LGA04,2,yes
BAN-002273,"BAN-002273  (R. Oje, structure 234)",S01072,W014,LGA01,2,no
BAN-002274,"BAN-002274  (S. Kabo, structure 116)",S01072,W014,LGA01,0,yes
BAN-002275,"BAN-002275  (U. Bala, structure 20)",S01072,W014,LGA01,4,yes
BAN-002276,"BAN-002276  (Z. Rabi, structure 242)",S00478,W006,LGA01,4,yes
BAN-002277,"BAN-002277  (F. Ede, structure 90)",S00478,W006,LGA01,3,yes
BAN-002278,"BAN-002278  (U. Rabi, structure 192)",S00478,W006,LGA01,2,yes
BAN-002279,"BAN-002279  (F. Zubi, structure 85)",S00304,W003,LGA01,1,yes
BAN-002280,"BAN-002280  (U. Lami, structure 183)",S01810,W028,LGA04,3,yes
BAN-002281,"BAN-002281  (Y. Sule, structure 172)",S01810,W028,LGA04,2,no
BAN-002282,"BAN-002282  (K. Lami, structure 241)",S01810,W028,LGA04,3,yes
BAN-002283,"BAN-002283  (Z. Kabo, structure 249)",S01810,W028,LGA04,0,yes
BAN-002284,"BAN-002284  (B. Funo, structure 216)",S01502,W020,LGA01,4,yes
BAN-002285,"BAN-002285  (M. Rabi, structure 87)",S01255,W016,LGA02,4,yes
BAN-002286,"BAN-002286  (A. Sule, structure 142)",S01255,W016,LGA02,1,yes
BAN-002287,"BAN-002287  (F. Wada, structure 16)",S01255,W016,LGA02,4,yes
BAN-002288,"BAN-002288  (U. Ede, structure 65)",S01255,W016,LGA02,1,yes
BAN-002289,"BAN-002289  (F. Musa, structure 73)",S01255,W016,LGA02,3,yes
BAN-002290,"BAN-002290  (F. Yaro, structure 165)",S01953,W030,LGA04,4,yes
BAN-002291,"BAN-002291  (A. Cham, structure 60)",S01953,W030,LGA04,3,no
BAN-002292,"BAN-002292  (A. Kabo, structure 61)",S01953,W030,LGA04,0,no
BAN-002293,"BAN-002293  (K. Funo, structure 19)",S02423,W038,LGA03,0,yes
BAN-002294,"BAN-002294  (M. Isa, structure 122)",S02423,W038,LGA03,3,yes
BAN-002295,"BAN-002295  (F. Ede, structure 232)",S02423,W038,LGA03,1,yes
BAN-002296,"BAN-002296  (F. Dogo, structure 245)",S00385,W005,LGA02,2,yes
BAN-002297,"BAN-002297  (Y. Funo, structure 163)",S00385,W005,LGA02,1,yes
BAN-002298,"BAN-002298  (F. Oje, structure 82)",S00385,W005,LGA02,4,yes
BAN-002299,"BAN-002299  (A. Lami, structure 9)",S02010,W031,LGA03,4,yes
BAN-002300,"BAN-002300  (Z. Abu, structure 159)",S01286,W017,LGA03,3,yes
BAN-002301,"BAN-002301  (Y. Isa, structure 10)",S01286,W017,LGA03,4,no
BAN-002302,"BAN-002302  (I. Abu, structure 164)",S01019,W014,LGA01,3,yes
BAN-002303,"BAN-002303  (K. Cham, structure 135)",S00598,W007,LGA01,3,yes
BAN-002304,"BAN-002304  (A. Kabo, structure 7)",S00598,W007,LGA01,3,no
BAN-002305,"BAN-002305  (U. Sule, structure 40)",S00598,W007,LGA01,0,yes
BAN-002306,"BAN-002306  (S. Ede, structure 218)",S00598,W007,LGA01,2,yes
BAN-002307,"BAN-002307  (A. Haru, structure 57)",S01830,W028,LGA04,3,yes
BAN-002308,"BAN-002308  (U. Rabi, structure 108)",S01830,W028,LGA04,3,no
BAN-002309,"BAN-002309  (K. Sule, structure 125)",S01830,W028,LGA04,3,yes
BAN-002310,"BAN-002310  (K. Rabi, structure 4)",S01472,W020,LGA01,3,yes
BAN-002311,"BAN-002311  (F. Abu, structure 216)",S01472,W020,LGA01,1,yes
BAN-002312,"BAN-002312  (U. Yaro, structure 189)",S01472,W020,LGA01,0,yes
BAN-002313,"BAN-002313  (H. Umar, structure 5)",S01472,W020,LGA01,2,yes
BAN-002314,"BAN-002314  (Y. Cham, structure 50)",S01182,W015,LGA01,0,yes
BAN-002315,"BAN-002315  (I. Sule, structure 2)",S01182,W015,LGA01,3,yes
BAN-002316,"BAN-002316  (M. Yaro, structure 195)",S01182,W015,LGA01,1,no
BAN-002317,"BAN-002317  (H. Jibo, structure 205)",S02513,W040,LGA04,3,yes
BAN-002318,"BAN-002318  (B. Ede, structure 30)",S00421,W006,LGA01,0,yes
BAN-002319,"BAN-002319  (F. Musa, structure 131)",S00421,W006,LGA01,0,yes
BAN-002320,"BAN-002320  (S. Abu, structure 255)",S01694,W025,LGA04,0,no
BAN-002321,"BAN-002321  (K. Isa, structure 5)",S01694,W025,LGA04,4,no
BAN-002322,"BAN-002322  (Y. Pama, structure 114)",S01694,W025,LGA04,0,yes
BAN-002323,"BAN-002323  (S. Wada, structure 170)",S01410,W019,LGA04,4,yes
BAN-002324,"BAN-002324  (A. Tanko, structure 28)",S01410,W019,LGA04,3,yes
BAN-002325,"BAN-002325  (Z. Nura, structure 256)",S01410,W019,LGA04,4,yes
BAN-002326,"BAN-002326  (M. Wada, structure 199)",S01410,W019,LGA04,2,yes
BAN-002327,"BAN-002327  (H. Wada, structure 251)",S00206,W002,LGA01,0,yes
BAN-002328,"BAN-002328  (U. Bala, structure 92)",S00206,W002,LGA01,3,yes
BAN-002329,"BAN-002329  (Y. Zubi, structure 218)",S00206,W002,LGA01,1,yes
BAN-002330,"BAN-002330  (Z. Tanko, structure 94)",S00621,W007,LGA01,3,yes
BAN-002331,"BAN-002331  (S. Ede, structure 202)",S01283,W017,LGA03,1,yes
BAN-002332,"BAN-002332  (U. Musa, structure 107)",S01283,W017,LGA03,4,yes
BAN-002333,"BAN-002333  (K. Tanko, structure 218)",S00112,W001,LGA01,1,yes
BAN-002334,"BAN-002334  (M. Kabo, structure 145)",S00112,W001,LGA01,3,yes
BAN-002335,"BAN-002335  (R. Ede, structure 187)",S00112,W001,LGA01,0,yes
BAN-002336,"BAN-002336  (S. Rabi, structure 231)",S00976,W013,LGA02,1,yes
BAN-002337,"BAN-002337  (A. Yaro, structure 213)",S00976,W013,LGA02,4,yes
BAN-002338,"BAN-002338  (U. Zubi, structure 212)",S00976,W013,LGA02,0,no
BAN-002339,"BAN-002339  (I. Musa, structure 27)",S02351,W037,LGA03,0,no
BAN-002340,"BAN-002340  (B. Rabi, structure 51)",S02351,W037,LGA03,4,yes
BAN-002341,"BAN-002341  (Y. Haru, structure 159)",S00898,W011,LGA02,4,yes
BAN-002342,"BAN-002342  (R. Funo, structure 132)",S00898,W011,LGA02,4,yes
BAN-002343,"BAN-002343  (B. Sule, structure 139)",S01497,W020,LGA01,3,yes
BAN-002344,"BAN-002344  (B. Nura, structure 150)",S00672,W008,LGA01,3,yes
BAN-002345,"BAN-002345  (B. Sule, structure 86)",S02266,W035,LGA04,2,yes
BAN-002346,"BAN-002346  (I. Haru, structure 134)",S02266,W035,LGA04,0,yes
BAN-002347,"BAN-002347  (I. Rabi, structure 106)",S02266,W035,LGA04,1,yes
BAN-002348,"BAN-002348  (K. Pama, structure 33)",S02266,W035,LGA04,1,yes
BAN-002349,"BAN-002349  (M. Ede, structure 154)",S02266,W035,LGA04,3,yes
BAN-002350,"BAN-002350  (U. Oje, structure 125)",S02266,W035,LGA04,3,yes
BAN-002351,"BAN-002351  (I. Oje, structure 209)",S02414,W038,LGA03,2,yes
BAN-002352,"BAN-002352  (F. Funo, structure 141)",S02414,W038,LGA03,4,yes
BAN-002353,"BAN-002353  (F. Oje, structure 210)",S00333,W004,LGA02,1,yes
BAN-002354,"BAN-002354  (Y. Sule, structure 133)",S00333,W004,LGA02,4,yes
BAN-002355,"BAN-002355  (K. Pama, structure 228)",S00333,W004,LGA02,2,no
BAN-002356,"BAN-002356  (K. Gani, structure 123)",S01041,W014,LGA01,0,yes
BAN-002357,"BAN-002357  (I. Pama, structure 201)",S01930,W030,LGA04,0,yes
BAN-002358,"BAN-002358  (I. Musa, structure 171)",S01930,W030,LGA04,0,yes
BAN-002359,"BAN-002359  (A. Haru, structure 216)",S00529,W006,LGA01,0,yes
BAN-002360,"BAN-002360  (Y. Kabo, structure 205)",S02502,W040,LGA04,3,yes
BAN-002361,"BAN-002361  (A. Yaro, structure 180)",S02502,W040,LGA04,2,no
BAN-002362,"BAN-002362  (R. Haru, structure 228)",S02502,W040,LGA04,0,yes
BAN-002363,"BAN-002363  (A. Abu, structure 223)",S00475,W006,LGA01,3,yes
BAN-002364,"BAN-002364  (S. Cham, structure 36)",S00475,W006,LGA01,3,yes
BAN-002365,"BAN-002365  (M. Pama, structure 219)",S01289,W017,LGA03,1,yes
BAN-002366,"BAN-002366  (Z. Rabi, structure 178)",S01289,W017,LGA03,1,yes
BAN-002367,"BAN-002367  (S. Umar, structure 25)",S00571,W007,LGA01,2,yes
BAN-002368,"BAN-002368  (M. Isa, structure 148)",S00571,W007,LGA01,2,yes
BAN-002369,"BAN-002369  (Z. Lami, structure 148)",S00571,W007,LGA01,3,yes
BAN-002370,"BAN-002370  (F. Lami, structure 80)",S01039,W014,LGA01,2,yes
BAN-002371,"BAN-002371  (Y. Jibo, structure 34)",S00744,W008,LGA01,4,yes
BAN-002372,"BAN-002372  (I. Funo, structure 220)",S00899,W011,LGA02,4,yes
BAN-002373,"BAN-002373  (R. Rabi, structure 15)",S00899,W011,LGA02,2,yes
BAN-002374,"BAN-002374  (R. Oje, structure 100)",S00899,W011,LGA02,2,yes
BAN-002375,"BAN-002375  (R. Abu, structure 17)",S01945,W030,LGA04,3,yes
BAN-002376,"BAN-002376  (U. Yaro, structure 222)",S01945,W030,LGA04,0,yes
BAN-002377,"BAN-002377  (Z. Nura, structure 8)",S00391,W005,LGA02,2,yes
BAN-002378,"BAN-002378  (U. Abu, structure 145)",S00391,W005,LGA02,1,yes
BAN-002379,"BAN-002379  (Z. Pama, structure 41)",S00391,W005,LGA02,4,yes
BAN-002380,"BAN-002380  (I. Musa, structure 238)",S00718,W008,LGA01,4,no
BAN-002381,"BAN-002381  (B. Musa, structure 67)",S00718,W008,LGA01,4,yes
BAN-002382,"BAN-002382  (K. Zubi, structure 47)",S00786,W008,LGA01,3,yes
BAN-002383,"BAN-002383  (A. Nura, structure 259)",S00786,W008,LGA01,2,yes
BAN-002384,"BAN-002384  (B. Pama, structure 4)",S00786,W008,LGA01,4,yes
BAN-002385,"BAN-002385  (K. Jibo, structure 92)",S00786,W008,LGA01,1,yes
BAN-002386,"BAN-002386  (S. Nura, structure 169)",S00226,W003,LGA01,2,yes
BAN-002387,"BAN-002387  (Y. Gani, structure 230)",S02379,W038,LGA03,4,yes
BAN-002388,"BAN-002388  (U. Rabi, structure 129)",S00997,W013,LGA02,1,yes
BAN-002389,"BAN-002389  (K. Rabi, structure 55)",S00997,W013,LGA02,4,yes
BAN-002390,"BAN-002390  (A. Ede, structure 235)",S00997,W013,LGA02,2,yes
BAN-002391,"BAN-002391  (I. Jibo, structure 30)",S00997,W013,LGA02,2,yes
BAN-002392,"BAN-002392  (H. Isa, structure 11)",S01982,W030,LGA04,2,yes
BAN-002393,"BAN-002393  (I. Musa, structure 130)",S01982,W030,LGA04,1,yes
BAN-002394,"BAN-002394  (B. Ede, structure 202)",S01982,W030,LGA04,0,yes
BAN-002395,"BAN-002395  (U. Isa, structure 48)",S01982,W030,LGA04,4,yes
BAN-002396,"BAN-002396  (I. Musa, structure 250)",S01982,W030,LGA04,0,yes
BAN-002397,"BAN-002397  (R. Tanko, structure 118)",S01982,W030,LGA04,1,yes
BAN-002398,"BAN-002398  (I. Umar, structure 122)",S00126,W002,LGA01,1,yes
BAN-002399,"BAN-002399  (S. Pama, structure 31)",S00126,W002,LGA01,1,yes
BAN-002400,"BAN-002400  (I. Rabi, structure 64)",S00126,W002,LGA01,2,yes
BAN-002401,"BAN-002401  (F. Tanko, structure 158)",S00126,W002,LGA01,1,yes
BAN-002402,"BAN-002402  (U. Tanko, structure 52)",S00142,W002,LGA01,1,yes
BAN-002403,"BAN-002403  (Y. Jibo, structure 176)",S00142,W002,LGA01,4,yes
BAN-002404,"BAN-002404  (M. Dogo, structure 218)",S01481,W020,LGA01,2,yes
BAN-002405,"BAN-002405  (M. Oje, structure 257)",S01481,W020,LGA01,2,yes
BAN-002406,"BAN-002406  (A. Funo, structure 43)",S01481,W020,LGA01,1,no
BAN-002407,"BAN-002407  (Z. Kabo, structure 183)",S01468,W020,LGA01,0,yes
BAN-002408,"BAN-002408  (K. Abu, structure 192)",S00741,W008,LGA01,0,yes
BAN-002409,"BAN-002409  (I. Umar, structure 210)",S00741,W008,LGA01,1,yes
BAN-002410,"BAN-002410  (K. Haru, structure 150)",S01825,W028,LGA04,0,yes
BAN-002411,"BAN-002411  (M. Sule, structure 70)",S01825,W028,LGA04,4,yes
BAN-002412,"BAN-002412  (U. Isa, structure 63)",S00012,W001,LGA01,1,yes
BAN-002413,"BAN-002413  (U. Funo, structure 21)",S00012,W001,LGA01,2,yes
BAN-002414,"BAN-002414  (A. Ede, structure 17)",S00012,W001,LGA01,1,yes
BAN-002415,"BAN-002415  (A. Musa, structure 114)",S00012,W001,LGA01,3,yes
BAN-002416,"BAN-002416  (I. Tanko, structure 187)",S00012,W001,LGA01,4,yes
BAN-002417,"BAN-002417  (H. Rabi, structure 211)",S00763,W008,LGA01,0,yes
BAN-002418,"BAN-002418  (B. Pama, structure 196)",S00763,W008,LGA01,3,yes
BAN-002419,"BAN-002419  (M. Bala, structure 110)",S00763,W008,LGA01,3,yes
BAN-002420,"BAN-002420  (M. Cham, structure 201)",S01438,W020,LGA01,1,yes
BAN-002421,"BAN-002421  (A. Jibo, structure 117)",S00581,W007,LGA01,3,yes
BAN-002422,"BAN-002422  (S. Umar, structure 128)",S00581,W007,LGA01,0,yes
BAN-002423,"BAN-002423  (B. Dogo, structure 112)",S00581,W007,LGA01,4,yes
BAN-002424,"BAN-002424  (Y. Funo, structure 243)",S00581,W007,LGA01,3,yes
BAN-002425,"BAN-002425  (A. Zubi, structure 122)",S01188,W015,LGA01,3,yes
BAN-002426,"BAN-002426  (A. Ede, structure 156)",S01188,W015,LGA01,0,yes
BAN-002427,"BAN-002427  (H. Pama, structure 83)",S01188,W015,LGA01,0,yes
BAN-002428,"BAN-002428  (U. Jibo, structure 139)",S01188,W015,LGA01,4,yes
BAN-002429,"BAN-002429  (A. Cham, structure 131)",S01188,W015,LGA01,3,yes
BAN-002430,"BAN-002430  (I. Rabi, structure 256)",S01188,W015,LGA01,2,yes
BAN-002431,"BAN-002431  (R. Musa, structure 135)",S01188,W015,LGA01,3,yes
BAN-002432,"BAN-002432  (K. Bala, structure 202)",S01303,W017,LGA03,4,yes
BAN-002433,"BAN-002433  (U. Cham, structure 131)",S01303,W017,LGA03,0,yes
BAN-002434,"BAN-002434  (U. Rabi, structure 71)",S01684,W025,LGA04,3,yes
BAN-002435,"BAN-002435  (Z. Lami, structure 93)",S01684,W025,LGA04,4,yes
BAN-002436,"BAN-002436  (B. Zubi, structure 127)",S00083,W001,LGA01,3,yes
BAN-002437,"BAN-002437  (I. Oje, structure 82)",S00083,W001,LGA01,2,yes
BAN-002438,"BAN-002438  (I. Gani, structure 68)",S00083,W001,LGA01,1,yes
BAN-002439,"BAN-002439  (Y. Kabo, structure 82)",S02399,W038,LGA03,3,yes
BAN-002440,"BAN-002440  (B. Haru, structure 221)",S02399,W038,LGA03,0,yes
BAN-002441,"BAN-002441  (Y. Musa, structure 243)",S02399,W038,LGA03,0,yes
BAN-002442,"BAN-002442  (Z. Umar, structure 93)",S02399,W038,LGA03,1,yes
BAN-002443,"BAN-002443  (Z. Tanko, structure 83)",S02399,W038,LGA03,1,yes
BAN-002444,"BAN-002444  (M. Haru, structure 25)",S01595,W023,LGA03,2,yes
BAN-002445,"BAN-002445  (H. Haru, structure 191)",S00686,W008,LGA01,1,yes
BAN-002446,"BAN-002446  (A. Sule, structure 236)",S00686,W008,LGA01,4,yes
BAN-002447,"BAN-002447  (A. Umar, structure 243)",S01063,W014,LGA01,1,yes
BAN-002448,"BAN-002448  (M. Umar, structure 197)",S01063,W014,LGA01,4,no
BAN-002449,"BAN-002449  (R. Musa, structure 39)",S01667,W024,LGA04,2,yes
BAN-002450,"BAN-002450  (Y. Nura, structure 83)",S01667,W024,LGA04,4,yes
BAN-002451,"BAN-002451  (M. Kabo, structure 156)",S01796,W028,LGA04,4,yes
BAN-002452,"BAN-002452  (I. Kabo, structure 121)",S01796,W028,LGA04,4,yes
BAN-002453,"BAN-002453  (Y. Pama, structure 55)",S01796,W028,LGA04,2,yes
BAN-002454,"BAN-002454  (F. Ede, structure 166)",S01796,W028,LGA04,4,yes
BAN-002455,"BAN-002455  (B. Umar, structure 32)",S01796,W028,LGA04,3,yes
BAN-002456,"BAN-002456  (U. Tanko, structure 111)",S01618,W023,LGA03,2,yes
BAN-002457,"BAN-002457  (A. Jibo, structure 234)",S01618,W023,LGA03,3,yes
BAN-002458,"BAN-002458  (Y. Cham, structure 186)",S01618,W023,LGA03,1,yes
BAN-002459,"BAN-002459  (A. Nura, structure 3)",S00021,W001,LGA01,2,yes
BAN-002460,"BAN-002460  (H. Abu, structure 173)",S00021,W001,LGA01,4,yes
BAN-002461,"BAN-002461  (R. Haru, structure 138)",S00021,W001,LGA01,4,yes
BAN-002462,"BAN-002462  (Z. Ede, structure 10)",S01615,W023,LGA03,0,yes
BAN-002463,"BAN-002463  (Z. Lami, structure 16)",S01615,W023,LGA03,3,yes
BAN-002464,"BAN-002464  (H. Cham, structure 43)",S01797,W028,LGA04,3,yes
BAN-002465,"BAN-002465  (R. Lami, structure 203)",S01797,W028,LGA04,4,yes
BAN-002466,"BAN-002466  (Y. Ede, structure 157)",S01676,W025,LGA04,4,yes
BAN-002467,"BAN-002467  (S. Umar, structure 253)",S01676,W025,LGA04,3,yes
BAN-002468,"BAN-002468  (H. Bala, structure 14)",S02518,W040,LGA04,1,yes
BAN-002469,"BAN-002469  (I. Jibo, structure 171)",S02518,W040,LGA04,3,yes
BAN-002470,"BAN-002470  (I. Wada, structure 64)",S02518,W040,LGA04,3,yes
BAN-002471,"BAN-002471  (A. Haru, structure 238)",S02518,W040,LGA04,4,yes
BAN-002472,"BAN-002472  (R. Isa, structure 10)",S01246,W016,LGA02,3,yes
BAN-002473,"BAN-002473  (Z. Sule, structure 75)",S00903,W011,LGA02,4,yes
BAN-002474,"BAN-002474  (K. Isa, structure 45)",S00903,W011,LGA02,1,yes
BAN-002475,"BAN-002475  (A. Cham, structure 245)",S00844,W010,LGA02,4,no
BAN-002476,"BAN-002476  (A. Nura, structure 140)",S00844,W010,LGA02,3,yes
BAN-002477,"BAN-002477  (U. Tanko, structure 7)",S00844,W010,LGA02,3,yes
BAN-002478,"BAN-002478  (A. Musa, structure 79)",S00844,W010,LGA02,1,yes
BAN-002479,"BAN-002479  (H. Tanko, structure 142)",S02148,W033,LGA03,4,yes
BAN-002480,"BAN-002480  (Y. Lami, structure 256)",S01686,W025,LGA04,0,yes
BAN-002481,"BAN-002481  (A. Oje, structure 211)",S01686,W025,LGA04,4,yes
BAN-002482,"BAN-002482  (Z. Cham, structure 107)",S01686,W025,LGA04,0,yes
BAN-002483,"BAN-002483  (U. Tanko, structure 4)",S01686,W025,LGA04,0,no
BAN-002484,"BAN-002484  (B. Kabo, structure 108)",S01686,W025,LGA04,4,yes
BAN-002485,"BAN-002485  (U. Yaro, structure 74)",S01878,W029,LGA04,0,yes
BAN-002486,"BAN-002486  (U. Umar, structure 11)",S01878,W029,LGA04,2,yes
BAN-002487,"BAN-002487  (H. Funo, structure 190)",S01878,W029,LGA04,4,yes
BAN-002488,"BAN-002488  (I. Rabi, structure 149)",S01878,W029,LGA04,3,yes
BAN-002489,"BAN-002489  (F. Oje, structure 23)",S01095,W015,LGA01,0,yes
BAN-002490,"BAN-002490  (Y. Gani, structure 115)",S01073,W014,LGA01,0,yes
BAN-002491,"BAN-002491  (I. Pama, structure 1)",S01073,W014,LGA01,4,yes
BAN-002492,"BAN-002492  (R. Bala, structure 254)",S01073,W014,LGA01,3,yes
BAN-002493,"BAN-002493  (Z. Oje, structure 20)",S02190,W034,LGA03,3,no
BAN-002494,"BAN-002494  (F. Nura, structure 203)",S02190,W034,LGA03,1,yes
BAN-002495,"BAN-002495  (F. Gani, structure 203)",S01250,W016,LGA02,0,no
BAN-002496,"BAN-002496  (B. Oje, structure 140)",S00045,W001,LGA01,4,yes
BAN-002497,"BAN-002497  (I. Tanko, structure 88)",S00045,W001,LGA01,0,yes
BAN-002498,"BAN-002498  (H. Zubi, structure 25)",S00045,W001,LGA01,2,yes
BAN-002499,"BAN-002499  (Z. Dogo, structure 181)",S00045,W001,LGA01,1,yes
BAN-002500,"BAN-002500  (M. Pama, structure 2)",S02140,W033,LGA03,3,yes
BAN-002501,"BAN-002501  (U. Musa, structure 167)",S02140,W033,LGA03,2,yes
BAN-002502,"BAN-002502  (Z. Jibo, structure 224)",S02140,W033,LGA03,3,yes
BAN-002503,"BAN-002503  (Y. Pama, structure 146)",S02140,W033,LGA03,3,yes
BAN-002504,"BAN-002504  (H. Rabi, structure 106)",S00784,W008,LGA01,2,yes
BAN-002505,"BAN-002505  (I. Funo, structure 184)",S01395,W019,LGA04,0,yes
BAN-002506,"BAN-002506  (U. Wada, structure 108)",S01395,W019,LGA04,4,yes
BAN-002507,"BAN-002507  (H. Oje, structure 169)",S00561,W007,LGA01,3,yes
BAN-002508,"BAN-002508  (Y. Dogo, structure 162)",S01196,W015,LGA01,1,yes
BAN-002509,"BAN-002509  (U. Jibo, structure 102)",S01196,W015,LGA01,0,yes
BAN-002510,"BAN-002510  (U. Gani, structure 134)",S00829,W010,LGA02,3,yes
BAN-002511,"BAN-002511  (K. Ede, structure 15)",S00829,W010,LGA02,3,yes
BAN-002512,"BAN-002512  (H. Sule, structure 244)",S00969,W013,LGA02,4,yes
BAN-002513,"BAN-002513  (Y. Haru, structure 112)",S01000,W014,LGA01,1,yes
BAN-002514,"BAN-002514  (A. Nura, structure 55)",S01000,W014,LGA01,3,yes
BAN-002515,"BAN-002515  (S. Sule, structure 137)",S01038,W014,LGA01,3,yes
BAN-002516,"BAN-002516  (I. Tanko, structure 74)",S01038,W014,LGA01,4,yes
BAN-002517,"BAN-002517  (H. Kabo, structure 159)",S00470,W006,LGA01,1,yes
BAN-002518,"BAN-002518  (A. Cham, structure 158)",S00470,W006,LGA01,1,yes
BAN-002519,"BAN-002519  (K. Ede, structure 18)",S00470,W006,LGA01,1,yes
BAN-002520,"BAN-002520  (Z. Haru, structure 172)",S00470,W006,LGA01,0,yes
BAN-002521,"BAN-002521  (B. Yaro, structure 105)",S01202,W015,LGA01,3,yes
BAN-002522,"BAN-002522  (I. Nura, structure 224)",S01202,W015,LGA01,1,yes
BAN-002523,"BAN-002523  (F. Zubi, structure 31)",S01202,W015,LGA01,4,yes
BAN-002524,"BAN-002524  (M. Umar, structure 115)",S00554,W007,LGA01,2,yes
BAN-002525,"BAN-002525  (M. Ede, structure 33)",S00554,W007,LGA01,2,no
BAN-002526,"BAN-002526  (I. Rabi, structure 21)",S00554,W007,LGA01,0,yes
BAN-002527,"BAN-002527  (H. Umar, structure 184)",S01567,W022,LGA03,4,yes
BAN-002528,"BAN-002528  (R. Wada, structure 43)",S01567,W022,LGA03,1,yes
BAN-002529,"BAN-002529  (F. Abu, structure 174)",S01567,W022,LGA03,1,yes
BAN-002530,"BAN-002530  (I. Ede, structure 148)",S01567,W022,LGA03,0,yes
BAN-002531,"BAN-002531  (Z. Tanko, structure 53)",S01506,W020,LGA01,1,yes
BAN-002532,"BAN-002532  (Z. Nura, structure 211)",S00841,W010,LGA02,3,yes
BAN-002533,"BAN-002533  (K. Funo, structure 170)",S01874,W029,LGA04,0,yes
BAN-002534,"BAN-002534  (Y. Bala, structure 145)",S01874,W029,LGA04,1,yes
BAN-002535,"BAN-002535  (R. Oje, structure 54)",S01874,W029,LGA04,3,yes
BAN-002536,"BAN-002536  (K. Isa, structure 168)",S01874,W029,LGA04,1,yes
BAN-002537,"BAN-002537  (A. Zubi, structure 183)",S01874,W029,LGA04,1,yes
BAN-002538,"BAN-002538  (S. Sule, structure 112)",S01176,W015,LGA01,3,yes
BAN-002539,"BAN-002539  (U. Zubi, structure 7)",S01176,W015,LGA01,2,yes
BAN-002540,"BAN-002540  (Y. Sule, structure 2)",S01176,W015,LGA01,4,no
BAN-002541,"BAN-002541  (F. Jibo, structure 45)",S00785,W008,LGA01,2,yes
BAN-002542,"BAN-002542  (R. Musa, structure 35)",S00785,W008,LGA01,3,yes
BAN-002543,"BAN-002543  (I. Kabo, structure 60)",S00785,W008,LGA01,1,yes
BAN-002544,"BAN-002544  (M. Isa, structure 190)",S01763,W027,LGA03,4,yes
BAN-002545,"BAN-002545  (H. Wada, structure 56)",S01763,W027,LGA03,4,no
BAN-002546,"BAN-002546  (Y. Pama, structure 121)",S00532,W006,LGA01,3,yes
BAN-002547,"BAN-002547  (B. Bala, structure 230)",S00532,W006,LGA01,3,yes
BAN-002548,"BAN-002548  (R. Lami, structure 184)",S00532,W006,LGA01,1,yes
BAN-002549,"BAN-002549  (K. Oje, structure 194)",S00532,W006,LGA01,3,yes
BAN-002550,"BAN-002550  (R. Yaro, structure 86)",S00217,W002,LGA01,1,yes
BAN-002551,"BAN-002551  (M. Yaro, structure 76)",S00217,W002,LGA01,4,yes
BAN-002552,"BAN-002552  (F. Dogo, structure 98)",S00815,W009,LGA02,4,yes
BAN-002553,"BAN-002553  (Y. Yaro, structure 249)",S00815,W009,LGA02,0,yes
BAN-002554,"BAN-002554  (R. Wada, structure 220)",S01662,W024,LGA04,3,yes
BAN-002555,"BAN-002555  (A. Ede, structure 99)",S01662,W024,LGA04,2,yes
BAN-002556,"BAN-002556  (F. Isa, structure 225)",S01662,W024,LGA04,2,yes
BAN-002557,"BAN-002557  (F. Zubi, structure 143)",S00067,W001,LGA01,1,yes
BAN-002558,"BAN-002558  (Y. Cham, structure 193)",S00067,W001,LGA01,1,yes
BAN-002559,"BAN-002559  (A. Funo, structure 49)",S00067,W001,LGA01,3,yes
BAN-002560,"BAN-002560  (I. Ede, structure 138)",S00067,W001,LGA01,0,yes
BAN-002561,"BAN-002561  (F. Dogo, structure 55)",S00286,W003,LGA01,0,yes
BAN-002562,"BAN-002562  (B. Rabi, structure 111)",S02073,W032,LGA04,1,yes
BAN-002563,"BAN-002563  (A. Abu, structure 99)",S00800,W009,LGA02,3,yes
BAN-002564,"BAN-002564  (Y. Bala, structure 68)",S00800,W009,LGA02,4,yes
BAN-002565,"BAN-002565  (R. Wada, structure 18)",S00245,W003,LGA01,0,yes
BAN-002566,"BAN-002566  (A. Abu, structure 256)",S00245,W003,LGA01,2,yes
BAN-002567,"BAN-002567  (A. Sule, structure 43)",S00245,W003,LGA01,3,yes
BAN-002568,"BAN-002568  (B. Tanko, structure 215)",S00245,W003,LGA01,1,yes
BAN-002569,"BAN-002569  (S. Zubi, structure 135)",S00245,W003,LGA01,1,yes
BAN-002570,"BAN-002570  (U. Isa, structure 117)",S00245,W003,LGA01,3,yes
BAN-002571,"BAN-002571  (M. Musa, structure 17)",S01431,W020,LGA01,3,yes
BAN-002572,"BAN-002572  (U. Musa, structure 125)",S00419,W006,LGA01,1,yes
BAN-002573,"BAN-002573  (Z. Tanko, structure 211)",S00419,W006,LGA01,2,yes
BAN-002574,"BAN-002574  (Z. Haru, structure 225)",S00419,W006,LGA01,3,yes
BAN-002575,"BAN-002575  (A. Wada, structure 205)",S00419,W006,LGA01,3,yes
BAN-002576,"BAN-002576  (M. Wada, structure 138)",S00180,W002,LGA01,4,yes
BAN-002577,"BAN-002577  (K. Yaro, structure 28)",S00180,W002,LGA01,3,yes
BAN-002578,"BAN-002578  (Z. Jibo, structure 24)",S00180,W002,LGA01,2,yes
BAN-002579,"BAN-002579  (K. Musa, structure 116)",S00180,W002,LGA01,2,yes
BAN-002580,"BAN-002580  (Y. Nura, structure 203)",S02517,W040,LGA04,2,yes
BAN-002581,"BAN-002581  (F. Nura, structure 215)",S02517,W040,LGA04,2,yes
BAN-002582,"BAN-002582  (M. Pama, structure 188)",S02517,W040,LGA04,0,no
BAN-002583,"BAN-002583  (I. Gani, structure 194)",S00445,W006,LGA01,4,yes
BAN-002584,"BAN-002584  (Z. Oje, structure 254)",S00445,W006,LGA01,0,yes
BAN-002585,"BAN-002585  (U. Cham, structure 93)",S01746,W026,LGA03,1,yes
BAN-002586,"BAN-002586  (S. Isa, structure 162)",S02218,W035,LGA04,1,yes
BAN-002587,"BAN-002587  (A. Umar, structure 175)",S02218,W035,LGA04,1,yes
BAN-002588,"BAN-002588  (F. Kabo, structure 254)",S02447,W039,LGA04,0,yes
BAN-002589,"BAN-002589  (U. Ede, structure 146)",S00032,W001,LGA01,0,yes
BAN-002590,"BAN-002590  (U. Abu, structure 150)",S00032,W001,LGA01,4,yes
BAN-002591,"BAN-002591  (K. Bala, structure 142)",S00032,W001,LGA01,0,yes
BAN-002592,"BAN-002592  (A. Yaro, structure 213)",S00032,W001,LGA01,2,yes
BAN-002593,"BAN-002593  (Z. Gani, structure 199)",S00129,W002,LGA01,3,yes
BAN-002594,"BAN-002594  (Z. Musa, structure 70)",S00129,W002,LGA01,0,yes
BAN-002595,"BAN-002595  (B. Pama, structure 74)",S00129,W002,LGA01,2,yes
BAN-002596,"BAN-002596  (F. Zubi, structure 3)",S00129,W002,LGA01,0,yes
BAN-002597,"BAN-002597  (U. Tanko, structure 24)",S01516,W021,LGA02,2,yes
BAN-002598,"BAN-002598  (U. Abu, structure 168)",S01516,W021,LGA02,1,yes
BAN-002599,"BAN-002599  (B. Abu, structure 7)",S01516,W021,LGA02,0,yes
BAN-002600,"BAN-002600  (F. Lami, structure 214)",S01126,W015,LGA01,0,yes
BAN-002601,"BAN-002601  (Y. Pama, structure 171)",S01126,W015,LGA01,0,no
BAN-002602,"BAN-002602  (R. Dogo, structure 249)",S01126,W015,LGA01,2,yes
BAN-002603,"BAN-002603  (B. Cham, structure 224)",S01126,W015,LGA01,2,no
BAN-002604,"BAN-002604  (A. Cham, structure 108)",S01535,W021,LGA02,4,no
BAN-002605,"BAN-002605  (A. Pama, structure 175)",S00557,W007,LGA01,0,yes
BAN-002606,"BAN-002606  (F. Isa, structure 86)",S00557,W007,LGA01,1,yes
BAN-002607,"BAN-002607  (Z. Umar, structure 156)",S00334,W004,LGA02,0,yes
BAN-002608,"BAN-002608  (Y. Abu, structure 197)",S01429,W020,LGA01,0,yes
BAN-002609,"BAN-002609  (M. Dogo, structure 259)",S01429,W020,LGA01,4,yes
BAN-002610,"BAN-002610  (F. Wada, structure 66)",S01429,W020,LGA01,1,yes
BAN-002611,"BAN-002611  (H. Cham, structure 115)",S01429,W020,LGA01,4,no
BAN-002612,"BAN-002612  (B. Gani, structure 49)",S01429,W020,LGA01,2,yes
BAN-002613,"BAN-002613  (Z. Umar, structure 164)",S00773,W008,LGA01,2,yes
BAN-002614,"BAN-002614  (H. Cham, structure 259)",S00773,W008,LGA01,0,yes
BAN-002615,"BAN-002615  (R. Zubi, structure 233)",S00773,W008,LGA01,4,yes
BAN-002616,"BAN-002616  (Z. Pama, structure 48)",S00773,W008,LGA01,4,yes
BAN-002617,"BAN-002617  (R. Ede, structure 81)",S00773,W008,LGA01,4,yes
BAN-002618,"BAN-002618  (H. Yaro, structure 90)",S01507,W020,LGA01,0,yes
BAN-002619,"BAN-002619  (U. Lami, structure 210)",S01507,W020,LGA01,0,no
BAN-002620,"BAN-002620  (H. Jibo, structure 66)",S01932,W030,LGA04,0,yes
BAN-002621,"BAN-002621  (M. Umar, structure 165)",S01932,W030,LGA04,3,yes
BAN-002622,"BAN-002622  (H. Rabi, structure 130)",S01932,W030,LGA04,0,yes
BAN-002623,"BAN-002623  (B. Musa, structure 224)",S01879,W029,LGA04,2,yes
BAN-002624,"BAN-002624  (A. Pama, structure 118)",S01879,W029,LGA04,4,yes
BAN-002625,"BAN-002625  (H. Rabi, structure 125)",S01879,W029,LGA04,1,yes
BAN-002626,"BAN-002626  (M. Cham, structure 202)",S02095,W032,LGA04,3,yes
BAN-002627,"BAN-002627  (U. Dogo, structure 19)",S02095,W032,LGA04,3,yes
BAN-002628,"BAN-002628  (I. Jibo, structure 91)",S01863,W029,LGA04,2,yes
BAN-002629,"BAN-002629  (F. Bala, structure 198)",S01863,W029,LGA04,3,yes
BAN-002630,"BAN-002630  (F. Oje, structure 123)",S01863,W029,LGA04,0,yes
BAN-002631,"BAN-002631  (F. Isa, structure 193)",S00862,W010,LGA02,2,yes
BAN-002632,"BAN-002632  (K. Dogo, structure 136)",S00862,W010,LGA02,3,yes
BAN-002633,"BAN-002633  (R. Ede, structure 244)",S01700,W025,LGA04,0,no
BAN-002634,"BAN-002634  (M. Rabi, structure 26)",S00143,W002,LGA01,4,yes
BAN-002635,"BAN-002635  (K. Tanko, structure 258)",S00143,W002,LGA01,2,yes
BAN-002636,"BAN-002636  (Y. Cham, structure 244)",S00143,W002,LGA01,1,yes
BAN-002637,"BAN-002637  (I. Pama, structure 70)",S00143,W002,LGA01,0,yes
BAN-002638,"BAN-002638  (Y. Musa, structure 172)",S00143,W002,LGA01,3,yes
BAN-002639,"BAN-002639  (Z. Abu, structure 215)",S01444,W020,LGA01,0,yes
BAN-002640,"BAN-002640  (Y. Nura, structure 79)",S01444,W020,LGA01,0,yes
BAN-002641,"BAN-002641  (K. Yaro, structure 37)",S01011,W014,LGA01,2,yes
BAN-002642,"BAN-002642  (B. Dogo, structure 123)",S01428,W020,LGA01,1,yes
BAN-002643,"BAN-002643  (I. Zubi, structure 133)",S01428,W020,LGA01,1,yes
BAN-002644,"BAN-002644  (B. Musa, structure 76)",S00953,W013,LGA02,4,yes
BAN-002645,"BAN-002645  (M. Gani, structure 116)",S01888,W029,LGA04,0,yes
BAN-002646,"BAN-002646  (I. Jibo, structure 103)",S00025,W001,LGA01,4,yes
BAN-002647,"BAN-002647  (R. Pama, structure 69)",S00025,W001,LGA01,2,yes
BAN-002648,"BAN-002648  (S. Funo, structure 201)",S02448,W039,LGA04,0,yes
BAN-002649,"BAN-002649  (H. Zubi, structure 168)",S01671,W025,LGA04,0,yes
BAN-002650,"BAN-002650  (I. Isa, structure 192)",S01671,W025,LGA04,3,yes
BAN-002651,"BAN-002651  (H. Yaro, structure 48)",S01671,W025,LGA04,3,no
BAN-002652,"BAN-002652  (Z. Dogo, structure 163)",S00435,W006,LGA01,4,yes
BAN-002653,"BAN-002653  (R. Rabi, structure 215)",S00435,W006,LGA01,1,yes
BAN-002654,"BAN-002654  (Z. Rabi, structure 68)",S00435,W006,LGA01,1,yes
BAN-002655,"BAN-002655  (H. Rabi, structure 130)",S00435,W006,LGA01,1,yes
BAN-002656,"BAN-002656  (K. Yaro, structure 232)",S00435,W006,LGA01,1,yes
BAN-002657,"BAN-002657  (H. Bala, structure 20)",S00887,W011,LGA02,0,yes
BAN-002658,"BAN-002658  (Z. Sule, structure 188)",S00887,W011,LGA02,0,yes
BAN-002659,"BAN-002659  (Z. Cham, structure 31)",S00887,W011,LGA02,2,yes
BAN-002660,"BAN-002660  (S. Sule, structure 243)",S01370,W018,LGA02,2,yes
BAN-002661,"BAN-002661  (U. Ede, structure 198)",S01370,W018,LGA02,1,no
BAN-002662,"BAN-002662  (R. Pama, structure 67)",S00411,W006,LGA01,1,yes
BAN-002663,"BAN-002663  (I. Cham, structure 227)",S00411,W006,LGA01,4,yes
BAN-002664,"BAN-002664  (I. Musa, structure 189)",S02098,W032,LGA04,3,yes
BAN-002665,"BAN-002665  (F. Musa, structure 151)",S02098,W032,LGA04,3,yes
BAN-002666,"BAN-002666  (K. Funo, structure 251)",S02098,W032,LGA04,1,yes
BAN-002667,"BAN-002667  (R. Kabo, structure 173)",S00107,W001,LGA01,3,yes
BAN-002668,"BAN-002668  (Y. Yaro, structure 18)",S00107,W001,LGA01,2,yes
BAN-002669,"BAN-002669  (K. Nura, structure 239)",S00107,W001,LGA01,2,yes
BAN-002670,"BAN-002670  (A. Wada, structure 220)",S00107,W001,LGA01,2,yes
BAN-002671,"BAN-002671  (M. Bala, structure 89)",S00107,W001,LGA01,3,yes
BAN-002672,"BAN-002672  (Y. Dogo, structure 69)",S00229,W003,LGA01,2,yes
BAN-002673,"BAN-002673  (R. Wada, structure 29)",S00229,W003,LGA01,4,yes
BAN-002674,"BAN-002674  (U. Tanko, structure 206)",S00721,W008,LGA01,2,yes
BAN-002675,"BAN-002675  (I. Dogo, structure 92)",S00165,W002,LGA01,3,yes
BAN-002676,"BAN-002676  (S. Kabo, structure 68)",S00165,W002,LGA01,2,yes
BAN-002677,"BAN-002677  (K. Musa, structure 143)",S00165,W002,LGA01,2,yes
BAN-002678,"BAN-002678  (Y. Jibo, structure 234)",S00165,W002,LGA01,2,yes
BAN-002679,"BAN-002679  (Z. Tanko, structure 48)",S00837,W010,LGA02,0,yes
BAN-002680,"BAN-002680  (H. Jibo, structure 127)",S00837,W010,LGA02,1,yes
BAN-002681,"BAN-002681  (S. Musa, structure 108)",S00837,W010,LGA02,4,yes
BAN-002682,"BAN-002682  (B. Kabo, structure 148)",S00837,W010,LGA02,4,yes
BAN-002683,"BAN-002683  (K. Umar, structure 171)",S00837,W010,LGA02,3,yes
BAN-002684,"BAN-002684  (A. Musa, structure 60)",S00793,W009,LGA02,4,yes
BAN-002685,"BAN-002685  (R. Ede, structure 211)",S01716,W026,LGA03,0,yes
BAN-002686,"BAN-002686  (K. Wada, structure 122)",S00196,W002,LGA01,0,no
BAN-002687,"BAN-002687  (I. Wada, structure 52)",S00196,W002,LGA01,1,yes
BAN-002688,"BAN-002688  (R. Musa, structure 155)",S00094,W001,LGA01,2,yes
BAN-002689,"BAN-002689  (K. Wada, structure 173)",S00094,W001,LGA01,2,yes
BAN-002690,"BAN-002690  (Y. Funo, structure 80)",S02285,W036,LGA04,2,yes
BAN-002691,"BAN-002691  (S. Umar, structure 249)",S00489,W006,LGA01,0,yes
BAN-002692,"BAN-002692  (A. Yaro, structure 125)",S00489,W006,LGA01,0,yes
BAN-002693,"BAN-002693  (Y. Wada, structure 54)",S02431,W039,LGA04,4,yes
BAN-002694,"BAN-002694  (A. Dogo, structure 46)",S00457,W006,LGA01,4,yes
BAN-002695,"BAN-002695  (I. Jibo, structure 41)",S02189,W034,LGA03,4,no
BAN-002696,"BAN-002696  (R. Musa, structure 112)",S02189,W034,LGA03,4,yes
BAN-002697,"BAN-002697  (U. Gani, structure 128)",S02189,W034,LGA03,1,yes
BAN-002698,"BAN-002698  (Z. Isa, structure 125)",S01973,W030,LGA04,1,yes
BAN-002699,"BAN-002699  (Z. Nura, structure 76)",S01973,W030,LGA04,1,yes
BAN-002700,"BAN-002700  (R. Abu, structure 111)",S01973,W030,LGA04,0,no
BAN-002701,"BAN-002701  (M. Umar, structure 157)",S01973,W030,LGA04,0,yes
BAN-002702,"BAN-002702  (M. Rabi, structure 136)",S00167,W002,LGA01,1,yes
BAN-002703,"BAN-002703  (A. Yaro, structure 74)",S00167,W002,LGA01,3,no
BAN-002704,"BAN-002704  (F. Wada, structure 19)",S00167,W002,LGA01,0,yes
BAN-002705,"BAN-002705  (B. Yaro, structure 207)",S01358,W018,LGA02,0,yes
BAN-002706,"BAN-002706  (S. Cham, structure 44)",S01358,W018,LGA02,4,yes
BAN-002707,"BAN-002707  (B. Jibo, structure 2)",S01358,W018,LGA02,3,yes
BAN-002708,"BAN-002708  (B. Nura, structure 80)",S01358,W018,LGA02,0,yes
BAN-002709,"BAN-002709  (U. Musa, structure 225)",S00833,W010,LGA02,0,yes
BAN-002710,"BAN-002710  (H. Tanko, structure 177)",S00833,W010,LGA02,3,yes
BAN-002711,"BAN-002711  (Z. Gani, structure 230)",S01402,W019,LGA04,3,yes
BAN-002712,"BAN-002712  (Z. Pama, structure 227)",S01402,W019,LGA04,3,yes
BAN-002713,"BAN-002713  (Y. Haru, structure 55)",S01402,W019,LGA04,4,yes
BAN-002714,"BAN-002714  (S. Wada, structure 201)",S00676,W008,LGA01,0,yes
BAN-002715,"BAN-002715  (I. Cham, structure 35)",S02108,W033,LGA03,1,yes
BAN-002716,"BAN-002716  (U. Kabo, structure 94)",S01812,W028,LGA04,4,yes
BAN-002717,"BAN-002717  (Z. Oje, structure 73)",S01812,W028,LGA04,3,yes
BAN-002718,"BAN-002718  (Y. Bala, structure 30)",S00055,W001,LGA01,2,yes
BAN-002719,"BAN-002719  (Y. Yaro, structure 28)",S00055,W001,LGA01,2,yes
BAN-002720,"BAN-002720  (F. Rabi, structure 27)",S00055,W001,LGA01,0,yes
BAN-002721,"BAN-002721  (H. Bala, structure 50)",S00055,W001,LGA01,1,yes
BAN-002722,"BAN-002722  (A. Cham, structure 172)",S00055,W001,LGA01,0,yes
BAN-002723,"BAN-002723  (F. Tanko, structure 204)",S02486,W040,LGA04,4,yes
BAN-002724,"BAN-002724  (H. Cham, structure 17)",S02486,W040,LGA04,4,yes
BAN-002725,"BAN-002725  (S. Funo, structure 185)",S02075,W032,LGA04,3,yes
BAN-002726,"BAN-002726  (K. Tanko, structure 238)",S02040,W031,LGA03,2,yes
BAN-002727,"BAN-002727  (K. Bala, structure 175)",S02040,W031,LGA03,2,yes
BAN-002728,"BAN-002728  (B. Dogo, structure 10)",S00881,W011,LGA02,3,yes
BAN-002729,"BAN-002729  (A. Haru, structure 196)",S02261,W035,LGA04,3,yes
BAN-002730,"BAN-002730  (Z. Nura, structure 213)",S02261,W035,LGA04,2,yes
BAN-002731,"BAN-002731  (M. Tanko, structure 126)",S02261,W035,LGA04,2,yes
BAN-002732,"BAN-002732  (F. Isa, structure 30)",S02261,W035,LGA04,1,yes
BAN-002733,"BAN-002733  (R. Zubi, structure 52)",S00274,W003,LGA01,0,yes
BAN-002734,"BAN-002734  (M. Isa, structure 37)",S00274,W003,LGA01,4,yes
BAN-002735,"BAN-002735  (B. Isa, structure 15)",S00274,W003,LGA01,0,yes
BAN-002736,"BAN-002736  (S. Yaro, structure 22)",S00274,W003,LGA01,4,yes
BAN-002737,"BAN-002737  (K. Pama, structure 67)",S02406,W038,LGA03,2,yes
BAN-002738,"BAN-002738  (B. Sule, structure 102)",S02406,W038,LGA03,2,yes
BAN-002739,"BAN-002739  (B. Rabi, structure 91)",S00325,W003,LGA01,0,yes
BAN-002740,"BAN-002740  (S. Zubi, structure 58)",S00325,W003,LGA01,2,yes
BAN-002741,"BAN-002741  (F. Isa, structure 198)",S00325,W003,LGA01,2,yes
BAN-002742,"BAN-002742  (H. Tanko, structure 196)",S00325,W003,LGA01,0,yes
BAN-002743,"BAN-002743  (S. Gani, structure 93)",S02264,W035,LGA04,4,yes
BAN-002744,"BAN-002744  (U. Oje, structure 129)",S02264,W035,LGA04,1,yes
BAN-002745,"BAN-002745  (U. Abu, structure 215)",S02264,W035,LGA04,0,yes
BAN-002746,"BAN-002746  (K. Haru, structure 46)",S01687,W025,LGA04,3,yes
BAN-002747,"BAN-002747  (M. Funo, structure 177)",S01687,W025,LGA04,2,yes
BAN-002748,"BAN-002748  (H. Abu, structure 77)",S01687,W025,LGA04,1,yes
BAN-002749,"BAN-002749  (K. Isa, structure 37)",S02087,W032,LGA04,2,yes
BAN-002750,"BAN-002750  (K. Funo, structure 74)",S02087,W032,LGA04,2,yes
BAN-002751,"BAN-002751  (S. Bala, structure 229)",S01224,W015,LGA01,4,yes
BAN-002752,"BAN-002752  (Z. Pama, structure 222)",S01710,W026,LGA03,3,yes
BAN-002753,"BAN-002753  (F. Isa, structure 36)",S01710,W026,LGA03,3,yes
BAN-002754,"BAN-002754  (I. Isa, structure 71)",S01710,W026,LGA03,4,yes
BAN-002755,"BAN-002755  (U. Ede, structure 109)",S01152,W015,LGA01,2,yes
BAN-002756,"BAN-002756  (Y. Isa, structure 209)",S01152,W015,LGA01,3,yes
BAN-002757,"BAN-002757  (Z. Musa, structure 122)",S01152,W015,LGA01,3,yes
BAN-002758,"BAN-002758  (U. Zubi, structure 51)",S01152,W015,LGA01,4,yes
BAN-002759,"BAN-002759  (I. Kabo, structure 51)",S01152,W015,LGA01,2,yes
BAN-002760,"BAN-002760  (Y. Yaro, structure 163)",S02416,W038,LGA03,3,no
BAN-002761,"BAN-002761  (Y. Bala, structure 5)",S01722,W026,LGA03,2,yes
BAN-002762,"BAN-002762  (M. Sule, structure 163)",S01722,W026,LGA03,1,yes
BAN-002763,"BAN-002763  (Z. Umar, structure 34)",S01722,W026,LGA03,3,yes
BAN-002764,"BAN-002764  (H. Tanko, structure 170)",S01722,W026,LGA03,2,yes
BAN-002765,"BAN-002765  (R. Gani, structure 259)",S01941,W030,LGA04,0,yes
BAN-002766,"BAN-002766  (Z. Bala, structure 75)",S01941,W030,LGA04,3,yes
BAN-002767,"BAN-002767  (Y. Rabi, structure 76)",S01941,W030,LGA04,0,yes
BAN-002768,"BAN-002768  (B. Yaro, structure 204)",S00278,W003,LGA01,1,yes
BAN-002769,"BAN-002769  (U. Oje, structure 242)",S00278,W003,LGA01,2,yes
BAN-002770,"BAN-002770  (Z. Oje, structure 181)",S00278,W003,LGA01,0,yes
BAN-002771,"BAN-002771  (S. Nura, structure 244)",S00278,W003,LGA01,0,yes
BAN-002772,"BAN-002772  (U. Nura, structure 142)",S00278,W003,LGA01,4,yes
BAN-002773,"BAN-002773  (I. Yaro, structure 179)",S00278,W003,LGA01,3,yes
BAN-002774,"BAN-002774  (R. Gani, structure 247)",S00024,W001,LGA01,1,yes
BAN-002775,"BAN-002775  (B. Oje, structure 199)",S01938,W030,LGA04,1,yes
BAN-002776,"BAN-002776  (K. Ede, structure 99)",S02466,W039,LGA04,3,yes
BAN-002777,"BAN-002777  (Y. Lami, structure 67)",S00394,W005,LGA02,0,yes
BAN-002778,"BAN-002778  (M. Pama, structure 124)",S00394,W005,LGA02,0,yes
BAN-002779,"BAN-002779  (A. Yaro, structure 129)",S00244,W003,LGA01,4,yes
BAN-002780,"BAN-002780  (I. Funo, structure 203)",S00244,W003,LGA01,4,yes
BAN-002781,"BAN-002781  (R. Gani, structure 251)",S00989,W013,LGA02,4,yes
BAN-002782,"BAN-002782  (F. Nura, structure 23)",S00989,W013,LGA02,4,yes
BAN-002783,"BAN-002783  (R. Jibo, structure 103)",S00989,W013,LGA02,1,yes
BAN-002784,"BAN-002784  (K. Gani, structure 39)",S01823,W028,LGA04,2,yes
BAN-002785,"BAN-002785  (Z. Zubi, structure 48)",S01823,W028,LGA04,2,yes
BAN-002786,"BAN-002786  (A. Lami, structure 236)",S00043,W001,LGA01,1,yes
BAN-002787,"BAN-002787  (B. Jibo, structure 209)",S00043,W001,LGA01,0,yes
BAN-002788,"BAN-002788  (I. Wada, structure 223)",S00043,W001,LGA01,0,yes
BAN-002789,"BAN-002789  (K. Abu, structure 114)",S00043,W001,LGA01,1,yes
BAN-002790,"BAN-002790  (F. Funo, structure 119)",S01112,W015,LGA01,3,yes
BAN-002791,"BAN-002791  (B. Bala, structure 70)",S01112,W015,LGA01,3,no
BAN-002792,"BAN-002792  (H. Nura, structure 217)",S01112,W015,LGA01,0,yes
BAN-002793,"BAN-002793  (B. Jibo, structure 38)",S02446,W039,LGA04,1,yes
BAN-002794,"BAN-002794  (H. Sule, structure 145)",S02276,W035,LGA04,1,yes
BAN-002795,"BAN-002795  (I. Yaro, structure 168)",S02519,W040,LGA04,0,no
BAN-002796,"BAN-002796  (B. Lami, structure 233)",S00038,W001,LGA01,1,yes
BAN-002797,"BAN-002797  (B. Umar, structure 137)",S00038,W001,LGA01,1,yes
BAN-002798,"BAN-002798  (H. Jibo, structure 92)",S00038,W001,LGA01,4,yes
BAN-002799,"BAN-002799  (U. Ede, structure 145)",S00586,W007,LGA01,4,yes
BAN-002800,"BAN-002800  (R. Dogo, structure 193)",S01331,W018,LGA02,0,yes
BAN-002801,"BAN-002801  (R. Lami, structure 88)",S01331,W018,LGA02,3,yes
BAN-002802,"BAN-002802  (H. Musa, structure 211)",S01331,W018,LGA02,0,yes
BAN-002803,"BAN-002803  (U. Cham, structure 22)",S01331,W018,LGA02,2,yes
BAN-002804,"BAN-002804  (S. Nura, structure 253)",S01331,W018,LGA02,4,yes
BAN-002805,"BAN-002805  (U. Oje, structure 235)",S01331,W018,LGA02,4,yes
BAN-002806,"BAN-002806  (M. Bala, structure 132)",S00267,W003,LGA01,4,yes
BAN-002807,"BAN-002807  (M. Nura, structure 12)",S00267,W003,LGA01,3,no
BAN-002808,"BAN-002808  (M. Tanko, structure 94)",S01291,W017,LGA03,0,no
BAN-002809,"BAN-002809  (B. Bala, structure 41)",S01291,W017,LGA03,2,yes
BAN-002810,"BAN-002810  (Y. Tanko, structure 214)",S01291,W017,LGA03,1,no
BAN-002811,"BAN-002811  (M. Jibo, structure 119)",S01576,W022,LGA03,2,no
BAN-002812,"BAN-002812  (A. Abu, structure 225)",S01576,W022,LGA03,1,yes
BAN-002813,"BAN-002813  (S. Bala, structure 78)",S02185,W034,LGA03,0,yes
BAN-002814,"BAN-002814  (B. Pama, structure 178)",S02185,W034,LGA03,1,yes
BAN-002815,"BAN-002815  (F. Ede, structure 115)",S02185,W034,LGA03,4,yes
BAN-002816,"BAN-002816  (F. Ede, structure 63)",S02185,W034,LGA03,3,yes
BAN-002817,"BAN-002817  (K. Umar, structure 51)",S00889,W011,LGA02,0,yes
BAN-002818,"BAN-002818  (H. Gani, structure 177)",S00889,W011,LGA02,2,yes
BAN-002819,"BAN-002819  (A. Funo, structure 141)",S00145,W002,LGA01,2,yes
BAN-002820,"BAN-002820  (Y. Abu, structure 91)",S00145,W002,LGA01,2,yes
BAN-002821,"BAN-002821  (Y. Zubi, structure 152)",S00145,W002,LGA01,0,yes
BAN-002822,"BAN-002822  (F. Funo, structure 49)",S01611,W023,LGA03,0,yes
BAN-002823,"BAN-002823  (R. Gani, structure 77)",S01611,W023,LGA03,1,yes
BAN-002824,"BAN-002824  (A. Isa, structure 151)",S01611,W023,LGA03,3,yes
BAN-002825,"BAN-002825  (H. Rabi, structure 99)",S01728,W026,LGA03,2,yes
BAN-002826,"BAN-002826  (A. Kabo, structure 80)",S01728,W026,LGA03,3,yes
BAN-002827,"BAN-002827  (F. Zubi, structure 175)",S01728,W026,LGA03,0,yes
BAN-002828,"BAN-002828  (B. Wada, structure 232)",S01728,W026,LGA03,4,yes
BAN-002829,"BAN-002829  (F. Musa, structure 53)",S01728,W026,LGA03,3,yes
BAN-002830,"BAN-002830  (H. Cham, structure 141)",S01728,W026,LGA03,1,yes
BAN-002831,"BAN-002831  (Z. Musa, structure 81)",S01728,W026,LGA03,3,yes
BAN-002832,"BAN-002832  (A. Musa, structure 231)",S00026,W001,LGA01,2,yes
BAN-002833,"BAN-002833  (S. Cham, structure 65)",S00026,W001,LGA01,0,yes
BAN-002834,"BAN-002834  (H. Gani, structure 181)",S00026,W001,LGA01,4,no
BAN-002835,"BAN-002835  (Z. Rabi, structure 180)",S00440,W006,LGA01,0,no
BAN-002836,"BAN-002836  (I. Yaro, structure 44)",S00954,W013,LGA02,0,yes
BAN-002837,"BAN-002837  (H. Dogo, structure 197)",S01118,W015,LGA01,0,yes
BAN-002838,"BAN-002838  (F. Cham, structure 20)",S01118,W015,LGA01,3,yes
BAN-002839,"BAN-002839  (U. Zubi, structure 92)",S01118,W015,LGA01,0,yes
BAN-002840,"BAN-002840  (F. Umar, structure 32)",S00848,W010,LGA02,4,yes
BAN-002841,"BAN-002841  (A. Ede, structure 184)",S00848,W010,LGA02,1,no
BAN-002842,"BAN-002842  (K. Cham, structure 94)",S00848,W010,LGA02,4,yes
BAN-002843,"BAN-002843  (U. Bala, structure 118)",S01024,W014,LGA01,4,no
BAN-002844,"BAN-002844  (I. Yaro, structure 143)",S01024,W014,LGA01,3,no
BAN-002845,"BAN-002845  (H. Bala, structure 195)",S01024,W014,LGA01,3,yes
BAN-002846,"BAN-002846  (R. Abu, structure 236)",S01024,W014,LGA01,2,yes
BAN-002847,"BAN-002847  (S. Pama, structure 191)",S01024,W014,LGA01,3,yes
BAN-002848,"BAN-002848  (F. Umar, structure 95)",S02023,W031,LGA03,2,yes
BAN-002849,"BAN-002849  (Z. Ede, structure 23)",S02023,W031,LGA03,4,yes
BAN-002850,"BAN-002850  (A. Zubi, structure 60)",S02023,W031,LGA03,3,yes
BAN-002851,"BAN-002851  (M. Gani, structure 68)",S00767,W008,LGA01,0,no
BAN-002852,"BAN-002852  (A. Haru, structure 228)",S00767,W008,LGA01,3,yes
BAN-002853,"BAN-002853  (Z. Oje, structure 120)",S00767,W008,LGA01,2,yes
BAN-002854,"BAN-002854  (R. Umar, structure 196)",S00767,W008,LGA01,1,yes
BAN-002855,"BAN-002855  (B. Pama, structure 140)",S00484,W006,LGA01,2,yes
BAN-002856,"BAN-002856  (Z. Cham, structure 172)",S00484,W006,LGA01,4,yes
BAN-002857,"BAN-002857  (Z. Isa, structure 160)",S00484,W006,LGA01,4,yes
BAN-002858,"BAN-002858  (S. Bala, structure 96)",S00078,W001,LGA01,1,yes
BAN-002859,"BAN-002859  (Z. Jibo, structure 157)",S00078,W001,LGA01,1,yes
BAN-002860,"BAN-002860  (B. Musa, structure 238)",S00132,W002,LGA01,4,yes
BAN-002861,"BAN-002861  (Y. Rabi, structure 15)",S00132,W002,LGA01,0,yes
BAN-002862,"BAN-002862  (U. Tanko, structure 252)",S00132,W002,LGA01,0,yes
BAN-002863,"BAN-002863  (I. Umar, structure 204)",S02480,W040,LGA04,3,yes
BAN-002864,"BAN-002864  (I. Rabi, structure 182)",S02480,W040,LGA04,0,yes
BAN-002865,"BAN-002865  (M. Tanko, structure 251)",S02219,W035,LGA04,2,yes
BAN-002866,"BAN-002866  (Z. Zubi, structure 217)",S02219,W035,LGA04,1,yes
BAN-002867,"BAN-002867  (K. Nura, structure 166)",S02219,W035,LGA04,2,yes
BAN-002868,"BAN-002868  (H. Pama, structure 24)",S02219,W035,LGA04,2,yes
BAN-002869,"BAN-002869  (U. Bala, structure 217)",S02219,W035,LGA04,3,yes
BAN-002870,"BAN-002870  (Y. Gani, structure 173)",S01650,W024,LGA04,0,yes
BAN-002871,"BAN-002871  (U. Nura, structure 234)",S01650,W024,LGA04,4,yes
BAN-002872,"BAN-002872  (U. Isa, structure 236)",S00401,W005,LGA02,4,yes
BAN-002873,"BAN-002873  (K. Bala, structure 7)",S00087,W001,LGA01,3,yes
BAN-002874,"BAN-002874  (U. Lami, structure 45)",S00781,W008,LGA01,2,yes
BAN-002875,"BAN-002875  (Y. Umar, structure 176)",S00781,W008,LGA01,0,yes
BAN-002876,"BAN-002876  (S. Abu, structure 65)",S00781,W008,LGA01,4,yes
BAN-002877,"BAN-002877  (K. Umar, structure 203)",S01610,W023,LGA03,4,yes
BAN-002878,"BAN-002878  (K. Funo, structure 149)",S01610,W023,LGA03,3,yes
BAN-002879,"BAN-002879  (Z. Wada, structure 69)",S01610,W023,LGA03,2,yes
BAN-002880,"BAN-002880  (Y. Ede, structure 155)",S02063,W032,LGA04,1,yes
BAN-002881,"BAN-002881  (Y. Isa, structure 104)",S02408,W038,LGA03,3,yes
BAN-002882,"BAN-002882  (R. Zubi, structure 182)",S02408,W038,LGA03,3,yes
BAN-002883,"BAN-002883  (A. Dogo, structure 26)",S01485,W020,LGA01,0,yes
BAN-002884,"BAN-002884  (H. Lami, structure 245)",S01485,W020,LGA01,4,yes
BAN-002885,"BAN-002885  (I. Sule, structure 42)",S01485,W020,LGA01,1,yes
BAN-002886,"BAN-002886  (R. Tanko, structure 113)",S01485,W020,LGA01,3,yes
BAN-002887,"BAN-002887  (H. Sule, structure 222)",S01485,W020,LGA01,3,yes
BAN-002888,"BAN-002888  (M. Wada, structure 200)",S02197,W034,LGA03,3,yes
BAN-002889,"BAN-002889  (R. Ede, structure 236)",S02197,W034,LGA03,3,yes
BAN-002890,"BAN-002890  (S. Haru, structure 114)",S02041,W031,LGA03,1,no
BAN-002891,"BAN-002891  (U. Tanko, structure 125)",S02041,W031,LGA03,2,yes
BAN-002892,"BAN-002892  (M. Zubi, structure 69)",S02041,W031,LGA03,3,yes
BAN-002893,"BAN-002893  (S. Dogo, structure 136)",S02041,W031,LGA03,4,yes
BAN-002894,"BAN-002894  (S. Oje, structure 214)",S00677,W008,LGA01,2,no
BAN-002895,"BAN-002895  (B. Sule, structure 237)",S01267,W016,LGA02,2,no
BAN-002896,"BAN-002896  (F. Abu, structure 102)",S01267,W016,LGA02,1,yes
BAN-002897,"BAN-002897  (F. Rabi, structure 252)",S00796,W009,LGA02,4,no
BAN-002898,"BAN-002898  (Z. Gani, structure 177)",S00237,W003,LGA01,3,yes
BAN-002899,"BAN-002899  (B. Bala, structure 121)",S00733,W008,LGA01,2,yes
BAN-002900,"BAN-002900  (S. Tanko, structure 25)",S00733,W008,LGA01,2,yes
BAN-002901,"BAN-002901  (H. Lami, structure 127)",S00733,W008,LGA01,1,yes
BAN-002902,"BAN-002902  (A. Bala, structure 112)",S00733,W008,LGA01,2,no
BAN-002903,"BAN-002903  (I. Lami, structure 252)",S00309,W003,LGA01,0,yes
BAN-002904,"BAN-002904  (F. Gani, structure 221)",S00309,W003,LGA01,4,yes
BAN-002905,"BAN-002905  (I. Abu, structure 181)",S00309,W003,LGA01,1,yes
BAN-002906,"BAN-002906  (Y. Kabo, structure 44)",S01513,W020,LGA01,4,yes
BAN-002907,"BAN-002907  (A. Cham, structure 117)",S01513,W020,LGA01,4,yes
BAN-002908,"BAN-002908  (F. Bala, structure 259)",S00200,W002,LGA01,1,yes
BAN-002909,"BAN-002909  (I. Pama, structure 213)",S01623,W023,LGA03,0,yes
BAN-002910,"BAN-002910  (F. Zubi, structure 248)",S01623,W023,LGA03,2,yes
BAN-002911,"BAN-002911  (Y. Lami, structure 38)",S00896,W011,LGA02,2,yes
BAN-002912,"BAN-002912  (K. Gani, structure 8)",S00896,W011,LGA02,3,yes
BAN-002913,"BAN-002913  (B. Lami, structure 227)",S02123,W033,LGA03,0,yes
BAN-002914,"BAN-002914  (B. Funo, structure 69)",S01385,W019,LGA04,4,yes
BAN-002915,"BAN-002915  (M. Pama, structure 211)",S01385,W019,LGA04,0,yes
BAN-002916,"BAN-002916  (B. Sule, structure 135)",S01385,W019,LGA04,2,yes
BAN-002917,"BAN-002917  (Z. Haru, structure 110)",S00757,W008,LGA01,0,no
BAN-002918,"BAN-002918  (A. Funo, structure 207)",S00757,W008,LGA01,3,yes
BAN-002919,"BAN-002919  (U. Wada, structure 214)",S01223,W015,LGA01,4,yes
BAN-002920,"BAN-002920  (U. Pama, structure 70)",S02230,W035,LGA04,2,yes
BAN-002921,"BAN-002921  (A. Kabo, structure 98)",S02230,W035,LGA04,4,yes
BAN-002922,"BAN-002922  (M. Isa, structure 73)",S02230,W035,LGA04,1,yes
BAN-002923,"BAN-002923  (I. Nura, structure 214)",S02230,W035,LGA04,2,yes
BAN-002924,"BAN-002924  (Y. Lami, structure 139)",S01033,W014,LGA01,3,no
BAN-002925,"BAN-002925  (A. Haru, structure 112)",S01033,W014,LGA01,2,yes
BAN-002926,"BAN-002926  (Y. Haru, structure 170)",S02384,W038,LGA03,3,yes
BAN-002927,"BAN-002927  (M. Umar, structure 215)",S02384,W038,LGA03,4,yes
BAN-002928,"BAN-002928  (Y. Oje, structure 37)",S00880,W011,LGA02,0,yes
BAN-002929,"BAN-002929  (H. Pama, structure 189)",S00136,W002,LGA01,3,yes
BAN-002930,"BAN-002930  (Z. Sule, structure 247)",S00136,W002,LGA01,4,yes
BAN-002931,"BAN-002931  (I. Kabo, structure 125)",S01621,W023,LGA03,4,yes
BAN-002932,"BAN-002932  (I. Lami, structure 101)",S01621,W023,LGA03,4,yes
BAN-002933,"BAN-002933  (Z. Funo, structure 205)",S00189,W002,LGA01,4,yes
BAN-002934,"BAN-002934  (I. Oje, structure 13)",S00147,W002,LGA01,3,yes
BAN-002935,"BAN-002935  (I. Funo, structure 243)",S00147,W002,LGA01,4,yes
BAN-002936,"BAN-002936  (Y. Musa, structure 10)",S00147,W002,LGA01,4,no
BAN-002937,"BAN-002937  (Z. Haru, structure 10)",S01424,W020,LGA01,3,yes
BAN-002938,"BAN-002938  (M. Sule, structure 106)",S01424,W020,LGA01,4,yes
BAN-002939,"BAN-002939  (B. Gani, structure 100)",S00839,W010,LGA02,3,yes
BAN-002940,"BAN-002940  (S. Zubi, structure 134)",S02086,W032,LGA04,4,yes
BAN-002941,"BAN-002941  (R. Ede, structure 134)",S02086,W032,LGA04,0,yes
BAN-002942,"BAN-002942  (Z. Lami, structure 227)",S02086,W032,LGA04,1,yes
BAN-002943,"BAN-002943  (H. Ede, structure 93)",S00869,W010,LGA02,2,yes
BAN-002944,"BAN-002944  (F. Cham, structure 108)",S00869,W010,LGA02,4,yes
BAN-002945,"BAN-002945  (K. Pama, structure 38)",S00869,W010,LGA02,0,yes
BAN-002946,"BAN-002946  (K. Funo, structure 132)",S00869,W010,LGA02,1,yes
BAN-002947,"BAN-002947  (A. Dogo, structure 179)",S00869,W010,LGA02,1,yes
BAN-002948,"BAN-002948  (Y. Oje, structure 20)",S01872,W029,LGA04,4,yes
BAN-002949,"BAN-002949  (U. Abu, structure 254)",S00193,W002,LGA01,0,yes
BAN-002950,"BAN-002950  (Y. Zubi, structure 54)",S00193,W002,LGA01,2,yes
BAN-002951,"BAN-002951  (S. Kabo, structure 16)",S00193,W002,LGA01,4,yes
BAN-002952,"BAN-002952  (S. Funo, structure 253)",S01989,W030,LGA04,4,yes
BAN-002953,"BAN-002953  (Z. Bala, structure 201)",S01989,W030,LGA04,3,yes
BAN-002954,"BAN-002954  (M. Cham, structure 225)",S01989,W030,LGA04,4,yes
BAN-002955,"BAN-002955  (M. Funo, structure 7)",S00609,W007,LGA01,4,no
BAN-002956,"BAN-002956  (A. Cham, structure 7)",S00609,W007,LGA01,4,yes
BAN-002957,"BAN-002957  (U. Haru, structure 24)",S00609,W007,LGA01,1,yes
BAN-002958,"BAN-002958  (I. Haru, structure 110)",S00609,W007,LGA01,3,yes
BAN-002959,"BAN-002959  (U. Zubi, structure 99)",S00609,W007,LGA01,4,yes
BAN-002960,"BAN-002960  (I. Gani, structure 38)",S00632,W007,LGA01,4,yes
BAN-002961,"BAN-002961  (A. Abu, structure 33)",S00632,W007,LGA01,3,yes
BAN-002962,"BAN-002962  (K. Sule, structure 250)",S01032,W014,LGA01,4,yes
BAN-002963,"BAN-002963  (H. Lami, structure 240)",S01032,W014,LGA01,3,yes
BAN-002964,"BAN-002964  (M. Pama, structure 125)",S01032,W014,LGA01,4,yes
BAN-002965,"BAN-002965  (F. Gani, structure 214)",S02482,W040,LGA04,1,no
BAN-002966,"BAN-002966  (Y. Lami, structure 101)",S00056,W001,LGA01,3,yes
BAN-002967,"BAN-002967  (B. Zubi, structure 188)",S00056,W001,LGA01,4,yes
BAN-002968,"BAN-002968  (U. Isa, structure 32)",S00811,W009,LGA02,2,yes
BAN-002969,"BAN-002969  (A. Rabi, structure 164)",S00811,W009,LGA02,3,yes
BAN-002970,"BAN-002970  (I. Lami, structure 195)",S00626,W007,LGA01,4,yes
BAN-002971,"BAN-002971  (H. Jibo, structure 137)",S00626,W007,LGA01,3,yes
BAN-002972,"BAN-002972  (R. Pama, structure 245)",S00626,W007,LGA01,0,yes
BAN-002973,"BAN-002973  (B. Jibo, structure 249)",S00626,W007,LGA01,4,yes
BAN-002974,"BAN-002974  (F. Kabo, structure 259)",S00626,W007,LGA01,4,yes
BAN-002975,"BAN-002975  (B. Haru, structure 185)",S00214,W002,LGA01,2,yes
BAN-002976,"BAN-002976  (M. Rabi, structure 152)",S00214,W002,LGA01,1,yes
BAN-002977,"BAN-002977  (H. Bala, structure 197)",S00214,W002,LGA01,3,yes
BAN-002978,"BAN-002978  (K. Isa, structure 161)",S00214,W002,LGA01,4,yes
BAN-002979,"BAN-002979  (R. Rabi, structure 107)",S00098,W001,LGA01,3,yes
BAN-002980,"BAN-002980  (I. Abu, structure 35)",S00098,W001,LGA01,0,yes
BAN-002981,"BAN-002981  (R. Zubi, structure 139)",S00098,W001,LGA01,1,yes
BAN-002982,"BAN-002982  (K. Bala, structure 135)",S00098,W001,LGA01,4,yes
BAN-002983,"BAN-002983  (F. Wada, structure 124)",S00069,W001,LGA01,3,yes
BAN-002984,"BAN-002984  (M. Bala, structure 228)",S00069,W001,LGA01,1,yes
BAN-002985,"BAN-002985  (A. Nura, structure 92)",S00069,W001,LGA01,0,yes
BAN-002986,"BAN-002986  (Y. Umar, structure 1)",S00069,W001,LGA01,1,yes
BAN-002987,"BAN-002987  (R. Isa, structure 229)",S00093,W001,LGA01,1,yes
BAN-002988,"BAN-002988  (Y. Cham, structure 49)",S00093,W001,LGA01,3,no
BAN-002989,"BAN-002989  (R. Funo, structure 122)",S00973,W013,LGA02,3,yes
BAN-002990,"BAN-002990  (I. Rabi, structure 82)",S00824,W009,LGA02,4,yes
BAN-002991,"BAN-002991  (Z. Isa, structure 66)",S00134,W002,LGA01,3,yes
BAN-002992,"BAN-002992  (A. Zubi, structure 170)",S00134,W002,LGA01,0,yes
BAN-002993,"BAN-002993  (S. Jibo, structure 242)",S01655,W024,LGA04,3,yes
BAN-002994,"BAN-002994  (A. Lami, structure 96)",S01655,W024,LGA04,0,yes
BAN-002995,"BAN-002995  (U. Umar, structure 149)",S01655,W024,LGA04,0,yes
BAN-002996,"BAN-002996  (Y. Tanko, structure 71)",S02044,W031,LGA03,2,yes
BAN-002997,"BAN-002997  (U. Zubi, structure 252)",S02044,W031,LGA03,3,yes
BAN-002998,"BAN-002998  (B. Bala, structure 83)",S02044,W031,LGA03,0,yes
BAN-002999,"BAN-002999  (F. Pama, structure 240)",S02044,W031,LGA03,1,no
BAN-003000,"BAN-003000  (H. Lami, structure 188)",S02044,W031,LGA03,3,yes
BAN-003001,"BAN-003001  (U. Bala, structure 150)",S02044,W031,LGA03,1,yes
BAN-003002,"BAN-003002  (I. Nura, structure 96)",S00416,W006,LGA01,3,yes
BAN-003003,"BAN-003003  (M. Pama, structure 186)",S00708,W008,LGA01,0,yes
BAN-003004,"BAN-003004  (B. Cham, structure 84)",S00708,W008,LGA01,2,yes
BAN-003005,"BAN-003005  (Z. Oje, structure 250)",S00708,W008,LGA01,2,yes
BAN-003006,"BAN-003006  (B. Tanko, structure 201)",S00708,W008,LGA01,1,yes
BAN-003007,"BAN-003007  (B. Abu, structure 54)",S01413,W019,LGA04,0,yes
BAN-003008,"BAN-003008  (R. Nura, structure 231)",S02330,W037,LGA03,3,yes
BAN-003009,"BAN-003009  (U. Oje, structure 151)",S02330,W037,LGA03,0,yes
BAN-003010,"BAN-003010  (H. Haru, structure 30)",S02330,W037,LGA03,4,yes
BAN-003011,"BAN-003011  (I. Zubi, structure 227)",S02302,W036,LGA04,2,yes
BAN-003012,"BAN-003012  (F. Gani, structure 35)",S02302,W036,LGA04,3,yes
BAN-003013,"BAN-003013  (K. Tanko, structure 181)",S00203,W002,LGA01,1,yes
BAN-003014,"BAN-003014  (R. Yaro, structure 257)",S00203,W002,LGA01,3,yes
BAN-003015,"BAN-003015  (S. Oje, structure 243)",S00203,W002,LGA01,2,yes
BAN-003016,"BAN-003016  (R. Ede, structure 151)",S00203,W002,LGA01,0,yes
BAN-003017,"BAN-003017  (R. Tanko, structure 202)",S00203,W002,LGA01,0,yes
BAN-003018,"BAN-003018  (S. Lami, structure 99)",S01626,W023,LGA03,1,yes
BAN-003019,"BAN-003019  (Y. Nura, structure 89)",S00239,W003,LGA01,4,no
BAN-003020,"BAN-003020  (B. Pama, structure 209)",S01458,W020,LGA01,2,yes
BAN-003021,"BAN-003021  (F. Yaro, structure 232)",S01767,W027,LGA03,2,yes
BAN-003022,"BAN-003022  (K. Nura, structure 216)",S01767,W027,LGA03,4,yes
BAN-003023,"BAN-003023  (I. Sule, structure 32)",S01767,W027,LGA03,2,yes
BAN-003024,"BAN-003024  (U. Sule, structure 82)",S00106,W001,LGA01,2,yes
BAN-003025,"BAN-003025  (I. Tanko, structure 36)",S01917,W029,LGA04,0,yes
BAN-003026,"BAN-003026  (F. Cham, structure 10)",S01917,W029,LGA04,1,yes
BAN-003027,"BAN-003027  (I. Sule, structure 258)",S01917,W029,LGA04,3,yes
BAN-003028,"BAN-003028  (M. Abu, structure 90)",S01917,W029,LGA04,0,yes
BAN-003029,"BAN-003029  (A. Funo, structure 89)",S01173,W015,LGA01,4,yes
BAN-003030,"BAN-003030  (I. Dogo, structure 122)",S01173,W015,LGA01,0,yes
BAN-003031,"BAN-003031  (R. Gani, structure 137)",S00952,W012,LGA02,0,yes
BAN-003032,"BAN-003032  (K. Abu, structure 83)",S00952,W012,LGA02,1,yes
BAN-003033,"BAN-003033  (U. Zubi, structure 21)",S00952,W012,LGA02,0,yes
BAN-003034,"BAN-003034  (R. Kabo, structure 78)",S00952,W012,LGA02,3,yes
BAN-003035,"BAN-003035  (I. Yaro, structure 252)",S00952,W012,LGA02,3,no
BAN-003036,"BAN-003036  (H. Pama, structure 222)",S00952,W012,LGA02,3,yes
BAN-003037,"BAN-003037  (H. Abu, structure 81)",S00952,W012,LGA02,3,yes
BAN-003038,"BAN-003038  (A. Sule, structure 257)",S00952,W012,LGA02,4,yes
BAN-003039,"BAN-003039  (S. Tanko, structure 211)",S00477,W006,LGA01,3,yes
BAN-003040,"BAN-003040  (R. Sule, structure 74)",S00477,W006,LGA01,4,yes
BAN-003041,"BAN-003041  (B. Wada, structure 209)",S00216,W002,LGA01,4,yes
BAN-003042,"BAN-003042  (U. Oje, structure 84)",S00216,W002,LGA01,0,yes
BAN-003043,"BAN-003043  (Z. Haru, structure 79)",S00216,W002,LGA01,0,yes
BAN-003044,"BAN-003044  (I. Haru, structure 206)",S02088,W032,LGA04,2,yes
BAN-003045,"BAN-003045  (A. Dogo, structure 207)",S01967,W030,LGA04,3,yes
BAN-003046,"BAN-003046  (A. Umar, structure 198)",S01967,W030,LGA04,2,yes
BAN-003047,"BAN-003047  (K. Kabo, structure 113)",S01967,W030,LGA04,1,yes
BAN-003048,"BAN-003048  (B. Yaro, structure 79)",S01920,W029,LGA04,4,yes
BAN-003049,"BAN-003049  (I. Pama, structure 13)",S01920,W029,LGA04,3,yes
BAN-003050,"BAN-003050  (M. Abu, structure 11)",S01920,W029,LGA04,0,yes
BAN-003051,"BAN-003051  (Y. Rabi, structure 136)",S00979,W013,LGA02,4,yes
BAN-003052,"BAN-003052  (F. Nura, structure 216)",S00991,W013,LGA02,4,yes
BAN-003053,"BAN-003053  (A. Gani, structure 16)",S01882,W029,LGA04,0,yes
BAN-003054,"BAN-003054  (R. Zubi, structure 199)",S01882,W029,LGA04,4,yes
BAN-003055,"BAN-003055  (R. Bala, structure 28)",S01882,W029,LGA04,4,yes
BAN-003056,"BAN-003056  (Y. Rabi, structure 6)",S01882,W029,LGA04,2,yes
BAN-003057,"BAN-003057  (K. Rabi, structure 63)",S00802,W009,LGA02,3,yes
BAN-003058,"BAN-003058  (B. Gani, structure 201)",S00802,W009,LGA02,2,yes
BAN-003059,"BAN-003059  (K. Lami, structure 201)",S00819,W009,LGA02,1,yes
BAN-003060,"BAN-003060  (Z. Jibo, structure 44)",S00819,W009,LGA02,3,no
BAN-003061,"BAN-003061  (S. Nura, structure 32)",S00819,W009,LGA02,4,yes
BAN-003062,"BAN-003062  (I. Jibo, structure 216)",S01012,W014,LGA01,2,yes
BAN-003063,"BAN-003063  (B. Yaro, structure 234)",S01012,W014,LGA01,0,yes
BAN-003064,"BAN-003064  (A. Yaro, structure 244)",S00016,W001,LGA01,4,yes
BAN-003065,"BAN-003065  (Y. Musa, structure 208)",S00016,W001,LGA01,4,yes
BAN-003066,"BAN-003066  (K. Yaro, structure 184)",S00016,W001,LGA01,1,yes
BAN-003067,"BAN-003067  (Y. Yaro, structure 202)",S00016,W001,LGA01,2,yes
BAN-003068,"BAN-003068  (M. Isa, structure 116)",S01922,W029,LGA04,3,yes
BAN-003069,"BAN-003069  (A. Funo, structure 206)",S01922,W029,LGA04,4,yes
BAN-003070,"BAN-003070  (Y. Rabi, structure 86)",S01922,W029,LGA04,0,yes
BAN-003071,"BAN-003071  (F. Haru, structure 99)",S00798,W009,LGA02,0,yes
BAN-003072,"BAN-003072  (Z. Tanko, structure 208)",S00798,W009,LGA02,2,yes
BAN-003073,"BAN-003073  (U. Haru, structure 226)",S00798,W009,LGA02,1,yes
BAN-003074,"BAN-003074  (I. Zubi, structure 258)",S00798,W009,LGA02,1,yes
BAN-003075,"BAN-003075  (U. Pama, structure 62)",S01391,W019,LGA04,1,yes
BAN-003076,"BAN-003076  (M. Yaro, structure 16)",S00514,W006,LGA01,0,yes
BAN-003077,"BAN-003077  (S. Isa, structure 170)",S00514,W006,LGA01,0,yes
BAN-003078,"BAN-003078  (A. Bala, structure 155)",S00514,W006,LGA01,4,yes
BAN-003079,"BAN-003079  (H. Wada, structure 207)",S00514,W006,LGA01,3,yes
BAN-003080,"BAN-003080  (S. Abu, structure 35)",S00404,W005,LGA02,2,yes
BAN-003081,"BAN-003081  (I. Rabi, structure 124)",S00404,W005,LGA02,0,yes
BAN-003082,"BAN-003082  (I. Abu, structure 168)",S02055,W032,LGA04,1,yes
BAN-003083,"BAN-003083  (H. Pama, structure 110)",S02055,W032,LGA04,4,yes
BAN-003084,"BAN-003084  (Z. Kabo, structure 23)",S02055,W032,LGA04,2,yes
BAN-003085,"BAN-003085  (F. Bala, structure 96)",S01471,W020,LGA01,4,yes
BAN-003086,"BAN-003086  (M. Umar, structure 116)",S01471,W020,LGA01,2,yes
BAN-003087,"BAN-003087  (K. Isa, structure 39)",S01471,W020,LGA01,2,yes
BAN-003088,"BAN-003088  (F. Funo, structure 90)",S00659,W007,LGA01,0,yes
BAN-003089,"BAN-003089  (K. Rabi, structure 235)",S00641,W007,LGA01,4,yes
BAN-003090,"BAN-003090  (K. Zubi, structure 128)",S00641,W007,LGA01,2,yes
BAN-003091,"BAN-003091  (A. Wada, structure 199)",S00641,W007,LGA01,4,yes
BAN-003092,"BAN-003092  (M. Pama, structure 168)",S01486,W020,LGA01,2,yes
BAN-003093,"BAN-003093  (M. Rabi, structure 179)",S01486,W020,LGA01,3,yes
BAN-003094,"BAN-003094  (B. Nura, structure 158)",S01486,W020,LGA01,2,yes
BAN-003095,"BAN-003095  (U. Oje, structure 131)",S00691,W008,LGA01,2,yes
BAN-003096,"BAN-003096  (B. Musa, structure 29)",S00691,W008,LGA01,3,yes
BAN-003097,"BAN-003097  (K. Jibo, structure 97)",S00691,W008,LGA01,1,yes
BAN-003098,"BAN-003098  (R. Abu, structure 180)",S02260,W035,LGA04,4,yes
BAN-003099,"BAN-003099  (B. Wada, structure 179)",S02060,W032,LGA04,1,yes
BAN-003100,"BAN-003100  (A. Zubi, structure 25)",S00184,W002,LGA01,3,no
BAN-003101,"BAN-003101  (F. Lami, structure 172)",S00184,W002,LGA01,0,yes
BAN-003102,"BAN-003102  (S. Gani, structure 143)",S00184,W002,LGA01,1,yes
BAN-003103,"BAN-003103  (U. Wada, structure 145)",S00184,W002,LGA01,4,yes
BAN-003104,"BAN-003104  (Z. Zubi, structure 18)",S00725,W008,LGA01,0,yes
BAN-003105,"BAN-003105  (F. Sule, structure 27)",S00725,W008,LGA01,2,yes
BAN-003106,"BAN-003106  (M. Wada, structure 215)",S00725,W008,LGA01,2,yes
BAN-003107,"BAN-003107  (Z. Pama, structure 166)",S00725,W008,LGA01,3,yes
BAN-003108,"BAN-003108  (F. Kabo, structure 24)",S00390,W005,LGA02,3,no
BAN-003109,"BAN-003109  (Z. Musa, structure 4)",S02484,W040,LGA04,0,yes
BAN-003110,"BAN-003110  (R. Lami, structure 186)",S02484,W040,LGA04,1,yes
BAN-003111,"BAN-003111  (K. Tanko, structure 242)",S02484,W040,LGA04,3,yes
BAN-003112,"BAN-003112  (S. Gani, structure 196)",S02484,W040,LGA04,2,yes
BAN-003113,"BAN-003113  (S. Wada, structure 120)",S01217,W015,LGA01,4,yes
BAN-003114,"BAN-003114  (I. Oje, structure 224)",S01217,W015,LGA01,0,yes
BAN-003115,"BAN-003115  (U. Tanko, structure 81)",S01217,W015,LGA01,3,yes
BAN-003116,"BAN-003116  (I. Sule, structure 223)",S01217,W015,LGA01,2,yes
BAN-003117,"BAN-003117  (F. Gani, structure 83)",S01217,W015,LGA01,4,yes
BAN-003118,"BAN-003118  (A. Isa, structure 212)",S01217,W015,LGA01,1,yes
BAN-003119,"BAN-003119  (M. Tanko, structure 31)",S01217,W015,LGA01,3,no
BAN-003120,"BAN-003120  (U. Jibo, structure 95)",S01217,W015,LGA01,4,yes
BAN-003121,"BAN-003121  (Z. Dogo, structure 224)",S00565,W007,LGA01,2,yes
BAN-003122,"BAN-003122  (K. Dogo, structure 146)",S01361,W018,LGA02,4,yes
BAN-003123,"BAN-003123  (B. Zubi, structure 103)",S00816,W009,LGA02,3,yes
BAN-003124,"BAN-003124  (S. Oje, structure 192)",S00816,W009,LGA02,3,yes
BAN-003125,"BAN-003125  (A. Sule, structure 46)",S01918,W029,LGA04,3,yes
BAN-003126,"BAN-003126  (U. Abu, structure 165)",S01918,W029,LGA04,4,yes
BAN-003127,"BAN-003127  (A. Sule, structure 242)",S01918,W029,LGA04,1,yes
BAN-003128,"BAN-003128  (H. Cham, structure 48)",S00726,W008,LGA01,3,yes
BAN-003129,"BAN-003129  (S. Wada, structure 167)",S00726,W008,LGA01,2,yes
BAN-003130,"BAN-003130  (H. Dogo, structure 109)",S00422,W006,LGA01,2,yes
BAN-003131,"BAN-003131  (M. Sule, structure 124)",S00422,W006,LGA01,3,no
BAN-003132,"BAN-003132  (F. Haru, structure 28)",S00640,W007,LGA01,0,yes
BAN-003133,"BAN-003133  (K. Haru, structure 206)",S00640,W007,LGA01,0,yes
BAN-003134,"BAN-003134  (M. Cham, structure 118)",S01150,W015,LGA01,3,yes
BAN-003135,"BAN-003135  (Z. Cham, structure 169)",S00014,W001,LGA01,2,yes
BAN-003136,"BAN-003136  (H. Bala, structure 15)",S00393,W005,LGA02,4,yes
BAN-003137,"BAN-003137  (B. Wada, structure 180)",S00393,W005,LGA02,2,yes
BAN-003138,"BAN-003138  (F. Rabi, structure 148)",S00393,W005,LGA02,2,yes
BAN-003139,"BAN-003139  (S. Ede, structure 126)",S00393,W005,LGA02,2,yes
BAN-003140,"BAN-003140  (H. Nura, structure 139)",S00393,W005,LGA02,3,yes
BAN-003141,"BAN-003141  (S. Musa, structure 29)",S01585,W022,LGA03,0,yes
BAN-003142,"BAN-003142  (M. Funo, structure 18)",S00995,W013,LGA02,2,yes
BAN-003143,"BAN-003143  (H. Cham, structure 251)",S00995,W013,LGA02,3,yes
BAN-003144,"BAN-003144  (M. Ede, structure 228)",S01304,W017,LGA03,3,yes
BAN-003145,"BAN-003145  (S. Ede, structure 129)",S01304,W017,LGA03,2,yes
BAN-003146,"BAN-003146  (M. Umar, structure 254)",S01304,W017,LGA03,1,yes
BAN-003147,"BAN-003147  (Y. Abu, structure 180)",S01304,W017,LGA03,1,no
BAN-003148,"BAN-003148  (H. Umar, structure 178)",S01084,W014,LGA01,3,yes
BAN-003149,"BAN-003149  (K. Umar, structure 224)",S00220,W002,LGA01,1,yes
BAN-003150,"BAN-003150  (S. Yaro, structure 167)",S00220,W002,LGA01,0,yes
BAN-003151,"BAN-003151  (M. Jibo, structure 152)",S00220,W002,LGA01,2,yes
BAN-003152,"BAN-003152  (S. Kabo, structure 3)",S00220,W002,LGA01,4,yes
BAN-003153,"BAN-003153  (I. Dogo, structure 64)",S02084,W032,LGA04,0,yes
BAN-003154,"BAN-003154  (B. Jibo, structure 152)",S02084,W032,LGA04,3,yes
BAN-003155,"BAN-003155  (Y. Lami, structure 195)",S02084,W032,LGA04,2,yes
BAN-003156,"BAN-003156  (U. Lami, structure 258)",S02084,W032,LGA04,2,yes
BAN-003157,"BAN-003157  (M. Yaro, structure 200)",S01050,W014,LGA01,1,yes
BAN-003158,"BAN-003158  (M. Abu, structure 167)",S01050,W014,LGA01,0,yes
BAN-003159,"BAN-003159  (H. Nura, structure 23)",S00223,W003,LGA01,1,yes
BAN-003160,"BAN-003160  (I. Haru, structure 37)",S00593,W007,LGA01,4,yes
BAN-003161,"BAN-003161  (A. Yaro, structure 33)",S01563,W022,LGA03,2,no
BAN-003162,"BAN-003162  (R. Ede, structure 42)",S01850,W029,LGA04,1,yes
BAN-003163,"BAN-003163  (I. Dogo, structure 160)",S01850,W029,LGA04,3,yes
BAN-003164,"BAN-003164  (I. Haru, structure 136)",S00295,W003,LGA01,3,yes
BAN-003165,"BAN-003165  (U. Isa, structure 242)",S00295,W003,LGA01,3,yes
BAN-003166,"BAN-003166  (I. Oje, structure 201)",S00295,W003,LGA01,1,yes
BAN-003167,"BAN-003167  (S. Musa, structure 102)",S01552,W021,LGA02,4,yes
BAN-003168,"BAN-003168  (R. Ede, structure 95)",S01552,W021,LGA02,1,yes
BAN-003169,"BAN-003169  (I. Ede, structure 77)",S01552,W021,LGA02,2,yes
BAN-003170,"BAN-003170  (I. Funo, structure 182)",S00383,W005,LGA02,2,yes
BAN-003171,"BAN-003171  (Y. Ede, structure 56)",S00383,W005,LGA02,3,yes
BAN-003172,"BAN-003172  (H. Isa, structure 231)",S00383,W005,LGA02,4,yes
BAN-003173,"BAN-003173  (M. Wada, structure 244)",S00383,W005,LGA02,1,yes
BAN-003174,"BAN-003174  (K. Jibo, structure 227)",S00249,W003,LGA01,3,yes
BAN-003175,"BAN-003175  (K. Tanko, structure 141)",S00249,W003,LGA01,0,yes
BAN-003176,"BAN-003176  (B. Oje, structure 253)",S02395,W038,LGA03,4,yes
BAN-003177,"BAN-003177  (M. Isa, structure 61)",S02395,W038,LGA03,3,yes
BAN-003178,"BAN-003178  (K. Haru, structure 100)",S00104,W001,LGA01,2,yes
BAN-003179,"BAN-003179  (S. Funo, structure 88)",S01704,W025,LGA04,0,yes
BAN-003180,"BAN-003180  (R. Gani, structure 174)",S01704,W025,LGA04,2,yes
BAN-003181,"BAN-003181  (K. Rabi, structure 150)",S01704,W025,LGA04,0,no
BAN-003182,"BAN-003182  (H. Zubi, structure 40)",S01704,W025,LGA04,0,yes
BAN-003183,"BAN-003183  (K. Zubi, structure 55)",S00968,W013,LGA02,4,yes
BAN-003184,"BAN-003184  (F. Ede, structure 211)",S00739,W008,LGA01,2,yes
BAN-003185,"BAN-003185  (M. Tanko, structure 15)",S00739,W008,LGA01,1,yes
BAN-003186,"BAN-003186  (R. Zubi, structure 188)",S00576,W007,LGA01,3,yes
BAN-003187,"BAN-003187  (B. Cham, structure 205)",S00576,W007,LGA01,4,yes
BAN-003188,"BAN-003188  (I. Wada, structure 8)",S00576,W007,LGA01,2,yes
BAN-003189,"BAN-003189  (B. Cham, structure 151)",S00576,W007,LGA01,4,yes
BAN-003190,"BAN-003190  (A. Wada, structure 222)",S00576,W007,LGA01,0,yes
BAN-003191,"BAN-003191  (B. Abu, structure 33)",S01913,W029,LGA04,3,no
BAN-003192,"BAN-003192  (M. Haru, structure 243)",S00630,W007,LGA01,2,yes
BAN-003193,"BAN-003193  (Y. Wada, structure 257)",S00630,W007,LGA01,0,yes
BAN-003194,"BAN-003194  (Y. Oje, structure 42)",S00820,W009,LGA02,1,yes
BAN-003195,"BAN-003195  (Z. Yaro, structure 40)",S00062,W001,LGA01,4,yes
BAN-003196,"BAN-003196  (A. Oje, structure 254)",S00062,W001,LGA01,0,yes
BAN-003197,"BAN-003197  (Z. Zubi, structure 101)",S00487,W006,LGA01,1,yes
BAN-003198,"BAN-003198  (F. Cham, structure 173)",S00487,W006,LGA01,0,yes
BAN-003199,"BAN-003199  (Z. Oje, structure 98)",S00487,W006,LGA01,0,yes
BAN-003200,"BAN-003200  (Y. Isa, structure 168)",S00487,W006,LGA01,4,yes
BAN-003201,"BAN-003201  (Y. Pama, structure 67)",S00487,W006,LGA01,2,yes
BAN-003202,"BAN-003202  (H. Pama, structure 186)",S00487,W006,LGA01,3,yes
BAN-003203,"BAN-003203  (I. Funo, structure 254)",S00722,W008,LGA01,3,yes
BAN-003204,"BAN-003204  (S. Haru, structure 152)",S01791,W027,LGA03,3,yes
BAN-003205,"BAN-003205  (H. Umar, structure 120)",S01791,W027,LGA03,2,yes
BAN-003206,"BAN-003206  (I. Pama, structure 18)",S01791,W027,LGA03,0,yes
BAN-003207,"BAN-003207  (H. Kabo, structure 132)",S01791,W027,LGA03,2,yes
BAN-003208,"BAN-003208  (S. Tanko, structure 64)",S02144,W033,LGA03,0,yes
BAN-003209,"BAN-003209  (U. Jibo, structure 169)",S02144,W033,LGA03,2,yes
BAN-003210,"BAN-003210  (B. Isa, structure 249)",S02491,W040,LGA04,4,yes
BAN-003211,"BAN-003211  (B. Kabo, structure 97)",S02491,W040,LGA04,2,yes
BAN-003212,"BAN-003212  (M. Zubi, structure 190)",S00610,W007,LGA01,3,yes
BAN-003213,"BAN-003213  (S. Ede, structure 43)",S02002,W031,LGA03,0,yes
BAN-003214,"BAN-003214  (Z. Cham, structure 28)",S02002,W031,LGA03,0,no
BAN-003215,"BAN-003215  (M. Zubi, structure 252)",S00315,W003,LGA01,0,yes
BAN-003216,"BAN-003216  (Y. Gani, structure 42)",S00315,W003,LGA01,2,yes
BAN-003217,"BAN-003217  (I. Ede, structure 57)",S02328,W037,LGA03,2,yes
BAN-003218,"BAN-003218  (M. Yaro, structure 177)",S02143,W033,LGA03,0,yes
BAN-003219,"BAN-003219  (Z. Bala, structure 7)",S02143,W033,LGA03,2,yes
BAN-003220,"BAN-003220  (Z. Umar, structure 113)",S02143,W033,LGA03,1,yes
BAN-003221,"BAN-003221  (K. Oje, structure 79)",S02143,W033,LGA03,4,yes
BAN-003222,"BAN-003222  (Y. Kabo, structure 15)",S02143,W033,LGA03,4,yes
BAN-003223,"BAN-003223  (H. Jibo, structure 176)",S00515,W006,LGA01,2,yes
BAN-003224,"BAN-003224  (I. Sule, structure 22)",S00515,W006,LGA01,3,yes
BAN-003225,"BAN-003225  (Y. Sule, structure 133)",S00515,W006,LGA01,2,yes
BAN-003226,"BAN-003226  (B. Sule, structure 250)",S00515,W006,LGA01,1,yes
BAN-003227,"BAN-003227  (R. Ede, structure 220)",S00515,W006,LGA01,2,yes
BAN-003228,"BAN-003228  (R. Funo, structure 159)",S00515,W006,LGA01,1,yes
BAN-003229,"BAN-003229  (R. Bala, structure 191)",S01885,W029,LGA04,4,yes
BAN-003230,"BAN-003230  (H. Cham, structure 25)",S01076,W014,LGA01,2,yes
BAN-003231,"BAN-003231  (A. Sule, structure 255)",S01320,W017,LGA03,1,yes
BAN-003232,"BAN-003232  (U. Jibo, structure 150)",S01320,W017,LGA03,2,yes
BAN-003233,"BAN-003233  (Y. Bala, structure 230)",S02294,W036,LGA04,4,yes
BAN-003234,"BAN-003234  (Y. Cham, structure 190)",S02294,W036,LGA04,4,yes
BAN-003235,"BAN-003235  (Y. Pama, structure 247)",S02294,W036,LGA04,4,yes
BAN-003236,"BAN-003236  (U. Zubi, structure 154)",S02294,W036,LGA04,4,yes
BAN-003237,"BAN-003237  (U. Kabo, structure 109)",S00851,W010,LGA02,2,yes
BAN-003238,"BAN-003238  (U. Abu, structure 182)",S02102,W033,LGA03,1,yes
BAN-003239,"BAN-003239  (B. Zubi, structure 218)",S02102,W033,LGA03,1,yes
BAN-003240,"BAN-003240  (F. Jibo, structure 95)",S02102,W033,LGA03,2,yes
BAN-003241,"BAN-003241  (S. Dogo, structure 50)",S02492,W040,LGA04,3,yes
BAN-003242,"BAN-003242  (R. Rabi, structure 215)",S02492,W040,LGA04,1,yes
BAN-003243,"BAN-003243  (H. Sule, structure 65)",S02492,W040,LGA04,0,yes
BAN-003244,"BAN-003244  (A. Isa, structure 63)",S02492,W040,LGA04,3,yes
BAN-003245,"BAN-003245  (I. Cham, structure 203)",S02492,W040,LGA04,4,yes
BAN-003246,"BAN-003246  (R. Funo, structure 60)",S02492,W040,LGA04,2,yes
BAN-003247,"BAN-003247  (Y. Rabi, structure 220)",S02492,W040,LGA04,4,yes
BAN-003248,"BAN-003248  (M. Umar, structure 23)",S01007,W014,LGA01,0,no
BAN-003249,"BAN-003249  (R. Nura, structure 145)",S01007,W014,LGA01,1,yes
BAN-003250,"BAN-003250  (F. Sule, structure 153)",S01007,W014,LGA01,2,yes
BAN-003251,"BAN-003251  (F. Rabi, structure 92)",S01227,W015,LGA01,1,no
BAN-003252,"BAN-003252  (M. Sule, structure 184)",S01227,W015,LGA01,3,yes
BAN-003253,"BAN-003253  (S. Ede, structure 161)",S01227,W015,LGA01,2,yes
BAN-003254,"BAN-003254  (S. Cham, structure 132)",S00066,W001,LGA01,4,yes
BAN-003255,"BAN-003255  (B. Sule, structure 135)",S00066,W001,LGA01,2,yes
BAN-003256,"BAN-003256  (S. Ede, structure 99)",S00761,W008,LGA01,0,yes
BAN-003257,"BAN-003257  (B. Tanko, structure 108)",S00761,W008,LGA01,1,yes
BAN-003258,"BAN-003258  (R. Rabi, structure 214)",S01239,W016,LGA02,1,yes
BAN-003259,"BAN-003259  (B. Tanko, structure 78)",S01459,W020,LGA01,3,yes
BAN-003260,"BAN-003260  (U. Kabo, structure 24)",S01459,W020,LGA01,1,yes
BAN-003261,"BAN-003261  (S. Abu, structure 79)",S01128,W015,LGA01,0,yes
BAN-003262,"BAN-003262  (Y. Yaro, structure 16)",S01128,W015,LGA01,1,yes
BAN-003263,"BAN-003263  (Y. Rabi, structure 143)",S00981,W013,LGA02,3,yes
BAN-003264,"BAN-003264  (K. Abu, structure 65)",S00981,W013,LGA02,0,yes
BAN-003265,"BAN-003265  (F. Lami, structure 257)",S00981,W013,LGA02,0,yes
BAN-003266,"BAN-003266  (Y. Rabi, structure 169)",S00981,W013,LGA02,4,yes
BAN-003267,"BAN-003267  (U. Yaro, structure 258)",S01344,W018,LGA02,1,yes
BAN-003268,"BAN-003268  (R. Isa, structure 91)",S01344,W018,LGA02,0,yes
BAN-003269,"BAN-003269  (H. Yaro, structure 216)",S02039,W031,LGA03,1,no
BAN-003270,"BAN-003270  (F. Oje, structure 234)",S00308,W003,LGA01,3,yes
BAN-003271,"BAN-003271  (B. Tanko, structure 209)",S00308,W003,LGA01,4,yes
BAN-003272,"BAN-003272  (I. Gani, structure 185)",S00308,W003,LGA01,3,yes
BAN-003273,"BAN-003273  (Z. Kabo, structure 233)",S01912,W029,LGA04,3,no
BAN-003274,"BAN-003274  (K. Gani, structure 252)",S01912,W029,LGA04,0,yes
BAN-003275,"BAN-003275  (S. Wada, structure 176)",S01912,W029,LGA04,2,no
BAN-003276,"BAN-003276  (U. Umar, structure 221)",S01999,W031,LGA03,3,yes
BAN-003277,"BAN-003277  (Y. Lami, structure 258)",S01999,W031,LGA03,1,yes
BAN-003278,"BAN-003278  (H. Tanko, structure 8)",S01999,W031,LGA03,1,no
BAN-003279,"BAN-003279  (Z. Ede, structure 9)",S01834,W028,LGA04,2,yes
BAN-003280,"BAN-003280  (H. Dogo, structure 35)",S01834,W028,LGA04,4,yes
BAN-003281,"BAN-003281  (K. Ede, structure 129)",S01834,W028,LGA04,1,yes
BAN-003282,"BAN-003282  (S. Kabo, structure 31)",S01834,W028,LGA04,3,yes
BAN-003283,"BAN-003283  (R. Yaro, structure 50)",S01834,W028,LGA04,2,yes
BAN-003284,"BAN-003284  (U. Musa, structure 158)",S00707,W008,LGA01,3,yes
BAN-003285,"BAN-003285  (M. Oje, structure 178)",S00707,W008,LGA01,2,yes
BAN-003286,"BAN-003286  (M. Tanko, structure 31)",S00707,W008,LGA01,0,yes
BAN-003287,"BAN-003287  (R. Jibo, structure 225)",S00707,W008,LGA01,4,yes
BAN-003288,"BAN-003288  (R. Rabi, structure 39)",S00707,W008,LGA01,3,yes
BAN-003289,"BAN-003289  (R. Isa, structure 99)",S00707,W008,LGA01,2,no
BAN-003290,"BAN-003290  (B. Wada, structure 258)",S01408,W019,LGA04,2,yes
BAN-003291,"BAN-003291  (Y. Gani, structure 140)",S00070,W001,LGA01,1,yes
BAN-003292,"BAN-003292  (Z. Haru, structure 192)",S00070,W001,LGA01,4,yes
BAN-003293,"BAN-003293  (A. Kabo, structure 1)",S00070,W001,LGA01,4,yes
BAN-003294,"BAN-003294  (I. Sule, structure 236)",S00070,W001,LGA01,2,yes
BAN-003295,"BAN-003295  (Y. Oje, structure 181)",S00070,W001,LGA01,2,yes
BAN-003296,"BAN-003296  (F. Pama, structure 4)",S00070,W001,LGA01,4,yes
BAN-003297,"BAN-003297  (H. Wada, structure 144)",S00178,W002,LGA01,4,yes
BAN-003298,"BAN-003298  (A. Yaro, structure 44)",S00178,W002,LGA01,3,yes
BAN-003299,"BAN-003299  (B. Lami, structure 96)",S01409,W019,LGA04,3,yes
BAN-003300,"BAN-003300  (K. Dogo, structure 64)",S00332,W004,LGA02,3,yes
BAN-003301,"BAN-003301  (A. Dogo, structure 192)",S00332,W004,LGA02,4,yes
BAN-003302,"BAN-003302  (R. Sule, structure 121)",S00332,W004,LGA02,1,yes
BAN-003303,"BAN-003303  (U. Isa, structure 221)",S01169,W015,LGA01,2,yes
BAN-003304,"BAN-003304  (H. Wada, structure 253)",S00668,W008,LGA01,3,yes
BAN-003305,"BAN-003305  (F. Musa, structure 128)",S00668,W008,LGA01,4,yes
BAN-003306,"BAN-003306  (A. Yaro, structure 252)",S00668,W008,LGA01,1,yes
BAN-003307,"BAN-003307  (Z. Isa, structure 93)",S00668,W008,LGA01,2,yes
BAN-003308,"BAN-003308  (F. Cham, structure 82)",S00668,W008,LGA01,0,yes
BAN-003309,"BAN-003309  (U. Cham, structure 250)",S01327,W018,LGA02,1,yes
BAN-003310,"BAN-003310  (K. Tanko, structure 241)",S01327,W018,LGA02,0,yes
BAN-003311,"BAN-003311  (H. Umar, structure 47)",S01327,W018,LGA02,1,no
BAN-003312,"BAN-003312  (H. Yaro, structure 216)",S01327,W018,LGA02,3,yes
BAN-003313,"BAN-003313  (Y. Rabi, structure 211)",S02524,W040,LGA04,0,yes
BAN-003314,"BAN-003314  (U. Isa, structure 27)",S02524,W040,LGA04,4,yes
BAN-003315,"BAN-003315  (H. Haru, structure 203)",S02524,W040,LGA04,1,yes
BAN-003316,"BAN-003316  (K. Gani, structure 186)",S00195,W002,LGA01,0,yes
BAN-003317,"BAN-003317  (Y. Tanko, structure 181)",S00195,W002,LGA01,1,yes
BAN-003318,"BAN-003318  (H. Yaro, structure 208)",S00540,W007,LGA01,0,yes
BAN-003319,"BAN-003319  (Y. Jibo, structure 208)",S00540,W007,LGA01,0,yes
BAN-003320,"BAN-003320  (U. Bala, structure 173)",S00540,W007,LGA01,4,yes
BAN-003321,"BAN-003321  (U. Funo, structure 142)",S02019,W031,LGA03,3,yes
BAN-003322,"BAN-003322  (B. Dogo, structure 98)",S02019,W031,LGA03,0,yes
BAN-003323,"BAN-003323  (S. Haru, structure 73)",S02019,W031,LGA03,2,yes
BAN-003324,"BAN-003324  (R. Musa, structure 160)",S01779,W027,LGA03,0,yes
BAN-003325,"BAN-003325  (A. Zubi, structure 124)",S01779,W027,LGA03,4,yes
BAN-003326,"BAN-003326  (M. Isa, structure 38)",S01779,W027,LGA03,1,yes
BAN-003327,"BAN-003327  (R. Wada, structure 5)",S01779,W027,LGA03,0,yes
BAN-003328,"BAN-003328  (S. Zubi, structure 115)",S01779,W027,LGA03,4,yes
BAN-003329,"BAN-003329  (A. Wada, structure 229)",S01779,W027,LGA03,3,yes
BAN-003330,"BAN-003330  (K. Cham, structure 87)",S00949,W012,LGA02,1,yes
BAN-003331,"BAN-003331  (R. Musa, structure 18)",S00949,W012,LGA02,3,yes
BAN-003332,"BAN-003332  (H. Rabi, structure 108)",S00949,W012,LGA02,1,yes
BAN-003333,"BAN-003333  (H. Haru, structure 135)",S02000,W031,LGA03,3,yes
BAN-003334,"BAN-003334  (K. Nura, structure 142)",S02000,W031,LGA03,3,yes
BAN-003335,"BAN-003335  (Z. Funo, structure 135)",S02418,W038,LGA03,1,yes
BAN-003336,"BAN-003336  (I. Gani, structure 189)",S01539,W021,LGA02,2,yes
BAN-003337,"BAN-003337  (K. Haru, structure 85)",S01539,W021,LGA02,4,yes
BAN-003338,"BAN-003338  (Y. Gani, structure 72)",S02083,W032,LGA04,2,yes
BAN-003339,"BAN-003339  (I. Bala, structure 118)",S02083,W032,LGA04,3,yes
BAN-003340,"BAN-003340  (U. Ede, structure 79)",S02083,W032,LGA04,1,no
BAN-003341,"BAN-003341  (M. Abu, structure 177)",S02083,W032,LGA04,1,yes
BAN-003342,"BAN-003342  (F. Abu, structure 159)",S00157,W002,LGA01,4,yes
BAN-003343,"BAN-003343  (I. Yaro, structure 55)",S00157,W002,LGA01,3,yes
BAN-003344,"BAN-003344  (F. Musa, structure 26)",S00157,W002,LGA01,1,yes
BAN-003345,"BAN-003345  (B. Gani, structure 126)",S00157,W002,LGA01,2,yes
BAN-003346,"BAN-003346  (U. Rabi, structure 142)",S00157,W002,LGA01,3,yes
BAN-003347,"BAN-003347  (R. Pama, structure 246)",S01183,W015,LGA01,1,yes
BAN-003348,"BAN-003348  (U. Haru, structure 45)",S00027,W001,LGA01,4,yes
BAN-003349,"BAN-003349  (R. Jibo, structure 38)",S02293,W036,LGA04,4,yes
BAN-003350,"BAN-003350  (U. Rabi, structure 39)",S02293,W036,LGA04,2,yes
BAN-003351,"BAN-003351  (B. Oje, structure 51)",S02293,W036,LGA04,4,yes
BAN-003352,"BAN-003352  (A. Wada, structure 168)",S02178,W034,LGA03,0,yes
BAN-003353,"BAN-003353  (Z. Musa, structure 150)",S02178,W034,LGA03,3,yes
BAN-003354,"BAN-003354  (H. Cham, structure 175)",S02178,W034,LGA03,0,yes
BAN-003355,"BAN-003355  (F. Dogo, structure 165)",S02178,W034,LGA03,2,yes
BAN-003356,"BAN-003356  (K. Rabi, structure 55)",S01322,W018,LGA02,0,yes
BAN-003357,"BAN-003357  (H. Abu, structure 1)",S02021,W031,LGA03,0,yes
BAN-003358,"BAN-003358  (A. Ede, structure 240)",S02212,W034,LGA03,2,yes
BAN-003359,"BAN-003359  (I. Zubi, structure 223)",S02212,W034,LGA03,4,yes
BAN-003360,"BAN-003360  (K. Musa, structure 87)",S02212,W034,LGA03,3,yes
BAN-003361,"BAN-003361  (K. Yaro, structure 9)",S01174,W015,LGA01,2,yes
BAN-003362,"BAN-003362  (A. Jibo, structure 204)",S00950,W012,LGA02,1,yes
BAN-003363,"BAN-003363  (S. Dogo, structure 116)",S00277,W003,LGA01,2,yes
BAN-003364,"BAN-003364  (R. Gani, structure 259)",S00277,W003,LGA01,4,yes
BAN-003365,"BAN-003365  (H. Umar, structure 47)",S00277,W003,LGA01,0,yes
BAN-003366,"BAN-003366  (S. Pama, structure 143)",S00599,W007,LGA01,0,yes
BAN-003367,"BAN-003367  (R. Kabo, structure 189)",S00599,W007,LGA01,3,yes
BAN-003368,"BAN-003368  (F. Abu, structure 83)",S00673,W008,LGA01,0,yes
BAN-003369,"BAN-003369  (B. Kabo, structure 143)",S00673,W008,LGA01,3,no
BAN-003370,"BAN-003370  (R. Nura, structure 216)",S01697,W025,LGA04,4,yes
BAN-003371,"BAN-003371  (K. Cham, structure 175)",S02498,W040,LGA04,1,yes
BAN-003372,"BAN-003372  (K. Rabi, structure 245)",S02498,W040,LGA04,3,yes
BAN-003373,"BAN-003373  (A. Lami, structure 141)",S02498,W040,LGA04,1,yes
BAN-003374,"BAN-003374  (B. Tanko, structure 233)",S02498,W040,LGA04,3,yes
BAN-003375,"BAN-003375  (R. Cham, structure 70)",S02498,W040,LGA04,4,yes
BAN-003376,"BAN-003376  (B. Abu, structure 216)",S00516,W006,LGA01,0,yes
BAN-003377,"BAN-003377  (B. Sule, structure 207)",S00516,W006,LGA01,3,yes
BAN-003378,"BAN-003378  (K. Dogo, structure 92)",S00516,W006,LGA01,3,yes
BAN-003379,"BAN-003379  (M. Dogo, structure 56)",S00363,W004,LGA02,0,yes
BAN-003380,"BAN-003380  (R. Musa, structure 146)",S00363,W004,LGA02,1,yes
BAN-003381,"BAN-003381  (M. Lami, structure 150)",S00363,W004,LGA02,0,yes
BAN-003382,"BAN-003382  (B. Tanko, structure 96)",S01675,W025,LGA04,3,yes
BAN-003383,"BAN-003383  (K. Yaro, structure 85)",S01675,W025,LGA04,4,yes
BAN-003384,"BAN-003384  (I. Bala, structure 5)",S01675,W025,LGA04,1,yes
BAN-003385,"BAN-003385  (F. Haru, structure 201)",S01675,W025,LGA04,3,yes
BAN-003386,"BAN-003386  (F. Nura, structure 197)",S01292,W017,LGA03,2,yes
BAN-003387,"BAN-003387  (U. Jibo, structure 219)",S01399,W019,LGA04,4,no
BAN-003388,"BAN-003388  (R. Nura, structure 188)",S01399,W019,LGA04,0,yes
BAN-003389,"BAN-003389  (K. Jibo, structure 160)",S00760,W008,LGA01,1,yes
BAN-003390,"BAN-003390  (M. Kabo, structure 75)",S00885,W011,LGA02,2,no
BAN-003391,"BAN-003391  (U. Rabi, structure 22)",S02030,W031,LGA03,3,yes
BAN-003392,"BAN-003392  (B. Cham, structure 107)",S02030,W031,LGA03,0,no
BAN-003393,"BAN-003393  (B. Isa, structure 146)",S02030,W031,LGA03,1,yes
BAN-003394,"BAN-003394  (F. Isa, structure 189)",S01985,W030,LGA04,0,yes
BAN-003395,"BAN-003395  (H. Tanko, structure 153)",S01042,W014,LGA01,4,no
BAN-003396,"BAN-003396  (M. Rabi, structure 85)",S01998,W031,LGA03,4,yes
BAN-003397,"BAN-003397  (B. Pama, structure 52)",S01998,W031,LGA03,0,yes
BAN-003398,"BAN-003398  (Y. Sule, structure 53)",S01998,W031,LGA03,3,yes
BAN-003399,"BAN-003399  (I. Ede, structure 135)",S01998,W031,LGA03,3,yes
BAN-003400,"BAN-003400  (Z. Sule, structure 180)",S01801,W028,LGA04,3,yes
BAN-003401,"BAN-003401  (H. Ede, structure 78)",S01801,W028,LGA04,3,yes
BAN-003402,"BAN-003402  (F. Isa, structure 207)",S01801,W028,LGA04,3,yes
BAN-003403,"BAN-003403  (H. Rabi, structure 5)",S01801,W028,LGA04,1,yes
BAN-003404,"BAN-003404  (A. Funo, structure 102)",S01654,W024,LGA04,4,yes
BAN-003405,"BAN-003405  (M. Jibo, structure 22)",S01654,W024,LGA04,3,yes
BAN-003406,"BAN-003406  (Y. Abu, structure 123)",S01654,W024,LGA04,1,yes
BAN-003407,"BAN-003407  (R. Musa, structure 152)",S00100,W001,LGA01,0,yes
BAN-003408,"BAN-003408  (A. Pama, structure 245)",S00100,W001,LGA01,2,yes
BAN-003409,"BAN-003409  (Y. Oje, structure 77)",S00148,W002,LGA01,4,yes
BAN-003410,"BAN-003410  (H. Abu, structure 61)",S01813,W028,LGA04,3,no
BAN-003411,"BAN-003411  (F. Cham, structure 88)",S02221,W035,LGA04,4,yes
BAN-003412,"BAN-003412  (U. Haru, structure 43)",S02221,W035,LGA04,3,yes
BAN-003413,"BAN-003413  (A. Rabi, structure 38)",S02221,W035,LGA04,0,yes
BAN-003414,"BAN-003414  (Y. Oje, structure 56)",S02221,W035,LGA04,3,yes
BAN-003415,"BAN-003415  (U. Nura, structure 109)",S02221,W035,LGA04,4,yes
BAN-003416,"BAN-003416  (M. Rabi, structure 186)",S00279,W003,LGA01,3,yes
BAN-003417,"BAN-003417  (R. Jibo, structure 142)",S00279,W003,LGA01,3,yes
BAN-003418,"BAN-003418  (M. Bala, structure 138)",S00942,W012,LGA02,4,yes
BAN-003419,"BAN-003419  (H. Abu, structure 71)",S00942,W012,LGA02,1,yes
BAN-003420,"BAN-003420  (U. Tanko, structure 216)",S00942,W012,LGA02,4,yes
BAN-003421,"BAN-003421  (U. Nura, structure 28)",S00942,W012,LGA02,1,yes
BAN-003422,"BAN-003422  (H. Wada, structure 181)",S00942,W012,LGA02,4,yes
BAN-003423,"BAN-003423  (F. Gani, structure 116)",S00942,W012,LGA02,0,yes
BAN-003424,"BAN-003424  (I. Tanko, structure 118)",S00942,W012,LGA02,3,no
BAN-003425,"BAN-003425  (A. Lami, structure 104)",S00170,W002,LGA01,1,yes
BAN-003426,"BAN-003426  (U. Gani, structure 201)",S01640,W024,LGA04,4,yes
BAN-003427,"BAN-003427  (Y. Nura, structure 229)",S01640,W024,LGA04,0,yes
BAN-003428,"BAN-003428  (R. Gani, structure 24)",S01633,W023,LGA03,1,yes
BAN-003429,"BAN-003429  (M. Bala, structure 229)",S01633,W023,LGA03,4,yes
BAN-003430,"BAN-003430  (S. Bala, structure 61)",S02284,W036,LGA04,1,yes
BAN-003431,"BAN-003431  (A. Jibo, structure 242)",S01003,W014,LGA01,2,yes
BAN-003432,"BAN-003432  (Y. Isa, structure 59)",S01003,W014,LGA01,3,yes
BAN-003433,"BAN-003433  (B. Isa, structure 96)",S02450,W039,LGA04,4,yes
BAN-003434,"BAN-003434  (K. Oje, structure 184)",S02450,W039,LGA04,2,yes
BAN-003435,"BAN-003435  (U. Tanko, structure 70)",S02450,W039,LGA04,1,no
BAN-003436,"BAN-003436  (M. Umar, structure 31)",S02450,W039,LGA04,4,yes
BAN-003437,"BAN-003437  (K. Haru, structure 167)",S01884,W029,LGA04,1,yes
BAN-003438,"BAN-003438  (A. Abu, structure 170)",S01884,W029,LGA04,1,no
BAN-003439,"BAN-003439  (F. Jibo, structure 177)",S01884,W029,LGA04,0,yes
BAN-003440,"BAN-003440  (H. Zubi, structure 166)",S01900,W029,LGA04,1,yes
BAN-003441,"BAN-003441  (I. Oje, structure 30)",S00433,W006,LGA01,3,no
BAN-003442,"BAN-003442  (B. Isa, structure 79)",S00433,W006,LGA01,1,yes
BAN-003443,"BAN-003443  (Z. Abu, structure 46)",S00433,W006,LGA01,1,yes
BAN-003444,"BAN-003444  (F. Lami, structure 45)",S00433,W006,LGA01,3,yes
BAN-003445,"BAN-003445  (U. Nura, structure 212)",S01803,W028,LGA04,2,yes
BAN-003446,"BAN-003446  (K. Dogo, structure 130)",S01803,W028,LGA04,3,yes
BAN-003447,"BAN-003447  (Y. Jibo, structure 168)",S01803,W028,LGA04,1,yes
BAN-003448,"BAN-003448  (R. Isa, structure 126)",S01803,W028,LGA04,0,yes
BAN-003449,"BAN-003449  (H. Bala, structure 115)",S00080,W001,LGA01,1,yes
BAN-003450,"BAN-003450  (I. Gani, structure 122)",S00080,W001,LGA01,0,yes
BAN-003451,"BAN-003451  (Y. Jibo, structure 2)",S00080,W001,LGA01,0,yes
BAN-003452,"BAN-003452  (S. Sule, structure 107)",S00688,W008,LGA01,4,yes
BAN-003453,"BAN-003453  (I. Musa, structure 167)",S00688,W008,LGA01,1,yes
BAN-003454,"BAN-003454  (F. Ede, structure 115)",S00688,W008,LGA01,4,yes
BAN-003455,"BAN-003455  (U. Rabi, structure 83)",S00688,W008,LGA01,0,yes
BAN-003456,"BAN-003456  (B. Dogo, structure 43)",S00137,W002,LGA01,0,yes
BAN-003457,"BAN-003457  (A. Funo, structure 156)",S00137,W002,LGA01,0,yes
BAN-003458,"BAN-003458  (H. Wada, structure 64)",S00137,W002,LGA01,4,yes
BAN-003459,"BAN-003459  (K. Isa, structure 216)",S00137,W002,LGA01,0,yes
BAN-003460,"BAN-003460  (K. Dogo, structure 55)",S00270,W003,LGA01,0,yes
BAN-003461,"BAN-003461  (I. Jibo, structure 184)",S00270,W003,LGA01,4,yes
BAN-003462,"BAN-003462  (M. Funo, structure 76)",S00270,W003,LGA01,2,yes
BAN-003463,"BAN-003463  (U. Gani, structure 75)",S00270,W003,LGA01,3,no
BAN-003464,"BAN-003464  (I. Zubi, structure 212)",S00270,W003,LGA01,2,yes
BAN-003465,"BAN-003465  (F. Funo, structure 158)",S02317,W037,LGA03,3,no
BAN-003466,"BAN-003466  (Z. Dogo, structure 62)",S00573,W007,LGA01,4,yes
BAN-003467,"BAN-003467  (H. Isa, structure 130)",S00573,W007,LGA01,1,yes
BAN-003468,"BAN-003468  (F. Pama, structure 63)",S00573,W007,LGA01,1,yes
BAN-003469,"BAN-003469  (B. Jibo, structure 217)",S00573,W007,LGA01,1,yes
BAN-003470,"BAN-003470  (M. Isa, structure 251)",S00573,W007,LGA01,1,yes
BAN-003471,"BAN-003471  (S. Abu, structure 16)",S00943,W012,LGA02,0,yes
BAN-003472,"BAN-003472  (K. Rabi, structure 166)",S00943,W012,LGA02,1,yes
BAN-003473,"BAN-003473  (S. Pama, structure 183)",S00943,W012,LGA02,1,no
BAN-003474,"BAN-003474  (U. Wada, structure 72)",S00943,W012,LGA02,3,yes
BAN-003475,"BAN-003475  (K. Umar, structure 59)",S00943,W012,LGA02,3,yes
BAN-003476,"BAN-003476  (R. Nura, structure 18)",S02090,W032,LGA04,1,no
BAN-003477,"BAN-003477  (Y. Wada, structure 7)",S02090,W032,LGA04,2,yes
BAN-003478,"BAN-003478  (F. Haru, structure 20)",S02090,W032,LGA04,4,yes
BAN-003479,"BAN-003479  (U. Lami, structure 156)",S02090,W032,LGA04,4,yes
BAN-003480,"BAN-003480  (I. Pama, structure 142)",S02090,W032,LGA04,0,yes
BAN-003481,"BAN-003481  (U. Umar, structure 104)",S01978,W030,LGA04,2,yes
BAN-003482,"BAN-003482  (U. Sule, structure 54)",S01978,W030,LGA04,2,yes
BAN-003483,"BAN-003483  (A. Abu, structure 154)",S01978,W030,LGA04,3,yes
BAN-003484,"BAN-003484  (U. Musa, structure 172)",S01978,W030,LGA04,3,yes
BAN-003485,"BAN-003485  (B. Pama, structure 35)",S02132,W033,LGA03,4,yes
BAN-003486,"BAN-003486  (Y. Sule, structure 12)",S02132,W033,LGA03,4,no
BAN-003487,"BAN-003487  (R. Funo, structure 259)",S02132,W033,LGA03,2,yes
BAN-003488,"BAN-003488  (M. Rabi, structure 134)",S02132,W033,LGA03,0,yes
BAN-003489,"BAN-003489  (R. Nura, structure 216)",S00466,W006,LGA01,0,yes
BAN-003490,"BAN-003490  (F. Abu, structure 85)",S00466,W006,LGA01,2,yes
BAN-003491,"BAN-003491  (I. Sule, structure 246)",S02432,W039,LGA04,0,yes
BAN-003492,"BAN-003492  (I. Kabo, structure 197)",S02432,W039,LGA04,4,yes
BAN-003493,"BAN-003493  (A. Nura, structure 211)",S02432,W039,LGA04,2,yes
BAN-003494,"BAN-003494  (A. Cham, structure 104)",S02432,W039,LGA04,1,yes
BAN-003495,"BAN-003495  (M. Gani, structure 230)",S02432,W039,LGA04,0,yes
BAN-003496,"BAN-003496  (F. Cham, structure 186)",S00501,W006,LGA01,2,yes
BAN-003497,"BAN-003497  (R. Yaro, structure 161)",S00501,W006,LGA01,1,yes
BAN-003498,"BAN-003498  (F. Jibo, structure 67)",S00501,W006,LGA01,4,yes
BAN-003499,"BAN-003499  (B. Zubi, structure 226)",S00501,W006,LGA01,2,yes
BAN-003500,"BAN-003500  (F. Nura, structure 108)",S00243,W003,LGA01,4,yes
BAN-003501,"BAN-003501  (B. Pama, structure 128)",S00544,W007,LGA01,1,yes
BAN-003502,"BAN-003502  (F. Zubi, structure 21)",S00544,W007,LGA01,1,yes
BAN-003503,"BAN-003503  (H. Musa, structure 256)",S00544,W007,LGA01,0,yes
BAN-003504,"BAN-003504  (Z. Funo, structure 251)",S00544,W007,LGA01,1,yes
BAN-003505,"BAN-003505  (U. Rabi, structure 235)",S01447,W020,LGA01,1,no
BAN-003506,"BAN-003506  (Y. Bala, structure 157)",S01447,W020,LGA01,0,yes
BAN-003507,"BAN-003507  (K. Rabi, structure 62)",S00294,W003,LGA01,0,yes
BAN-003508,"BAN-003508  (Z. Bala, structure 137)",S00294,W003,LGA01,1,yes
BAN-003509,"BAN-003509  (F. Tanko, structure 136)",S00294,W003,LGA01,4,yes
BAN-003510,"BAN-003510  (B. Sule, structure 232)",S01807,W028,LGA04,1,yes
BAN-003511,"BAN-003511  (U. Bala, structure 179)",S02377,W038,LGA03,4,yes
BAN-003512,"BAN-003512  (Z. Jibo, structure 197)",S02377,W038,LGA03,0,yes
BAN-003513,"BAN-003513  (F. Musa, structure 63)",S01192,W015,LGA01,4,yes
BAN-003514,"BAN-003514  (Y. Wada, structure 24)",S01192,W015,LGA01,4,yes
BAN-003515,"BAN-003515  (S. Gani, structure 50)",S01613,W023,LGA03,0,yes
BAN-003516,"BAN-003516  (S. Gani, structure 201)",S01613,W023,LGA03,0,yes
BAN-003517,"BAN-003517  (M. Rabi, structure 170)",S01613,W023,LGA03,4,no
BAN-003518,"BAN-003518  (F. Bala, structure 202)",S01756,W027,LGA03,3,yes
BAN-003519,"BAN-003519  (K. Dogo, structure 184)",S01756,W027,LGA03,4,yes
BAN-003520,"BAN-003520  (A. Zubi, structure 25)",S00675,W008,LGA01,1,yes
BAN-003521,"BAN-003521  (R. Funo, structure 118)",S00675,W008,LGA01,0,yes
BAN-003522,"BAN-003522  (B. Tanko, structure 89)",S01168,W015,LGA01,0,yes
BAN-003523,"BAN-003523  (R. Dogo, structure 158)",S01168,W015,LGA01,1,yes
BAN-003524,"BAN-003524  (M. Dogo, structure 45)",S00852,W010,LGA02,3,yes
BAN-003525,"BAN-003525  (A. Pama, structure 27)",S00852,W010,LGA02,0,yes
BAN-003526,"BAN-003526  (B. Yaro, structure 253)",S00852,W010,LGA02,1,yes
BAN-003527,"BAN-003527  (S. Umar, structure 2)",S00852,W010,LGA02,1,yes
BAN-003528,"BAN-003528  (Z. Nura, structure 112)",S02281,W036,LGA04,4,yes
BAN-003529,"BAN-003529  (Z. Oje, structure 38)",S02281,W036,LGA04,2,yes
BAN-003530,"BAN-003530  (I. Jibo, structure 3)",S02281,W036,LGA04,0,yes
BAN-003531,"BAN-003531  (F. Jibo, structure 117)",S02281,W036,LGA04,0,no
BAN-003532,"BAN-003532  (I. Haru, structure 103)",S01972,W030,LGA04,0,yes
BAN-003533,"BAN-003533  (S. Sule, structure 211)",S01972,W030,LGA04,0,yes
BAN-003534,"BAN-003534  (A. Abu, structure 19)",S00449,W006,LGA01,0,yes
BAN-003535,"BAN-003535  (B. Bala, structure 207)",S00449,W006,LGA01,2,yes
BAN-003536,"BAN-003536  (B. Funo, structure 25)",S00449,W006,LGA01,3,yes
BAN-003537,"BAN-003537  (A. Dogo, structure 40)",S01929,W030,LGA04,3,yes
BAN-003538,"BAN-003538  (R. Tanko, structure 219)",S01929,W030,LGA04,0,yes
BAN-003539,"BAN-003539  (F. Rabi, structure 148)",S01929,W030,LGA04,3,yes
BAN-003540,"BAN-003540  (R. Musa, structure 220)",S01446,W020,LGA01,0,yes
BAN-003541,"BAN-003541  (I. Pama, structure 157)",S01446,W020,LGA01,1,yes
BAN-003542,"BAN-003542  (U. Wada, structure 238)",S01446,W020,LGA01,2,yes
BAN-003543,"BAN-003543  (H. Umar, structure 20)",S01446,W020,LGA01,0,yes
BAN-003544,"BAN-003544  (S. Funo, structure 193)",S02280,W036,LGA04,0,yes
BAN-003545,"BAN-003545  (K. Cham, structure 159)",S02280,W036,LGA04,0,yes
BAN-003546,"BAN-003546  (U. Jibo, structure 1)",S00843,W010,LGA02,2,yes
BAN-003547,"BAN-003547  (B. Sule, structure 73)",S02014,W031,LGA03,2,yes
BAN-003548,"BAN-003548  (A. Pama, structure 206)",S02014,W031,LGA03,0,no
BAN-003549,"BAN-003549  (K. Zubi, structure 146)",S02263,W035,LGA04,4,yes
BAN-003550,"BAN-003550  (F. Pama, structure 82)",S02263,W035,LGA04,3,yes
BAN-003551,"BAN-003551  (U. Funo, structure 35)",S02263,W035,LGA04,3,yes
BAN-003552,"BAN-003552  (B. Oje, structure 148)",S00867,W010,LGA02,3,yes
BAN-003553,"BAN-003553  (Y. Jibo, structure 133)",S00867,W010,LGA02,0,yes
BAN-003554,"BAN-003554  (M. Lami, structure 168)",S00867,W010,LGA02,2,yes
BAN-003555,"BAN-003555  (Z. Pama, structure 76)",S00459,W006,LGA01,2,yes
BAN-003556,"BAN-003556  (K. Isa, structure 223)",S00459,W006,LGA01,1,yes
BAN-003557,"BAN-003557  (B. Sule, structure 145)",S00459,W006,LGA01,0,yes
BAN-003558,"BAN-003558  (Y. Abu, structure 1)",S00459,W006,LGA01,4,yes
BAN-003559,"BAN-003559  (Y. Abu, structure 65)",S01571,W022,LGA03,2,yes
BAN-003560,"BAN-003560  (M. Pama, structure 102)",S01571,W022,LGA03,4,yes
BAN-003561,"BAN-003561  (H. Jibo, structure 125)",S01235,W016,LGA02,0,no
BAN-003562,"BAN-003562  (Z. Abu, structure 144)",S01235,W016,LGA02,0,yes
BAN-003563,"BAN-003563  (A. Wada, structure 79)",S01235,W016,LGA02,2,yes
BAN-003564,"BAN-003564  (Z. Wada, structure 75)",S01750,W026,LGA03,4,yes
BAN-003565,"BAN-003565  (S. Pama, structure 198)",S01707,W026,LGA03,4,no
BAN-003566,"BAN-003566  (I. Jibo, structure 173)",S00354,W004,LGA02,1,yes
BAN-003567,"BAN-003567  (H. Dogo, structure 11)",S00354,W004,LGA02,4,yes
BAN-003568,"BAN-003568  (U. Tanko, structure 48)",S00354,W004,LGA02,4,yes
BAN-003569,"BAN-003569  (K. Isa, structure 104)",S01764,W027,LGA03,0,yes
BAN-003570,"BAN-003570  (F. Tanko, structure 52)",S00150,W002,LGA01,0,yes
BAN-003571,"BAN-003571  (H. Zubi, structure 75)",S00150,W002,LGA01,0,yes
BAN-003572,"BAN-003572  (M. Abu, structure 122)",S00150,W002,LGA01,3,no
BAN-003573,"BAN-003573  (F. Wada, structure 66)",S00150,W002,LGA01,1,yes
BAN-003574,"BAN-003574  (B. Jibo, structure 240)",S00150,W002,LGA01,1,yes
BAN-003575,"BAN-003575  (A. Zubi, structure 177)",S00803,W009,LGA02,0,yes
BAN-003576,"BAN-003576  (S. Yaro, structure 58)",S00803,W009,LGA02,1,yes
BAN-003577,"BAN-003577  (Z. Kabo, structure 94)",S00803,W009,LGA02,1,yes
BAN-003578,"BAN-003578  (R. Jibo, structure 258)",S00803,W009,LGA02,3,yes
BAN-003579,"BAN-003579  (K. Pama, structure 40)",S02043,W031,LGA03,1,yes
BAN-003580,"BAN-003580  (F. Oje, structure 122)",S02043,W031,LGA03,0,yes
BAN-003581,"BAN-003581  (A. Pama, structure 189)",S00350,W004,LGA02,1,yes
BAN-003582,"BAN-003582  (F. Nura, structure 175)",S02313,W037,LGA03,3,yes
BAN-003583,"BAN-003583  (K. Wada, structure 6)",S02313,W037,LGA03,2,yes
BAN-003584,"BAN-003584  (S. Isa, structure 227)",S02313,W037,LGA03,4,yes
BAN-003585,"BAN-003585  (H. Yaro, structure 254)",S02313,W037,LGA03,1,no
BAN-003586,"BAN-003586  (R. Kabo, structure 92)",S00208,W002,LGA01,0,yes
BAN-003587,"BAN-003587  (Y. Lami, structure 120)",S00208,W002,LGA01,1,yes
BAN-003588,"BAN-003588  (M. Jibo, structure 180)",S00208,W002,LGA01,2,yes
BAN-003589,"BAN-003589  (M. Musa, structure 59)",S00208,W002,LGA01,0,yes
BAN-003590,"BAN-003590  (K. Oje, structure 74)",S01315,W017,LGA03,4,yes
BAN-003591,"BAN-003591  (B. Gani, structure 42)",S01315,W017,LGA03,0,yes
BAN-003592,"BAN-003592  (I. Umar, structure 171)",S01315,W017,LGA03,4,yes
BAN-003593,"BAN-003593  (I. Funo, structure 245)",S01315,W017,LGA03,3,yes
BAN-003594,"BAN-003594  (I. Dogo, structure 148)",S00310,W003,LGA01,2,yes
BAN-003595,"BAN-003595  (Y. Umar, structure 32)",S00310,W003,LGA01,2,yes
BAN-003596,"BAN-003596  (S. Tanko, structure 151)",S00108,W001,LGA01,0,yes
BAN-003597,"BAN-003597  (S. Kabo, structure 98)",S00108,W001,LGA01,3,yes
BAN-003598,"BAN-003598  (I. Gani, structure 100)",S00108,W001,LGA01,2,yes
BAN-003599,"BAN-003599  (A. Cham, structure 148)",S00624,W007,LGA01,1,yes
BAN-003600,"BAN-003600  (H. Musa, structure 234)",S00624,W007,LGA01,4,yes
BAN-003601,"BAN-003601  (Z. Oje, structure 50)",S00624,W007,LGA01,3,yes
BAN-003602,"BAN-003602  (K. Nura, structure 104)",S00624,W007,LGA01,2,yes
BAN-003603,"BAN-003603  (B. Pama, structure 42)",S01467,W020,LGA01,2,yes
BAN-003604,"BAN-003604  (F. Gani, structure 46)",S01467,W020,LGA01,2,yes
BAN-003605,"BAN-003605  (U. Dogo, structure 107)",S02287,W036,LGA04,4,yes
BAN-003606,"BAN-003606  (K. Isa, structure 145)",S02287,W036,LGA04,3,yes
BAN-003607,"BAN-003607  (I. Pama, structure 212)",S02287,W036,LGA04,3,yes
BAN-003608,"BAN-003608  (F. Zubi, structure 82)",S01009,W014,LGA01,0,yes
BAN-003609,"BAN-003609  (Y. Gani, structure 69)",S01009,W014,LGA01,4,no
BAN-003610,"BAN-003610  (S. Umar, structure 39)",S01340,W018,LGA02,0,yes
BAN-003611,"BAN-003611  (B. Zubi, structure 189)",S01340,W018,LGA02,0,yes
BAN-003612,"BAN-003612  (U. Wada, structure 227)",S01340,W018,LGA02,0,yes
BAN-003613,"BAN-003613  (U. Tanko, structure 74)",S02308,W036,LGA04,3,yes
BAN-003614,"BAN-003614  (H. Oje, structure 227)",S00921,W011,LGA02,1,yes
BAN-003615,"BAN-003615  (U. Yaro, structure 89)",S00921,W011,LGA02,2,yes
BAN-003616,"BAN-003616  (I. Cham, structure 255)",S00667,W008,LGA01,1,yes
BAN-003617,"BAN-003617  (F. Ede, structure 46)",S00667,W008,LGA01,2,yes
BAN-003618,"BAN-003618  (Z. Umar, structure 3)",S00101,W001,LGA01,2,yes
BAN-003619,"BAN-003619  (H. Dogo, structure 97)",S00101,W001,LGA01,4,yes
BAN-003620,"BAN-003620  (H. Oje, structure 35)",S00101,W001,LGA01,2,no
BAN-003621,"BAN-003621  (Y. Dogo, structure 125)",S00101,W001,LGA01,0,yes
BAN-003622,"BAN-003622  (M. Nura, structure 129)",S00057,W001,LGA01,1,yes
BAN-003623,"BAN-003623  (U. Musa, structure 215)",S00057,W001,LGA01,0,no
BAN-003624,"BAN-003624  (S. Yaro, structure 146)",S00242,W003,LGA01,1,yes
BAN-003625,"BAN-003625  (F. Wada, structure 158)",S00242,W003,LGA01,1,yes
BAN-003626,"BAN-003626  (F. Gani, structure 58)",S00242,W003,LGA01,3,yes
BAN-003627,"BAN-003627  (H. Nura, structure 184)",S00135,W002,LGA01,2,no
BAN-003628,"BAN-003628  (A. Ede, structure 15)",S00888,W011,LGA02,1,yes
BAN-003629,"BAN-003629  (B. Cham, structure 156)",S00888,W011,LGA02,4,yes
BAN-003630,"BAN-003630  (I. Umar, structure 199)",S01741,W026,LGA03,3,yes
BAN-003631,"BAN-003631  (U. Haru, structure 137)",S01741,W026,LGA03,3,yes
BAN-003632,"BAN-003632  (S. Umar, structure 134)",S01741,W026,LGA03,2,no
BAN-003633,"BAN-003633  (K. Abu, structure 108)",S00696,W008,LGA01,3,yes
BAN-003634,"BAN-003634  (Y. Isa, structure 245)",S00499,W006,LGA01,1,no
BAN-003635,"BAN-003635  (Z. Gani, structure 245)",S00499,W006,LGA01,0,yes
BAN-003636,"BAN-003636  (Z. Rabi, structure 15)",S00499,W006,LGA01,3,yes
BAN-003637,"BAN-003637  (S. Ede, structure 66)",S00499,W006,LGA01,2,no
BAN-003638,"BAN-003638  (K. Gani, structure 33)",S00499,W006,LGA01,4,yes
BAN-003639,"BAN-003639  (Z. Wada, structure 96)",S00804,W009,LGA02,4,yes
BAN-003640,"BAN-003640  (H. Ede, structure 4)",S01107,W015,LGA01,1,yes
BAN-003641,"BAN-003641  (Z. Cham, structure 166)",S00002,W001,LGA01,2,yes
BAN-003642,"BAN-003642  (Z. Dogo, structure 54)",S00835,W010,LGA02,1,yes
BAN-003643,"BAN-003643  (S. Gani, structure 30)",S01216,W015,LGA01,0,yes
BAN-003644,"BAN-003644  (Z. Zubi, structure 171)",S01054,W014,LGA01,0,yes
BAN-003645,"BAN-003645  (K. Rabi, structure 118)",S01054,W014,LGA01,4,no
BAN-003646,"BAN-003646  (U. Dogo, structure 31)",S01054,W014,LGA01,1,yes
BAN-003647,"BAN-003647  (R. Bala, structure 251)",S01821,W028,LGA04,2,yes
BAN-003648,"BAN-003648  (B. Abu, structure 257)",S01163,W015,LGA01,1,yes
BAN-003649,"BAN-003649  (S. Gani, structure 177)",S01163,W015,LGA01,0,yes
BAN-003650,"BAN-003650  (I. Sule, structure 56)",S01163,W015,LGA01,0,yes
BAN-003651,"BAN-003651  (U. Oje, structure 11)",S01163,W015,LGA01,0,yes
BAN-003652,"BAN-003652  (R. Umar, structure 1)",S01163,W015,LGA01,2,yes
BAN-003653,"BAN-003653  (Y. Tanko, structure 85)",S01163,W015,LGA01,0,yes
BAN-003654,"BAN-003654  (Z. Gani, structure 171)",S02193,W034,LGA03,3,yes
BAN-003655,"BAN-003655  (U. Lami, structure 71)",S02166,W034,LGA03,4,yes
BAN-003656,"BAN-003656  (U. Bala, structure 16)",S02166,W034,LGA03,1,yes
BAN-003657,"BAN-003657  (R. Sule, structure 239)",S02166,W034,LGA03,0,yes
BAN-003658,"BAN-003658  (B. Sule, structure 128)",S02166,W034,LGA03,0,yes
BAN-003659,"BAN-003659  (F. Jibo, structure 239)",S02166,W034,LGA03,4,no
BAN-003660,"BAN-003660  (Y. Abu, structure 67)",S02166,W034,LGA03,1,yes
BAN-003661,"BAN-003661  (S. Haru, structure 26)",S02166,W034,LGA03,4,yes
BAN-003662,"BAN-003662  (I. Kabo, structure 186)",S02228,W035,LGA04,2,yes
BAN-003663,"BAN-003663  (R. Dogo, structure 226)",S00160,W002,LGA01,4,no
BAN-003664,"BAN-003664  (K. Gani, structure 104)",S01605,W023,LGA03,1,yes
BAN-003665,"BAN-003665  (F. Sule, structure 50)",S00527,W006,LGA01,2,yes
BAN-003666,"BAN-003666  (K. Abu, structure 145)",S01729,W026,LGA03,3,no
BAN-003667,"BAN-003667  (S. Kabo, structure 167)",S01729,W026,LGA03,0,no
BAN-003668,"BAN-003668  (R. Haru, structure 127)",S01695,W025,LGA04,2,yes
BAN-003669,"BAN-003669  (F. Nura, structure 121)",S01695,W025,LGA04,2,yes
BAN-003670,"BAN-003670  (F. Umar, structure 206)",S01695,W025,LGA04,0,yes
BAN-003671,"BAN-003671  (S. Cham, structure 255)",S01695,W025,LGA04,2,yes
BAN-003672,"BAN-003672  (M. Isa, structure 196)",S00287,W003,LGA01,1,yes
BAN-003673,"BAN-003673  (H. Rabi, structure 189)",S02370,W038,LGA03,4,yes
BAN-003674,"BAN-003674  (I. Oje, structure 30)",S02370,W038,LGA03,2,yes
BAN-003675,"BAN-003675  (A. Isa, structure 60)",S00977,W013,LGA02,1,yes
BAN-003676,"BAN-003676  (S. Rabi, structure 143)",S01316,W017,LGA03,1,yes
BAN-003677,"BAN-003677  (K. Ede, structure 91)",S01316,W017,LGA03,4,yes
BAN-003678,"BAN-003678  (Z. Wada, structure 143)",S01316,W017,LGA03,1,yes
BAN-003679,"BAN-003679  (Z. Sule, structure 208)",S02407,W038,LGA03,2,no
BAN-003680,"BAN-003680  (Z. Yaro, structure 71)",S00671,W008,LGA01,2,yes
BAN-003681,"BAN-003681  (K. Jibo, structure 73)",S00671,W008,LGA01,3,yes
BAN-003682,"BAN-003682  (U. Sule, structure 113)",S00671,W008,LGA01,2,yes
BAN-003683,"BAN-003683  (S. Ede, structure 79)",S01031,W014,LGA01,2,yes
BAN-003684,"BAN-003684  (Z. Bala, structure 18)",S01031,W014,LGA01,2,yes
BAN-003685,"BAN-003685  (S. Umar, structure 170)",S02365,W038,LGA03,1,yes
BAN-003686,"BAN-003686  (K. Zubi, structure 168)",S02365,W038,LGA03,1,yes
BAN-003687,"BAN-003687  (Y. Yaro, structure 157)",S02365,W038,LGA03,2,yes
BAN-003688,"BAN-003688  (Y. Bala, structure 121)",S00874,W011,LGA02,1,yes
BAN-003689,"BAN-003689  (R. Cham, structure 202)",S00874,W011,LGA02,3,yes
BAN-003690,"BAN-003690  (H. Oje, structure 74)",S00874,W011,LGA02,1,yes
BAN-003691,"BAN-003691  (A. Ede, structure 62)",S00874,W011,LGA02,4,yes
BAN-003692,"BAN-003692  (K. Sule, structure 258)",S00874,W011,LGA02,1,yes
BAN-003693,"BAN-003693  (Z. Haru, structure 8)",S02198,W034,LGA03,2,yes
BAN-003694,"BAN-003694  (S. Umar, structure 188)",S02198,W034,LGA03,0,yes
BAN-003695,"BAN-003695  (I. Rabi, structure 179)",S02198,W034,LGA03,3,yes
BAN-003696,"BAN-003696  (R. Haru, structure 108)",S01368,W018,LGA02,3,yes
BAN-003697,"BAN-003697  (K. Lami, structure 34)",S01368,W018,LGA02,2,yes
BAN-003698,"BAN-003698  (K. Zubi, structure 221)",S01368,W018,LGA02,2,yes
BAN-003699,"BAN-003699  (B. Rabi, structure 146)",S01368,W018,LGA02,3,no
BAN-003700,"BAN-003700  (Z. Isa, structure 107)",S01368,W018,LGA02,1,yes
BAN-003701,"BAN-003701  (U. Musa, structure 246)",S01368,W018,LGA02,3,yes
BAN-003702,"BAN-003702  (R. Nura, structure 248)",S01368,W018,LGA02,0,yes
BAN-003703,"BAN-003703  (U. Oje, structure 254)",S02282,W036,LGA04,4,yes
BAN-003704,"BAN-003704  (S. Funo, structure 189)",S02282,W036,LGA04,2,yes
BAN-003705,"BAN-003705  (B. Yaro, structure 162)",S01069,W014,LGA01,2,yes
BAN-003706,"BAN-003706  (R. Pama, structure 95)",S01069,W014,LGA01,3,yes
BAN-003707,"BAN-003707  (I. Haru, structure 107)",S00670,W008,LGA01,1,yes
BAN-003708,"BAN-003708  (B. Ede, structure 22)",S00670,W008,LGA01,3,yes
BAN-003709,"BAN-003709  (R. Funo, structure 89)",S00670,W008,LGA01,4,yes
BAN-003710,"BAN-003710  (Y. Wada, structure 202)",S01616,W023,LGA03,3,yes
BAN-003711,"BAN-003711  (A. Nura, structure 124)",S00028,W001,LGA01,2,yes
BAN-003712,"BAN-003712  (R. Sule, structure 17)",S00077,W001,LGA01,3,yes
BAN-003713,"BAN-003713  (R. Bala, structure 253)",S00077,W001,LGA01,3,yes
BAN-003714,"BAN-003714  (Z. Tanko, structure 167)",S00041,W001,LGA01,2,yes
BAN-003715,"BAN-003715  (F. Nura, structure 234)",S00041,W001,LGA01,1,yes
BAN-003716,"BAN-003716  (K. Lami, structure 33)",S00041,W001,LGA01,1,yes
BAN-003717,"BAN-003717  (F. Ede, structure 239)",S00140,W002,LGA01,4,yes
BAN-003718,"BAN-003718  (Y. Nura, structure 32)",S00140,W002,LGA01,1,yes
BAN-003719,"BAN-003719  (M. Lami, structure 216)",S00372,W005,LGA02,4,yes
BAN-003720,"BAN-003720  (S. Isa, structure 206)",S01802,W028,LGA04,4,yes
BAN-003721,"BAN-003721  (S. Haru, structure 248)",S01448,W020,LGA01,4,yes
BAN-003722,"BAN-003722  (Y. Haru, structure 239)",S01448,W020,LGA01,1,yes
BAN-003723,"BAN-003723  (H. Wada, structure 210)",S01448,W020,LGA01,2,yes
BAN-003724,"BAN-003724  (Y. Umar, structure 80)",S01448,W020,LGA01,2,yes
BAN-003725,"BAN-003725  (F. Dogo, structure 78)",S02231,W035,LGA04,3,yes
BAN-003726,"BAN-003726  (A. Funo, structure 221)",S02231,W035,LGA04,2,yes
BAN-003727,"BAN-003727  (I. Wada, structure 224)",S02231,W035,LGA04,1,no
BAN-003728,"BAN-003728  (K. Pama, structure 18)",S02149,W033,LGA03,3,yes
BAN-003729,"BAN-003729  (U. Dogo, structure 241)",S00371,W005,LGA02,2,yes
BAN-003730,"BAN-003730  (Y. Haru, structure 233)",S00371,W005,LGA02,0,yes
BAN-003731,"BAN-003731  (Z. Pama, structure 24)",S00371,W005,LGA02,0,yes
BAN-003732,"BAN-003732  (F. Umar, structure 28)",S00262,W003,LGA01,4,yes
BAN-003733,"BAN-003733  (S. Umar, structure 43)",S00908,W011,LGA02,3,yes
BAN-003734,"BAN-003734  (B. Rabi, structure 257)",S00908,W011,LGA02,0,yes
BAN-003735,"BAN-003735  (U. Zubi, structure 102)",S00908,W011,LGA02,4,yes
BAN-003736,"BAN-003736  (B. Yaro, structure 195)",S00908,W011,LGA02,3,yes
BAN-003737,"BAN-003737  (R. Tanko, structure 20)",S00908,W011,LGA02,4,yes
BAN-003738,"BAN-003738  (F. Wada, structure 161)",S00908,W011,LGA02,3,yes
BAN-003739,"BAN-003739  (B. Yaro, structure 243)",S01008,W014,LGA01,4,yes
BAN-003740,"BAN-003740  (A. Musa, structure 149)",S01008,W014,LGA01,4,yes
BAN-003741,"BAN-003741  (S. Abu, structure 255)",S02402,W038,LGA03,3,yes
BAN-003742,"BAN-003742  (U. Sule, structure 137)",S02402,W038,LGA03,4,yes
BAN-003743,"BAN-003743  (K. Jibo, structure 196)",S02402,W038,LGA03,3,yes
BAN-003744,"BAN-003744  (Z. Lami, structure 34)",S01805,W028,LGA04,2,yes
BAN-003745,"BAN-003745  (U. Umar, structure 34)",S01805,W028,LGA04,1,no
BAN-003746,"BAN-003746  (M. Gani, structure 82)",S01805,W028,LGA04,1,yes
BAN-003747,"BAN-003747  (I. Nura, structure 178)",S02506,W040,LGA04,4,yes
BAN-003748,"BAN-003748  (M. Ede, structure 5)",S02506,W040,LGA04,0,yes
BAN-003749,"BAN-003749  (F. Umar, structure 21)",S02077,W032,LGA04,4,yes
BAN-003750,"BAN-003750  (A. Jibo, structure 240)",S02077,W032,LGA04,0,yes
BAN-003751,"BAN-003751  (R. Lami, structure 34)",S02077,W032,LGA04,0,yes
BAN-003752,"BAN-003752  (S. Jibo, structure 154)",S02077,W032,LGA04,1,yes
BAN-003753,"BAN-003753  (H. Isa, structure 38)",S02077,W032,LGA04,0,yes
BAN-003754,"BAN-003754  (I. Dogo, structure 138)",S02077,W032,LGA04,1,yes
BAN-003755,"BAN-003755  (Z. Zubi, structure 38)",S01078,W014,LGA01,3,yes
BAN-003756,"BAN-003756  (I. Musa, structure 129)",S01101,W015,LGA01,4,no
BAN-003757,"BAN-003757  (S. Funo, structure 48)",S01101,W015,LGA01,4,yes
BAN-003758,"BAN-003758  (Z. Cham, structure 59)",S01101,W015,LGA01,0,yes
BAN-003759,"BAN-003759  (U. Musa, structure 70)",S00681,W008,LGA01,2,yes
BAN-003760,"BAN-003760  (R. Cham, structure 38)",S01604,W023,LGA03,2,yes
BAN-003761,"BAN-003761  (U. Bala, structure 125)",S01604,W023,LGA03,1,yes
BAN-003762,"BAN-003762  (U. Dogo, structure 166)",S01604,W023,LGA03,4,yes
BAN-003763,"BAN-003763  (Y. Bala, structure 53)",S01604,W023,LGA03,2,yes
BAN-003764,"BAN-003764  (A. Lami, structure 211)",S01604,W023,LGA03,3,yes
BAN-003765,"BAN-003765  (A. Zubi, structure 116)",S02179,W034,LGA03,0,yes
BAN-003766,"BAN-003766  (M. Dogo, structure 71)",S00589,W007,LGA01,0,yes
BAN-003767,"BAN-003767  (Z. Wada, structure 174)",S02386,W038,LGA03,3,yes
BAN-003768,"BAN-003768  (M. Yaro, structure 96)",S00088,W001,LGA01,0,yes
BAN-003769,"BAN-003769  (A. Oje, structure 2)",S00088,W001,LGA01,3,yes
BAN-003770,"BAN-003770  (I. Bala, structure 249)",S00088,W001,LGA01,4,yes
BAN-003771,"BAN-003771  (B. Yaro, structure 27)",S02217,W035,LGA04,4,yes
BAN-003772,"BAN-003772  (U. Rabi, structure 206)",S02217,W035,LGA04,0,yes
BAN-003773,"BAN-003773  (R. Tanko, structure 249)",S01553,W021,LGA02,1,yes
BAN-003774,"BAN-003774  (A. Yaro, structure 250)",S01553,W021,LGA02,3,yes
BAN-003775,"BAN-003775  (H. Ede, structure 20)",S01553,W021,LGA02,4,yes
BAN-003776,"BAN-003776  (I. Nura, structure 246)",S00674,W008,LGA01,4,yes
BAN-003777,"BAN-003777  (U. Abu, structure 151)",S00674,W008,LGA01,3,yes
BAN-003778,"BAN-003778  (B. Rabi, structure 207)",S02361,W037,LGA03,4,yes
BAN-003779,"BAN-003779  (A. Abu, structure 13)",S02361,W037,LGA03,0,yes
BAN-003780,"BAN-003780  (R. Tanko, structure 95)",S02361,W037,LGA03,3,yes
BAN-003781,"BAN-003781  (M. Haru, structure 2)",S02361,W037,LGA03,4,yes
BAN-003782,"BAN-003782  (F. Yaro, structure 27)",S02119,W033,LGA03,1,yes
BAN-003783,"BAN-003783  (Z. Rabi, structure 98)",S02119,W033,LGA03,3,yes
BAN-003784,"BAN-003784  (Z. Abu, structure 113)",S01162,W015,LGA01,4,yes
BAN-003785,"BAN-003785  (Y. Umar, structure 222)",S01162,W015,LGA01,0,yes
BAN-003786,"BAN-003786  (M. Umar, structure 229)",S01162,W015,LGA01,4,yes
BAN-003787,"BAN-003787  (K. Umar, structure 20)",S01162,W015,LGA01,4,yes
BAN-003788,"BAN-003788  (A. Kabo, structure 233)",S02403,W038,LGA03,3,yes
BAN-003789,"BAN-003789  (A. Oje, structure 85)",S02403,W038,LGA03,1,yes
BAN-003790,"BAN-003790  (I. Cham, structure 141)",S00861,W010,LGA02,3,yes
BAN-003791,"BAN-003791  (Y. Kabo, structure 77)",S00861,W010,LGA02,0,no
BAN-003792,"BAN-003792  (Z. Wada, structure 192)",S00861,W010,LGA02,1,yes
BAN-003793,"BAN-003793  (M. Zubi, structure 197)",S00861,W010,LGA02,1,yes
BAN-003794,"BAN-003794  (Z. Musa, structure 91)",S02338,W037,LGA03,1,yes
BAN-003795,"BAN-003795  (M. Umar, structure 173)",S02338,W037,LGA03,2,yes
BAN-003796,"BAN-003796  (A. Haru, structure 183)",S02338,W037,LGA03,2,yes
BAN-003797,"BAN-003797  (M. Ede, structure 136)",S02338,W037,LGA03,3,no
BAN-003798,"BAN-003798  (B. Funo, structure 10)",S02338,W037,LGA03,0,yes
BAN-003799,"BAN-003799  (I. Pama, structure 50)",S02016,W031,LGA03,0,yes
BAN-003800,"BAN-003800  (R. Bala, structure 156)",S02016,W031,LGA03,1,yes
BAN-003801,"BAN-003801  (U. Nura, structure 192)",S02016,W031,LGA03,3,no
BAN-003802,"BAN-003802  (K. Funo, structure 207)",S02016,W031,LGA03,2,yes
BAN-003803,"BAN-003803  (U. Gani, structure 209)",S02016,W031,LGA03,1,yes
BAN-003804,"BAN-003804  (B. Isa, structure 67)",S02441,W039,LGA04,1,yes
BAN-003805,"BAN-003805  (Z. Cham, structure 144)",S02441,W039,LGA04,2,no
BAN-003806,"BAN-003806  (Z. Dogo, structure 146)",S02441,W039,LGA04,3,yes
BAN-003807,"BAN-003807  (H. Zubi, structure 163)",S02441,W039,LGA04,4,yes
BAN-003808,"BAN-003808  (S. Wada, structure 257)",S01608,W023,LGA03,3,yes
BAN-003809,"BAN-003809  (F. Musa, structure 68)",S01608,W023,LGA03,0,yes
BAN-003810,"BAN-003810  (I. Haru, structure 93)",S01608,W023,LGA03,0,yes
BAN-003811,"BAN-003811  (K. Funo, structure 46)",S01259,W016,LGA02,2,yes
BAN-003812,"BAN-003812  (Z. Funo, structure 242)",S01259,W016,LGA02,2,yes
BAN-003813,"BAN-003813  (I. Bala, structure 166)",S01259,W016,LGA02,4,yes
BAN-003814,"BAN-003814  (A. Isa, structure 128)",S00897,W011,LGA02,0,yes
BAN-003815,"BAN-003815  (H. Zubi, structure 14)",S00897,W011,LGA02,2,no
BAN-003816,"BAN-003816  (B. Cham, structure 45)",S00446,W006,LGA01,4,yes
BAN-003817,"BAN-003817  (Z. Gani, structure 202)",S00446,W006,LGA01,1,yes
BAN-003818,"BAN-003818  (M. Tanko, structure 74)",S00446,W006,LGA01,1,no
BAN-003819,"BAN-003819  (M. Nura, structure 44)",S00400,W005,LGA02,2,yes
BAN-003820,"BAN-003820  (Z. Yaro, structure 87)",S01352,W018,LGA02,0,yes
BAN-003821,"BAN-003821  (S. Cham, structure 192)",S01096,W015,LGA01,3,no
BAN-003822,"BAN-003822  (F. Bala, structure 184)",S01096,W015,LGA01,4,yes
BAN-003823,"BAN-003823  (A. Ede, structure 249)",S01088,W014,LGA01,2,yes
BAN-003824,"BAN-003824  (F. Dogo, structure 204)",S01088,W014,LGA01,0,no
BAN-003825,"BAN-003825  (S. Tanko, structure 246)",S01088,W014,LGA01,0,yes
BAN-003826,"BAN-003826  (Y. Funo, structure 1)",S01088,W014,LGA01,0,yes
BAN-003827,"BAN-003827  (R. Dogo, structure 38)",S01256,W016,LGA02,0,yes
BAN-003828,"BAN-003828  (H. Jibo, structure 100)",S02093,W032,LGA04,0,yes
BAN-003829,"BAN-003829  (A. Lami, structure 225)",S02093,W032,LGA04,0,yes
BAN-003830,"BAN-003830  (I. Funo, structure 13)",S01165,W015,LGA01,3,yes
BAN-003831,"BAN-003831  (K. Sule, structure 201)",S01165,W015,LGA01,2,yes
BAN-003832,"BAN-003832  (M. Sule, structure 212)",S00231,W003,LGA01,3,yes
BAN-003833,"BAN-003833  (F. Dogo, structure 113)",S01584,W022,LGA03,4,yes
BAN-003834,"BAN-003834  (H. Sule, structure 187)",S01584,W022,LGA03,4,yes
BAN-003835,"BAN-003835  (A. Dogo, structure 21)",S01690,W025,LGA04,3,yes
BAN-003836,"BAN-003836  (H. Yaro, structure 98)",S01690,W025,LGA04,0,yes
BAN-003837,"BAN-003837  (I. Oje, structure 11)",S00105,W001,LGA01,2,yes
BAN-003838,"BAN-003838  (M. Yaro, structure 135)",S02056,W032,LGA04,1,no
BAN-003839,"BAN-003839  (M. Ede, structure 58)",S02056,W032,LGA04,4,yes
BAN-003840,"BAN-003840  (R. Cham, structure 13)",S00537,W007,LGA01,2,yes
BAN-003841,"BAN-003841  (Z. Nura, structure 173)",S02380,W038,LGA03,2,yes
BAN-003842,"BAN-003842  (U. Yaro, structure 219)",S02380,W038,LGA03,2,yes
BAN-003843,"BAN-003843  (I. Gani, structure 230)",S02380,W038,LGA03,1,yes
BAN-003844,"BAN-003844  (M. Nura, structure 16)",S02380,W038,LGA03,4,yes
BAN-003845,"BAN-003845  (Y. Kabo, structure 152)",S02380,W038,LGA03,2,yes
BAN-003846,"BAN-003846  (S. Abu, structure 144)",S01815,W028,LGA04,3,yes
BAN-003847,"BAN-003847  (Z. Nura, structure 114)",S01815,W028,LGA04,0,no
BAN-003848,"BAN-003848  (K. Sule, structure 169)",S02099,W032,LGA04,4,yes
BAN-003849,"BAN-003849  (Y. Isa, structure 104)",S02099,W032,LGA04,2,yes
BAN-003850,"BAN-003850  (F. Pama, structure 130)",S02099,W032,LGA04,0,yes
BAN-003851,"BAN-003851  (Z. Sule, structure 47)",S01899,W029,LGA04,1,yes
BAN-003852,"BAN-003852  (S. Lami, structure 150)",S01899,W029,LGA04,4,yes
BAN-003853,"BAN-003853  (Y. Isa, structure 253)",S01899,W029,LGA04,3,yes
BAN-003854,"BAN-003854  (B. Ede, structure 251)",S01899,W029,LGA04,0,yes
BAN-003855,"BAN-003855  (I. Zubi, structure 133)",S00787,W008,LGA01,1,no
BAN-003856,"BAN-003856  (I. Sule, structure 19)",S00787,W008,LGA01,0,yes
BAN-003857,"BAN-003857  (H. Sule, structure 158)",S00787,W008,LGA01,1,yes
BAN-003858,"BAN-003858  (R. Funo, structure 72)",S00787,W008,LGA01,4,yes
BAN-003859,"BAN-003859  (I. Ede, structure 12)",S00255,W003,LGA01,0,yes
BAN-003860,"BAN-003860  (U. Nura, structure 25)",S00255,W003,LGA01,1,yes
BAN-003861,"BAN-003861  (Z. Bala, structure 203)",S00255,W003,LGA01,0,yes
BAN-003862,"BAN-003862  (I. Bala, structure 137)",S00194,W002,LGA01,4,yes
BAN-003863,"BAN-003863  (H. Zubi, structure 240)",S00194,W002,LGA01,3,yes
BAN-003864,"BAN-003864  (F. Nura, structure 118)",S00194,W002,LGA01,0,yes
BAN-003865,"BAN-003865  (Z. Kabo, structure 63)",S01116,W015,LGA01,1,yes
BAN-003866,"BAN-003866  (S. Gani, structure 39)",S01116,W015,LGA01,3,yes
BAN-003867,"BAN-003867  (F. Kabo, structure 47)",S01116,W015,LGA01,0,yes
BAN-003868,"BAN-003868  (K. Isa, structure 161)",S01116,W015,LGA01,1,yes
BAN-003869,"BAN-003869  (A. Jibo, structure 183)",S01116,W015,LGA01,1,yes
BAN-003870,"BAN-003870  (M. Umar, structure 49)",S02344,W037,LGA03,2,yes
BAN-003871,"BAN-003871  (U. Funo, structure 156)",S02004,W031,LGA03,3,yes
BAN-003872,"BAN-003872  (A. Haru, structure 167)",S00894,W011,LGA02,4,yes
BAN-003873,"BAN-003873  (I. Haru, structure 164)",S00894,W011,LGA02,1,yes
BAN-003874,"BAN-003874  (R. Kabo, structure 184)",S00894,W011,LGA02,3,yes
BAN-003875,"BAN-003875  (Z. Isa, structure 74)",S01786,W027,LGA03,3,yes
BAN-003876,"BAN-003876  (K. Pama, structure 138)",S01786,W027,LGA03,4,yes
BAN-003877,"BAN-003877  (A. Abu, structure 193)",S01077,W014,LGA01,3,yes
BAN-003878,"BAN-003878  (M. Bala, structure 33)",S01077,W014,LGA01,4,yes
BAN-003879,"BAN-003879  (Y. Musa, structure 28)",S01077,W014,LGA01,4,yes
BAN-003880,"BAN-003880  (S. Yaro, structure 16)",S01677,W025,LGA04,4,yes
BAN-003881,"BAN-003881  (H. Zubi, structure 72)",S01997,W031,LGA03,1,yes
BAN-003882,"BAN-003882  (M. Funo, structure 172)",S01997,W031,LGA03,4,yes
BAN-003883,"BAN-003883  (B. Zubi, structure 205)",S01997,W031,LGA03,4,yes
BAN-003884,"BAN-003884  (U. Musa, structure 154)",S01997,W031,LGA03,4,yes
BAN-003885,"BAN-003885  (A. Bala, structure 156)",S01536,W021,LGA02,3,yes
BAN-003886,"BAN-003886  (R. Jibo, structure 86)",S01536,W021,LGA02,3,yes
BAN-003887,"BAN-003887  (F. Dogo, structure 119)",S01536,W021,LGA02,0,no
BAN-003888,"BAN-003888  (M. Isa, structure 117)",S00828,W010,LGA02,4,yes
BAN-003889,"BAN-003889  (U. Jibo, structure 150)",S01135,W015,LGA01,0,yes
BAN-003890,"BAN-003890  (B. Ede, structure 86)",S01135,W015,LGA01,1,yes
BAN-003891,"BAN-003891  (A. Ede, structure 179)",S01748,W026,LGA03,2,yes
BAN-003892,"BAN-003892  (H. Oje, structure 19)",S01748,W026,LGA03,3,yes
BAN-003893,"BAN-003893  (R. Musa, structure 165)",S01748,W026,LGA03,1,yes
BAN-003894,"BAN-003894  (M. Sule, structure 90)",S01748,W026,LGA03,4,yes
BAN-003895,"BAN-003895  (F. Cham, structure 199)",S00655,W007,LGA01,2,yes
BAN-003896,"BAN-003896  (U. Tanko, structure 138)",S02388,W038,LGA03,2,yes
BAN-003897,"BAN-003897  (K. Musa, structure 246)",S02388,W038,LGA03,0,yes
BAN-003898,"BAN-003898  (K. Cham, structure 179)",S00504,W006,LGA01,1,yes
BAN-003899,"BAN-003899  (S. Gani, structure 206)",S00504,W006,LGA01,0,yes
BAN-003900,"BAN-003900  (S. Lami, structure 52)",S00504,W006,LGA01,4,yes
BAN-003901,"BAN-003901  (B. Rabi, structure 144)",S00504,W006,LGA01,1,yes
BAN-003902,"BAN-003902  (U. Rabi, structure 163)",S00504,W006,LGA01,3,yes
BAN-003903,"BAN-003903  (B. Haru, structure 243)",S01705,W025,LGA04,0,yes
BAN-003904,"BAN-003904  (B. Cham, structure 70)",S00375,W005,LGA02,4,no
BAN-003905,"BAN-003905  (U. Musa, structure 4)",S01022,W014,LGA01,3,yes
BAN-003906,"BAN-003906  (M. Jibo, structure 31)",S01022,W014,LGA01,2,yes
BAN-003907,"BAN-003907  (B. Umar, structure 179)",S01022,W014,LGA01,4,yes
BAN-003908,"BAN-003908  (M. Abu, structure 228)",S01419,W019,LGA04,2,yes
BAN-003909,"BAN-003909  (M. Gani, structure 154)",S01419,W019,LGA04,4,yes
BAN-003910,"BAN-003910  (S. Funo, structure 52)",S00825,W009,LGA02,1,yes
BAN-003911,"BAN-003911  (Y. Jibo, structure 149)",S00825,W009,LGA02,4,yes
BAN-003912,"BAN-003912  (A. Tanko, structure 44)",S00825,W009,LGA02,4,yes
BAN-003913,"BAN-003913  (Z. Zubi, structure 59)",S00684,W008,LGA01,2,yes
BAN-003914,"BAN-003914  (H. Umar, structure 170)",S00408,W006,LGA01,2,yes
BAN-003915,"BAN-003915  (A. Nura, structure 246)",S00408,W006,LGA01,0,yes
BAN-003916,"BAN-003916  (H. Lami, structure 19)",S02169,W034,LGA03,4,yes
BAN-003917,"BAN-003917  (K. Bala, structure 136)",S02169,W034,LGA03,2,yes
BAN-003918,"BAN-003918  (U. Musa, structure 201)",S02169,W034,LGA03,3,yes
BAN-003919,"BAN-003919  (H. Bala, structure 79)",S02169,W034,LGA03,2,yes
BAN-003920,"BAN-003920  (K. Haru, structure 58)",S00993,W013,LGA02,1,no
BAN-003921,"BAN-003921  (Y. Zubi, structure 19)",S00993,W013,LGA02,2,yes
BAN-003922,"BAN-003922  (K. Jibo, structure 136)",S00993,W013,LGA02,0,yes
BAN-003923,"BAN-003923  (S. Umar, structure 173)",S00993,W013,LGA02,1,yes
BAN-003924,"BAN-003924  (A. Nura, structure 114)",S01177,W015,LGA01,2,yes
BAN-003925,"BAN-003925  (B. Oje, structure 210)",S01177,W015,LGA01,0,yes
BAN-003926,"BAN-003926  (Z. Jibo, structure 122)",S01177,W015,LGA01,3,yes
BAN-003927,"BAN-003927  (M. Gani, structure 165)",S01177,W015,LGA01,1,yes
BAN-003928,"BAN-003928  (R. Kabo, structure 230)",S01093,W014,LGA01,4,yes
BAN-003929,"BAN-003929  (F. Tanko, structure 140)",S01093,W014,LGA01,0,yes
BAN-003930,"BAN-003930  (H. Musa, structure 39)",S01093,W014,LGA01,3,yes
BAN-003931,"BAN-003931  (R. Lami, structure 99)",S01093,W014,LGA01,0,yes
BAN-003932,"BAN-003932  (H. Oje, structure 210)",S02473,W040,LGA04,0,yes
BAN-003933,"BAN-003933  (M. Haru, structure 186)",S02473,W040,LGA04,4,yes
BAN-003934,"BAN-003934  (K. Abu, structure 97)",S01871,W029,LGA04,3,yes
BAN-003935,"BAN-003935  (Z. Isa, structure 21)",S02165,W034,LGA03,1,yes
BAN-003936,"BAN-003936  (S. Wada, structure 1)",S02165,W034,LGA03,1,yes
BAN-003937,"BAN-003937  (B. Dogo, structure 115)",S02165,W034,LGA03,4,yes
BAN-003938,"BAN-003938  (H. Kabo, structure 203)",S02165,W034,LGA03,3,yes
BAN-003939,"BAN-003939  (Y. Cham, structure 99)",S02165,W034,LGA03,3,yes
BAN-003940,"BAN-003940  (Y. Wada, structure 254)",S02164,W034,LGA03,3,yes
BAN-003941,"BAN-003941  (K. Haru, structure 96)",S02164,W034,LGA03,1,yes
BAN-003942,"BAN-003942  (Z. Wada, structure 251)",S02164,W034,LGA03,0,yes
BAN-003943,"BAN-003943  (A. Tanko, structure 249)",S00500,W006,LGA01,0,yes
BAN-003944,"BAN-003944  (B. Funo, structure 164)",S00500,W006,LGA01,4,no
BAN-003945,"BAN-003945  (A. Haru, structure 96)",S01937,W030,LGA04,2,yes
BAN-003946,"BAN-003946  (Y. Funo, structure 181)",S01937,W030,LGA04,1,no
BAN-003947,"BAN-003947  (F. Tanko, structure 56)",S01937,W030,LGA04,2,yes
BAN-003948,"BAN-003948  (B. Pama, structure 87)",S02460,W039,LGA04,3,no
BAN-003949,"BAN-003949  (Y. Zubi, structure 108)",S00633,W007,LGA01,0,yes
BAN-003950,"BAN-003950  (F. Zubi, structure 65)",S00633,W007,LGA01,0,yes
BAN-003951,"BAN-003951  (K. Umar, structure 148)",S01904,W029,LGA04,4,yes
BAN-003952,"BAN-003952  (Y. Sule, structure 241)",S01904,W029,LGA04,0,yes
BAN-003953,"BAN-003953  (S. Haru, structure 66)",S01904,W029,LGA04,0,yes
BAN-003954,"BAN-003954  (H. Kabo, structure 227)",S01904,W029,LGA04,3,yes
BAN-003955,"BAN-003955  (I. Pama, structure 42)",S02082,W032,LGA04,1,yes
BAN-003956,"BAN-003956  (F. Abu, structure 65)",S02082,W032,LGA04,3,yes
BAN-003957,"BAN-003957  (F. Nura, structure 88)",S02082,W032,LGA04,0,yes
BAN-003958,"BAN-003958  (K. Oje, structure 107)",S02082,W032,LGA04,2,no
BAN-003959,"BAN-003959  (A. Haru, structure 18)",S02082,W032,LGA04,1,yes
BAN-003960,"BAN-003960  (Z. Lami, structure 45)",S02082,W032,LGA04,2,yes
BAN-003961,"BAN-003961  (H. Sule, structure 249)",S02082,W032,LGA04,2,yes
BAN-003962,"BAN-003962  (U. Isa, structure 140)",S01398,W019,LGA04,2,yes
BAN-003963,"BAN-003963  (R. Kabo, structure 199)",S01398,W019,LGA04,1,yes
BAN-003964,"BAN-003964  (A. Dogo, structure 202)",S01398,W019,LGA04,1,no
BAN-003965,"BAN-003965  (F. Jibo, structure 180)",S01398,W019,LGA04,2,yes
BAN-003966,"BAN-003966  (U. Bala, structure 99)",S02025,W031,LGA03,3,yes
BAN-003967,"BAN-003967  (Z. Nura, structure 77)",S02025,W031,LGA03,2,yes
BAN-003968,"BAN-003968  (Z. Oje, structure 44)",S01869,W029,LGA04,4,yes
BAN-003969,"BAN-003969  (A. Wada, structure 209)",S01869,W029,LGA04,4,no
BAN-003970,"BAN-003970  (H. Musa, structure 195)",S01197,W015,LGA01,4,yes
BAN-003971,"BAN-003971  (S. Bala, structure 196)",S01197,W015,LGA01,3,yes
BAN-003972,"BAN-003972  (I. Dogo, structure 221)",S01197,W015,LGA01,3,yes
BAN-003973,"BAN-003973  (B. Jibo, structure 163)",S01817,W028,LGA04,2,yes
BAN-003974,"BAN-003974  (R. Haru, structure 195)",S01817,W028,LGA04,2,yes
BAN-003975,"BAN-003975  (B. Tanko, structure 154)",S01817,W028,LGA04,0,yes
BAN-003976,"BAN-003976  (Z. Kabo, structure 237)",S01817,W028,LGA04,2,yes
BAN-003977,"BAN-003977  (Y. Sule, structure 63)",S01817,W028,LGA04,4,yes
BAN-003978,"BAN-003978  (K. Wada, structure 94)",S01817,W028,LGA04,3,yes
BAN-003979,"BAN-003979  (Z. Umar, structure 255)",S01058,W014,LGA01,4,yes
BAN-003980,"BAN-003980  (H. Pama, structure 39)",S01252,W016,LGA02,1,yes
BAN-003981,"BAN-003981  (S. Dogo, structure 87)",S00855,W010,LGA02,1,yes
BAN-003982,"BAN-003982  (Y. Dogo, structure 113)",S01864,W029,LGA04,4,yes
